==============================================================================
⚡ Starting LAMMPS Build Process
Target: AMD EPYC (Zen 3/4) + NVIDIA GPU (Ampere)
Mode: Using GCC 11 (Conda) for optimal KOKKOS/CUDA compatibility
==============================================================================
Step 0/3: Cleaning old build artifacts...
Step 1/3: Configuring with CMake (MOST Preset + Stable Performance Flags)...
loading initial cache file ../cmake/presets/most.cmake
CMake Deprecation Warning at CMakeLists.txt:22 (cmake_policy):
  The OLD behavior for policy CMP0109 will be removed from a future version
  of CMake.

  The cmake-policies(7) manual explains that the OLD behaviors of all
  policies are deprecated and that a policy should be set to OLD only under
  specific short-term circumstances.  Projects should be ported to the NEW
  behavior and not rely on setting a policy to OLD.


CMake Deprecation Warning at CMakeLists.txt:26 (cmake_policy):
  The OLD behavior for policy CMP0135 will be removed from a future version
  of CMake.

  The cmake-policies(7) manual explains that the OLD behaviors of all
  policies are deprecated and that a policy should be set to OLD only under
  specific short-term circumstances.  Projects should be ported to the NEW
  behavior and not rely on setting a policy to OLD.


-- The CXX compiler identification is GNU 11.4.0
-- The C compiler identification is GNU 11.4.0
-- Detecting CXX compiler ABI info
-- Detecting CXX compiler ABI info - done
-- Check for working CXX compiler: /home/guest/miniconda3/envs/gchain/bin/x86_64-conda-linux-gnu-c++ - skipped
-- Detecting CXX compile features
-- Detecting CXX compile features - done
-- Detecting C compiler ABI info
-- Detecting C compiler ABI info - done
-- Check for working C compiler: /home/guest/miniconda3/envs/gchain/bin/x86_64-conda-linux-gnu-cc - skipped
-- Detecting C compile features
-- Detecting C compile features - done
-- Found Git: /home/guest/miniconda3/envs/gchain/bin/git (found version "2.52.0")
-- Running check for auto-generated files from make-based build system
-- Found MPI_CXX: /home/guest/miniconda3/envs/gchain/lib/libmpi.so (found version "3.1")
-- Found MPI: TRUE (found version "3.1") found components: CXX
-- Looking for C++ include omp.h
-- Looking for C++ include omp.h - found
-- Found OpenMP_CXX: -fopenmp (found version "4.5")
-- Found OpenMP: TRUE (found version "4.5") found components: CXX
-- Looking for sgemm_
-- Looking for sgemm_ - not found
-- Performing Test CMAKE_HAVE_LIBC_PTHREAD
-- Performing Test CMAKE_HAVE_LIBC_PTHREAD - Failed
-- Looking for pthread_create in pthreads
-- Looking for pthread_create in pthreads - not found
-- Looking for pthread_create in pthread
-- Looking for pthread_create in pthread - found
-- Found Threads: TRUE
-- Looking for sgemm_
-- Looking for sgemm_ - found
-- Found BLAS: /home/guest/miniconda3/envs/gchain/lib/libblas.so
-- Looking for cheev_
-- Looking for cheev_ - found
-- Found LAPACK: /home/guest/miniconda3/envs/gchain/lib/libblas.so;-lpthread;-lm;-ldl
-- Found JPEG: /home/guest/miniconda3/envs/gchain/lib/libjpeg.so (found version "80")
-- Found PNG: /home/guest/miniconda3/envs/gchain/lib/libpng.so (found version "1.6.58")
-- Found ZLIB: /home/guest/miniconda3/envs/gchain/lib/libz.so (found version "1.3.2")
-- Found GZIP: /usr/bin/gzip
-- Found FFMPEG: /home/guest/miniconda3/envs/gchain/bin/ffmpeg
-- Found PkgConfig: /usr/bin/pkg-config (found version "1.4.2")
-- Checking for module 'fftw3'
--   Package 'fftw3', required by 'virtual:world', not found
-- Found Python: /home/guest/miniconda3/envs/gchain/bin/python3.11 (found version "3.11.12") found components: Interpreter Development Development.Module Development.Embed
-- Could NOT find VORO (missing: VORO_LIBRARY VORO_INCLUDE_DIR) 
-- Voro++ download requested - we will build our own
-- Eigen3 download requested - we will build our own
-- Checking for module 'libzstd>=1.4'
--   Found libzstd, version 1.5.7
-- Found CURL: /home/guest/miniconda3/envs/gchain/lib/libcurl.so (found version "8.19.0")
-- Setting default Kokkos CXX standard to 17
-- Kokkos version: 4.6.2
-- The project name is: Kokkos
-- Using internal gtest for testing
nvcc warning : incompatible redefinition for option 'compiler-bindir', the last value of this option was used
-- Compiler Version: 12.4.131
-- kokkos_launch_compiler (/home/guest/palash/Granular-Chains-DEM/lammps/lib/kokkos/bin/kokkos_launch_compiler) is enabled...
-- Using -std=c++17 for C++17 standard as feature
-- Built-in Execution Spaces:
--     Device Parallel: Kokkos::Cuda
--     Host Parallel: Kokkos::OpenMP
--       Host Serial: NONE
-- 
-- Architectures:
--  ZEN3
--  AMPERE86
-- Found CUDAToolkit: /home/guest/miniconda3/envs/gchain/include (found version "12.4.131")
-- Found TPLLIBDL: /home/guest/miniconda3/envs/gchain/x86_64-conda-linux-gnu/sysroot/usr/include
-- Found OpenMP_CXX: -fopenmp (found suitable version "4.5", minimum required is "3.0")
-- Found OpenMP: TRUE (found suitable version "4.5", minimum required is "3.0") found components: CXX
-- Using internal desul_atomics copy
-- Experimental mdspan support is enabled
-- Looking for C++ include experimental/mdspan
-- Looking for C++ include experimental/mdspan - not found
-- Looking for C++ include mdspan
-- Looking for C++ include mdspan - not found
-- Using internal mdspan directory /home/guest/palash/Granular-Chains-DEM/lammps/lib/kokkos/tpls/mdspan/include
-- Kokkos Backends: OPENMP;CUDA
CMake Warning at Modules/Packages/KOKKOS.cmake:151 (message):
  Using KISS FFT with the CUDA backend of Kokkos may be sub-optimal.
Call Stack (most recent call first):
  CMakeLists.txt:733 (include)


-- Generating style headers...
-- Generating package headers...
-- Generating lmpinstalledpkgs.h...
-- Looking for a Fortran compiler
-- Looking for a Fortran compiler - /home/guest/miniconda3/envs/gchain/bin/x86_64-conda-linux-gnu-gfortran
-- The Fortran compiler identification is GNU 11.4.0
-- Detecting Fortran compiler ABI info
-- Detecting Fortran compiler ABI info - done
-- Check for working Fortran compiler: /home/guest/miniconda3/envs/gchain/bin/x86_64-conda-linux-gnu-gfortran - skipped
-- Checking for module 'fftw3'
--   Package 'fftw3', required by 'virtual:world', not found
-- Could NOT find FFTW3 (missing: FFTW3_LIBRARY FFTW3_INCLUDE_DIR) 
-- Found Python3: /home/guest/miniconda3/envs/gchain/bin/python3.11 (found version "3.11.12") found components: Interpreter
-- The following tools and libraries have been found and configured:
 * MPI
 * LAPACK
 * BLAS
 * JPEG
 * PNG
 * Python
 * Eigen3
 * ZLIB
 * CURL
 * Threads
 * CUDAToolkit
 * TPLLIBDL
 * OpenMP (required version >= 3.0)
 * PkgConfig
 * Python3

-- <<< Build configuration >>>
   LAMMPS Version:   2025.7.22.4 stable_22Jul2025_update4
   Operating System: Linux Rocky 8.8
   CMake Version:    4.3.1
   Build type:       
   Install path:     /home/guest/.local
   Generator:        Unix Makefiles using /usr/bin/gmake
-- Enabled packages: AMOEBA;ASPHERE;BOCS;BODY;BPM;BROWNIAN;CG-DNA;CG-SPICA;CLASS2;COLLOID;COLVARS;COMPRESS;CORESHELL;DIELECTRIC;DIFFRACTION;DIPOLE;DPD-BASIC;DPD-MESO;DPD-REACT;DPD-SMOOTH;DRUDE;EFF;ELECTRODE;EXTRA-COMMAND;EXTRA-COMPUTE;EXTRA-DUMP;EXTRA-FIX;EXTRA-MOLECULE;EXTRA-PAIR;FEP;GRANULAR;INTERLAYER;KOKKOS;KSPACE;LEPTON;MACHDYN;MANYBODY;MC;MEAM;MESONT;MISC;ML-IAP;ML-POD;ML-SNAP;ML-UF3;MOFFF;MOLECULE;OPENMP;OPT;ORIENT;PERI;PHONON;PLUGIN;POEMS;PYTHON;QEQ;REACTION;REAXFF;REPLICA;RHEO;RIGID;SHOCK;SPH;SPIN;SRD;TALLY;UEF;VORONOI;YAFF
-- <<< Compilers and Flags: >>>
-- C++ Compiler:     /home/guest/miniconda3/envs/gchain/bin/x86_64-conda-linux-gnu-c++
      Type:          GNU
      Version:       11.4.0
      C++ Standard:  17
      C++ Flags:    -fvisibility-inlines-hidden -fmessage-length=0 -march=nocona -mtune=haswell -ftree-vectorize -fPIC -fstack-protector-strong -fno-plt -O2 -ffunction-sections -pipe -isystem /home/guest/miniconda3/envs/gchain/include 
      Defines:       LAMMPS_SMALLBIG;LAMMPS_MEMALIGN=64;LAMMPS_OMP_COMPAT=4;LAMMPS_JPEG;LAMMPS_PNG;LAMMPS_GZIP;LAMMPS_FFMPEG;FFT_KISS;LMP_PYTHON;EIGEN_NO_CUDA;LAMMPS_ZSTD;LAMMPS_CURL;LMP_OPENMP;$<BUILD_INTERFACE:LMP_KOKKOS>;FFT_KOKKOS_KISS;LMP_PLUGIN
-- Fortran Compiler: /home/guest/miniconda3/envs/gchain/bin/x86_64-conda-linux-gnu-gfortran
      Type:          GNU
      Version:       11.4.0
      Fortran Flags:-march=nocona -mtune=haswell -ftree-vectorize -fPIC -fstack-protector-strong -fno-plt -O2 -ffunction-sections -pipe -isystem /home/guest/miniconda3/envs/gchain/include 
-- C compiler:       /home/guest/miniconda3/envs/gchain/bin/x86_64-conda-linux-gnu-cc
      Type:          GNU
      Version:       11.4.0
      C Flags:      -march=nocona -mtune=haswell -ftree-vectorize -fPIC -fstack-protector-strong -fno-plt -O2 -ffunction-sections -pipe -isystem /home/guest/miniconda3/envs/gchain/include 
-- <<< Linker flags: >>>
-- Executable name:  lmp
-- Executable linker flags: -Wl,-O2 -Wl,--sort-common -Wl,--as-needed -Wl,-z,relro -Wl,-z,now -Wl,--disable-new-dtags -Wl,--gc-sections -Wl,--allow-shlib-undefined -Wl,-rpath,/home/guest/miniconda3/envs/gchain/lib -Wl,-rpath-link,/home/guest/miniconda3/envs/gchain/lib -L/home/guest/miniconda3/envs/gchain/lib
-- Static library flags:    
-- <<< MPI flags >>>
-- MPI_defines:      MPICH_SKIP_MPICXX;OMPI_SKIP_MPICXX;_MPICC_H
-- MPI includes:     /home/guest/miniconda3/envs/gchain/include
-- MPI libraries:    /home/guest/miniconda3/envs/gchain/lib/libmpi.so;
-- Kokkos Devices: CUDA;CUDA_LAMBDA;OPENMP
-- Kokkos Architecture: AMPERE86;ZEN3
-- <<< FFT settings >>>
-- Primary FFT lib:  KISS
-- Using double precision FFTs
-- Using non-threaded FFTs
-- Using builtin distributed FFT algorithms
-- Kokkos FFT: KISS
-- <<< Building Tools >>>
-- Configuring done (3.7s)
-- Generating done (0.2s)
-- Build files have been written to: /home/guest/palash/Granular-Chains-DEM/lammps/build
Step 2/3: Compiling with 64 cores (this may take a few minutes)...
[  0%] Building CXX object lib/kokkos/simd/src/CMakeFiles/kokkossimd.dir/Kokkos_SIMD_dummy.cpp.o
[  0%] Generating includes/lammps/angle.h
-- Git Directory: /home/guest/palash/Granular-Chains-DEM/lammps/.git
[  0%] Creating directories for 'voro_build'
[  0%] Generating includes/lammps/atom.h
[  0%] Generating includes/lammps/bond.h
[  0%] Generating includes/lammps/dihedral.h
[  0%] Creating directories for 'Eigen3_build'
[  0%] Generating includes/lammps/command.h
[  0%] Generating includes/lammps/domain.h
[  0%] Generating includes/lammps/citeme.h
[  0%] Generating includes/lammps/compute.h
[  0%] Generating includes/lammps/error.h
[  0%] Building CXX object CMakeFiles/poems.dir/home/guest/palash/Granular-Chains-DEM/lammps/lib/poems/body.cpp.o
[  0%] Generating includes/lammps/comm.h
[  0%] Generating includes/lammps/exceptions.h
[  0%] Building CXX object CMakeFiles/poems.dir/home/guest/palash/Granular-Chains-DEM/lammps/lib/poems/body23joint.cpp.o
[  1%] Generating includes/lammps/force.h
[  1%] Generating includes/lammps/fix.h
[  1%] Building CXX object CMakeFiles/poems.dir/home/guest/palash/Granular-Chains-DEM/lammps/lib/poems/colmatmap.cpp.o
[  1%] Generating includes/lammps/group.h
[  1%] Building CXX object CMakeFiles/poems.dir/home/guest/palash/Granular-Chains-DEM/lammps/lib/poems/eulerparameters.cpp.o
[  1%] Generating includes/lammps/info.h
[  1%] Generating includes/lammps/input.h
[  1%] Building CXX object CMakeFiles/poems.dir/home/guest/palash/Granular-Chains-DEM/lammps/lib/poems/colmatrix.cpp.o
[  1%] Generating includes/lammps/improper.h
[  2%] Building CXX object CMakeFiles/lepton.dir/home/guest/palash/Granular-Chains-DEM/lammps/lib/lepton/src/CompiledExpression.cpp.o
[  2%] Building CXX object CMakeFiles/lepton.dir/home/guest/palash/Granular-Chains-DEM/lammps/lib/lepton/src/CompiledVectorExpression.cpp.o
[  2%] Generating includes/lammps/json_fwd.h
[  2%] Generating includes/lammps/json.h
[  2%] Building CXX object CMakeFiles/poems.dir/home/guest/palash/Granular-Chains-DEM/lammps/lib/poems/fastmatrixops.cpp.o
[  3%] Generating includes/lammps/kspace.h
[  3%] Generating includes/lammps/lattice.h
[  3%] Generating includes/lammps/lammps.h
[  3%] Generating includes/lammps/lmptype.h
[  3%] Generating includes/lammps/library.h
[  3%] Generating includes/lammps/lmppython.h
[  3%] Generating includes/lammps/memory.h
[  3%] Generating includes/lammps/neighbor.h
[  3%] Generating includes/lammps/modify.h
[  3%] Generating includes/lammps/output.h
[  3%] Generating includes/lammps/neigh_list.h
[  3%] Generating includes/lammps/platform.h
[  3%] Generating includes/lammps/pair.h
[  3%] Generating includes/lammps/pointers.h
[  3%] Generating includes/lammps/timer.h
[  3%] Generating includes/lammps/region.h
[  3%] Generating includes/lammps/universe.h
[  3%] Generating includes/lammps/update.h
[  3%] Generating includes/lammps/utils.h
[  3%] Generating includes/lammps/variable.h
[  3%] Generating includes/lammps/fmt/core.h
[  3%] Generating includes/lammps/fmt/format.h
[  3%] Generating includes/lammps/nlohmann/json_fwd.hpp
[  3%] Generating includes/lammps/nlohmann/json.hpp
[  3%] Building CXX object CMakeFiles/binary2txt.dir/home/guest/palash/Granular-Chains-DEM/lammps/tools/binary2txt.cpp.o
[  3%] Building CXX object CMakeFiles/stl_bin2txt.dir/home/guest/palash/Granular-Chains-DEM/lammps/tools/stl_bin2txt.cpp.o
[  3%] Building CXX object CMakeFiles/reformat-json.dir/home/guest/palash/Granular-Chains-DEM/lammps/tools/json/reformat-json.cpp.o
[  3%] Building CXX object lib/kokkos/core/src/CMakeFiles/kokkoscore.dir/impl/Kokkos_Abort.cpp.o
[  3%] Building CXX object phana_build/tricubic/CMakeFiles/tricubic.dir/tricubic.cpp.o
[  3%] Building C object CMakeFiles/msi2lmp.dir/home/guest/palash/Granular-Chains-DEM/lammps/tools/msi2lmp/src/CheckLists.c.o
[  4%] Creating directories for 'spglib_build'
[  4%] Building Fortran object CMakeFiles/chain.x.dir/home/guest/palash/Granular-Chains-DEM/lammps/tools/chain.f90.o
[  4%] Building Fortran object CMakeFiles/micelle2d.x.dir/home/guest/palash/Granular-Chains-DEM/lammps/tools/micelle2d.f90.o
[  4%] Built target angle.h
-- Generating lmpgitversion.h...
[  4%] Built target atom.h
[  4%] Built target bond.h
[  4%] Built target command.h
[  4%] Built target dihedral.h
[  4%] Built target compute.h
[  4%] Built target error.h
[  4%] Built target comm.h
[  4%] Built target domain.h
[  4%] Built target fix.h
[  4%] Built target citeme.h
[  4%] Built target force.h
[  4%] Built target input.h
[  4%] Built target group.h
[  4%] Built target info.h
[  4%] Built target exceptions.h
[  4%] Built target json.h
[  4%] Built target kspace.h
[  4%] Built target improper.h
[  4%] Built target json_fwd.h
[  4%] Built target lmptype.h
[  4%] Built target lammps.h
[  4%] Built target lattice.h
[  4%] Built target library.h
[  4%] Built target lmppython.h
[  4%] Built target memory.h
[  4%] Built target output.h
[  4%] Built target modify.h
[  4%] Built target neighbor.h
[  4%] Built target platform.h
[  4%] Built target timer.h
[  4%] Built target pair.h
[  4%] Built target universe.h
[  4%] Built target pointers.h
[  4%] Performing download step (download, verify and extract) for 'voro_build'
[  4%] Built target neigh_list.h
[  4%] Built target region.h
[  4%] Built target update.h
[  4%] Built target utils.h
[  4%] Built target fmt_core.h
[  4%] Built target variable.h
[  4%] Built target fmt_format.h
[  4%] Building CXX object lib/kokkos/core/src/CMakeFiles/kokkoscore.dir/impl/Kokkos_CPUDiscovery.cpp.o
[  4%] Built target json_json_fwd.hpp
[  4%] Building CXX object CMakeFiles/poems.dir/home/guest/palash/Granular-Chains-DEM/lammps/lib/poems/fixedpoint.cpp.o
[  4%] Building CXX object CMakeFiles/poems.dir/home/guest/palash/Granular-Chains-DEM/lammps/lib/poems/freebodyjoint.cpp.o
[  5%] Building C object CMakeFiles/msi2lmp.dir/home/guest/palash/Granular-Chains-DEM/lammps/tools/msi2lmp/src/GetParameters.c.o
[  5%] Building CXX object CMakeFiles/poems.dir/home/guest/palash/Granular-Chains-DEM/lammps/lib/poems/inertialframe.cpp.o
[  5%] Performing download step (download, verify and extract) for 'Eigen3_build'
[  5%] Built target json_json.hpp
[  5%] Building CXX object lib/kokkos/core/src/CMakeFiles/kokkoscore.dir/impl/Kokkos_Command_Line_Parsing.cpp.o
[  5%] Building CXX object CMakeFiles/poems.dir/home/guest/palash/Granular-Chains-DEM/lammps/lib/poems/joint.cpp.o
[  5%] Building C object CMakeFiles/msi2lmp.dir/home/guest/palash/Granular-Chains-DEM/lammps/tools/msi2lmp/src/InitializeItems.c.o
[  5%] Building CXX object lib/kokkos/core/src/CMakeFiles/kokkoscore.dir/impl/Kokkos_Core.cpp.o
[  6%] Building CXX object CMakeFiles/poems.dir/home/guest/palash/Granular-Chains-DEM/lammps/lib/poems/mat3x3.cpp.o
[  6%] Building CXX object CMakeFiles/lepton.dir/home/guest/palash/Granular-Chains-DEM/lammps/lib/lepton/src/ExpressionProgram.cpp.o
[  6%] Building CXX object lib/kokkos/core/src/CMakeFiles/kokkoscore.dir/impl/Kokkos_Error.cpp.o
[  6%] Building C object CMakeFiles/msi2lmp.dir/home/guest/palash/Granular-Chains-DEM/lammps/tools/msi2lmp/src/ReadCarFile.c.o
[  6%] Building CXX object lib/kokkos/core/src/CMakeFiles/kokkoscore.dir/impl/Kokkos_ExecPolicy.cpp.o
[  6%] Building CXX object CMakeFiles/lepton.dir/home/guest/palash/Granular-Chains-DEM/lammps/lib/lepton/src/ExpressionTreeNode.cpp.o
[  6%] Building C object CMakeFiles/msi2lmp.dir/home/guest/palash/Granular-Chains-DEM/lammps/tools/msi2lmp/src/SearchAndFill.c.o
[  6%] Building C object CMakeFiles/msi2lmp.dir/home/guest/palash/Granular-Chains-DEM/lammps/tools/msi2lmp/src/ReadMdfFile.c.o
[  6%] Building CXX object CMakeFiles/poems.dir/home/guest/palash/Granular-Chains-DEM/lammps/lib/poems/mat6x6.cpp.o
[  6%] Building C object CMakeFiles/msi2lmp.dir/home/guest/palash/Granular-Chains-DEM/lammps/tools/msi2lmp/src/ReadFrcFile.c.o
[  6%] Building C object CMakeFiles/msi2lmp.dir/home/guest/palash/Granular-Chains-DEM/lammps/tools/msi2lmp/src/MakeLists.c.o
[  6%] Building CXX object CMakeFiles/lepton.dir/home/guest/palash/Granular-Chains-DEM/lammps/lib/lepton/src/ParsedExpression.cpp.o
[  6%] Building C object CMakeFiles/msi2lmp.dir/home/guest/palash/Granular-Chains-DEM/lammps/tools/msi2lmp/src/WriteDataFile.c.o
[  6%] Building CXX object CMakeFiles/poems.dir/home/guest/palash/Granular-Chains-DEM/lammps/lib/poems/mat4x4.cpp.o
[  7%] Building CXX object lib/kokkos/core/src/CMakeFiles/kokkoscore.dir/impl/Kokkos_HostBarrier.cpp.o
[  7%] Building CXX object CMakeFiles/poems.dir/home/guest/palash/Granular-Chains-DEM/lammps/lib/poems/matrixfun.cpp.o
[  7%] Building CXX object CMakeFiles/poems.dir/home/guest/palash/Granular-Chains-DEM/lammps/lib/poems/matrix.cpp.o
[  7%] Building CXX object lib/kokkos/core/src/CMakeFiles/kokkoscore.dir/impl/Kokkos_HostSpace_deepcopy.cpp.o
[  7%] Building CXX object CMakeFiles/poems.dir/home/guest/palash/Granular-Chains-DEM/lammps/lib/poems/mixedjoint.cpp.o
[  7%] Building CXX object CMakeFiles/poems.dir/home/guest/palash/Granular-Chains-DEM/lammps/lib/poems/norm.cpp.o
[  7%] Building CXX object lib/kokkos/core/src/CMakeFiles/kokkoscore.dir/impl/Kokkos_HostThreadTeam.cpp.o
[  7%] Building CXX object lib/kokkos/core/src/CMakeFiles/kokkoscore.dir/impl/Kokkos_MemoryPool.cpp.o
[  7%] Building CXX object CMakeFiles/lepton.dir/home/guest/palash/Granular-Chains-DEM/lammps/lib/lepton/src/Operation.cpp.o
[  7%] Building CXX object lib/kokkos/core/src/CMakeFiles/kokkoscore.dir/impl/Kokkos_Profiling.cpp.o
[  7%] Building CXX object lib/kokkos/core/src/CMakeFiles/kokkoscore.dir/impl/Kokkos_HostSpace.cpp.o
[  7%] Building CXX object CMakeFiles/poems.dir/home/guest/palash/Granular-Chains-DEM/lammps/lib/poems/onbody.cpp.o
[  7%] Building CXX object CMakeFiles/lepton.dir/home/guest/palash/Granular-Chains-DEM/lammps/lib/lepton/src/Parser.cpp.o
-- Downloading...
   dst='/home/guest/palash/Granular-Chains-DEM/lammps/build/voro_build-prefix/src/voro++-0.4.6.tar.gz'
   timeout='none'
   inactivity timeout='none'
[  7%] Building C object CMakeFiles/msi2lmp.dir/home/guest/palash/Granular-Chains-DEM/lammps/tools/msi2lmp/src/msi2lmp.c.o
-- Using src='https://download.lammps.org/thirdparty/voro++-0.4.6.tar.gz'
[  7%] Building CXX object lib/kokkos/core/src/CMakeFiles/kokkoscore.dir/impl/Kokkos_SharedAlloc.cpp.o
[  7%] Building CXX object CMakeFiles/lepton.dir/home/guest/palash/Granular-Chains-DEM/lammps/lib/lepton/asmjit/arm/a64assembler.cpp.o
[  7%] Building CXX object CMakeFiles/lepton.dir/home/guest/palash/Granular-Chains-DEM/lammps/lib/lepton/asmjit/arm/a64builder.cpp.o
[  7%] Built target gitversion
[  7%] Building CXX object CMakeFiles/lepton.dir/home/guest/palash/Granular-Chains-DEM/lammps/lib/lepton/asmjit/arm/a64compiler.cpp.o
[  7%] Building CXX object CMakeFiles/lepton.dir/home/guest/palash/Granular-Chains-DEM/lammps/lib/lepton/asmjit/arm/a64emithelper.cpp.o
[  7%] Building CXX object CMakeFiles/lepton.dir/home/guest/palash/Granular-Chains-DEM/lammps/lib/lepton/asmjit/arm/a64formatter.cpp.o
-- Downloading...
   dst='/home/guest/palash/Granular-Chains-DEM/lammps/build/Eigen3_build-prefix/src/eigen-3.4.0.tar.gz'
   timeout='none'
   inactivity timeout='none'
-- Using src='https://download.lammps.org/thirdparty/eigen-3.4.0.tar.gz'
[  7%] Performing download step (download, verify and extract) for 'spglib_build'
[  7%] Building CXX object CMakeFiles/poems.dir/home/guest/palash/Granular-Chains-DEM/lammps/lib/poems/onfunctions.cpp.o
nvcc warning : incompatible redefinition for option 'compiler-bindir', the last value of this option was used
-- Downloading...
   dst='/home/guest/palash/Granular-Chains-DEM/lammps/build/phana_build/spglib_build_ext/src/v1.11.2.1.tar.gz'
   timeout='none'
   inactivity timeout='none'
-- Using src='https://github.com/spglib/spglib/archive/refs/tags/v1.11.2.1.tar.gz'
nvcc warning : incompatible redefinition for option 'compiler-bindir', the last value of this option was used
nvcc warning : incompatible redefinition for option 'compiler-bindir', the last value of this option was used
nvcc warning : incompatible redefinition for option 'compiler-bindir', the last value of this option was used
nvcc warning : incompatible redefinition for option 'compiler-bindir', the last value of this option was used
nvcc warning : incompatible redefinition for option 'compiler-bindir', the last value of this option was used
nvcc warning : incompatible redefinition for option 'compiler-bindir', the last value of this option was used
nvcc warning : incompatible redefinition for option 'compiler-bindir', the last value of this option was used
nvcc warning : incompatible redefinition for option 'compiler-bindir', the last value of this option was used
nvcc warning : incompatible redefinition for option 'compiler-bindir', the last value of this option was used
nvcc warning : incompatible redefinition for option 'compiler-bindir', the last value of this option was used
nvcc warning : incompatible redefinition for option 'compiler-bindir', the last value of this option was used
nvcc warning : incompatible redefinition for option 'compiler-bindir', the last value of this option was used
[  7%] Linking CXX static library libkokkossimd.a
[  7%] Building CXX object CMakeFiles/poems.dir/home/guest/palash/Granular-Chains-DEM/lammps/lib/poems/onsolver.cpp.o
[  7%] Building CXX object CMakeFiles/poems.dir/home/guest/palash/Granular-Chains-DEM/lammps/lib/poems/particle.cpp.o
[  7%] Linking CXX executable stl_bin2txt
[  7%] Building CXX object CMakeFiles/poems.dir/home/guest/palash/Granular-Chains-DEM/lammps/lib/poems/poemsobject.cpp.o
[  7%] Built target kokkossimd
[  7%] Building CXX object CMakeFiles/poems.dir/home/guest/palash/Granular-Chains-DEM/lammps/lib/poems/poemstreenode.cpp.o
[  7%] Linking CXX executable binary2txt
[  7%] Building CXX object lib/kokkos/core/src/CMakeFiles/kokkoscore.dir/impl/Kokkos_Stacktrace.cpp.o
nvcc warning : incompatible redefinition for option 'compiler-bindir', the last value of this option was used
[  7%] Building CXX object lib/kokkos/core/src/CMakeFiles/kokkoscore.dir/impl/Kokkos_hwloc.cpp.o
[  7%] Building CXX object lib/kokkos/core/src/CMakeFiles/kokkoscore.dir/Cuda/Kokkos_CudaSpace.cpp.o
[  7%] Linking Fortran executable micelle2d.x
[  7%] Building CXX object CMakeFiles/poems.dir/home/guest/palash/Granular-Chains-DEM/lammps/lib/poems/point.cpp.o
[  7%] Built target stl_bin2txt
[  7%] Building CXX object CMakeFiles/poems.dir/home/guest/palash/Granular-Chains-DEM/lammps/lib/poems/prismaticjoint.cpp.o
[  7%] Building CXX object CMakeFiles/poems.dir/home/guest/palash/Granular-Chains-DEM/lammps/lib/poems/revolutejoint.cpp.o
[  7%] Building CXX object CMakeFiles/poems.dir/home/guest/palash/Granular-Chains-DEM/lammps/lib/poems/rigidbody.cpp.o
[  7%] Building CXX object CMakeFiles/poems.dir/home/guest/palash/Granular-Chains-DEM/lammps/lib/poems/rowmatrix.cpp.o
nvcc warning : incompatible redefinition for option 'compiler-bindir', the last value of this option was used
[  7%] Linking Fortran executable chain.x
nvcc warning : incompatible redefinition for option 'compiler-bindir', the last value of this option was used
[  7%] Linking CXX static library libtricubic.a
[  7%] Built target binary2txt
[  7%] Building CXX object CMakeFiles/poems.dir/home/guest/palash/Granular-Chains-DEM/lammps/lib/poems/solver.cpp.o
[  7%] Built target tricubic
[  8%] Building CXX object CMakeFiles/poems.dir/home/guest/palash/Granular-Chains-DEM/lammps/lib/poems/sphericaljoint.cpp.o
[  8%] Building CXX object CMakeFiles/lepton.dir/home/guest/palash/Granular-Chains-DEM/lammps/lib/lepton/asmjit/arm/a64func.cpp.o
[  8%] Building CXX object CMakeFiles/poems.dir/home/guest/palash/Granular-Chains-DEM/lammps/lib/poems/system.cpp.o
[  8%] Built target micelle2d.x
[  8%] Building CXX object CMakeFiles/poems.dir/home/guest/palash/Granular-Chains-DEM/lammps/lib/poems/vect3.cpp.o
[  8%] Building CXX object lib/kokkos/core/src/CMakeFiles/kokkoscore.dir/Cuda/Kokkos_Cuda_Instance.cpp.o
[  8%] Built target chain.x
[  8%] Building CXX object lib/kokkos/core/src/CMakeFiles/kokkoscore.dir/Cuda/Kokkos_Cuda_Task.cpp.o
nvcc warning : incompatible redefinition for option 'compiler-bindir', the last value of this option was used
[  8%] Building CXX object lib/kokkos/core/src/CMakeFiles/kokkoscore.dir/OpenMP/Kokkos_OpenMP.cpp.o
[  8%] Building CXX object lib/kokkos/core/src/CMakeFiles/kokkoscore.dir/OpenMP/Kokkos_OpenMP_Instance.cpp.o
[  8%] Building CXX object lib/kokkos/core/src/CMakeFiles/kokkoscore.dir/OpenMP/Kokkos_OpenMP_Task.cpp.o
[  8%] Building CXX object lib/kokkos/core/src/CMakeFiles/kokkoscore.dir/home/guest/palash/Granular-Chains-DEM/lammps/lib/kokkos/tpls/desul/src/Lock_Array_CUDA.cpp.o
[  8%] Building CXX object CMakeFiles/poems.dir/home/guest/palash/Granular-Chains-DEM/lammps/lib/poems/vect4.cpp.o
[  8%] Building CXX object CMakeFiles/poems.dir/home/guest/palash/Granular-Chains-DEM/lammps/lib/poems/vect6.cpp.o
[  8%] Building CXX object CMakeFiles/poems.dir/home/guest/palash/Granular-Chains-DEM/lammps/lib/poems/virtualcolmatrix.cpp.o
[  8%] Building CXX object CMakeFiles/poems.dir/home/guest/palash/Granular-Chains-DEM/lammps/lib/poems/virtualmatrix.cpp.o
[  8%] Building CXX object CMakeFiles/lepton.dir/home/guest/palash/Granular-Chains-DEM/lammps/lib/lepton/asmjit/arm/a64instapi.cpp.o
nvcc warning : incompatible redefinition for option 'compiler-bindir', the last value of this option was used
nvcc warning : incompatible redefinition for option 'compiler-bindir', the last value of this option was used
[  8%] Building CXX object CMakeFiles/lepton.dir/home/guest/palash/Granular-Chains-DEM/lammps/lib/lepton/asmjit/arm/a64instdb.cpp.o
nvcc warning : incompatible redefinition for option 'compiler-bindir', the last value of this option was used
nvcc warning : incompatible redefinition for option 'compiler-bindir', the last value of this option was used
[  8%] Building CXX object CMakeFiles/lepton.dir/home/guest/palash/Granular-Chains-DEM/lammps/lib/lepton/asmjit/arm/a64operand.cpp.o
nvcc warning : incompatible redefinition for option 'compiler-bindir', the last value of this option was used
[  8%] Linking C executable msi2lmp
[  8%] Building CXX object CMakeFiles/poems.dir/home/guest/palash/Granular-Chains-DEM/lammps/lib/poems/virtualrowmatrix.cpp.o
[  8%] Building CXX object CMakeFiles/poems.dir/home/guest/palash/Granular-Chains-DEM/lammps/lib/poems/workspace.cpp.o
[  8%] Building CXX object CMakeFiles/lepton.dir/home/guest/palash/Granular-Chains-DEM/lammps/lib/lepton/asmjit/arm/a64rapass.cpp.o
[  8%] Building CXX object CMakeFiles/lepton.dir/home/guest/palash/Granular-Chains-DEM/lammps/lib/lepton/asmjit/arm/armformatter.cpp.o
[  8%] Building CXX object CMakeFiles/lepton.dir/home/guest/palash/Granular-Chains-DEM/lammps/lib/lepton/asmjit/core/archtraits.cpp.o
[  9%] Building CXX object CMakeFiles/lepton.dir/home/guest/palash/Granular-Chains-DEM/lammps/lib/lepton/asmjit/core/assembler.cpp.o
[  9%] Building CXX object CMakeFiles/lepton.dir/home/guest/palash/Granular-Chains-DEM/lammps/lib/lepton/asmjit/core/builder.cpp.o
[  9%] Building CXX object CMakeFiles/lepton.dir/home/guest/palash/Granular-Chains-DEM/lammps/lib/lepton/asmjit/core/codeholder.cpp.o
[  9%] Built target msi2lmp
[  9%] Building CXX object CMakeFiles/lepton.dir/home/guest/palash/Granular-Chains-DEM/lammps/lib/lepton/asmjit/core/codewriter.cpp.o
[  9%] Building CXX object CMakeFiles/lepton.dir/home/guest/palash/Granular-Chains-DEM/lammps/lib/lepton/asmjit/core/compiler.cpp.o
[  9%] Building CXX object CMakeFiles/lepton.dir/home/guest/palash/Granular-Chains-DEM/lammps/lib/lepton/asmjit/core/constpool.cpp.o
[  9%] Building CXX object CMakeFiles/lepton.dir/home/guest/palash/Granular-Chains-DEM/lammps/lib/lepton/asmjit/core/cpuinfo.cpp.o
[  9%] Building CXX object CMakeFiles/lepton.dir/home/guest/palash/Granular-Chains-DEM/lammps/lib/lepton/asmjit/core/emithelper.cpp.o
[  9%] Building CXX object CMakeFiles/lepton.dir/home/guest/palash/Granular-Chains-DEM/lammps/lib/lepton/asmjit/core/emitter.cpp.o
[  9%] Building CXX object CMakeFiles/lepton.dir/home/guest/palash/Granular-Chains-DEM/lammps/lib/lepton/asmjit/core/emitterutils.cpp.o
[  9%] Building CXX object CMakeFiles/lepton.dir/home/guest/palash/Granular-Chains-DEM/lammps/lib/lepton/asmjit/core/environment.cpp.o
[  9%] Building CXX object CMakeFiles/lepton.dir/home/guest/palash/Granular-Chains-DEM/lammps/lib/lepton/asmjit/core/errorhandler.cpp.o
[  9%] Building CXX object CMakeFiles/lepton.dir/home/guest/palash/Granular-Chains-DEM/lammps/lib/lepton/asmjit/core/formatter.cpp.o
[  9%] Building CXX object CMakeFiles/lepton.dir/home/guest/palash/Granular-Chains-DEM/lammps/lib/lepton/asmjit/core/func.cpp.o
[  9%] Building CXX object CMakeFiles/lepton.dir/home/guest/palash/Granular-Chains-DEM/lammps/lib/lepton/asmjit/core/funcargscontext.cpp.o
[  9%] Building CXX object CMakeFiles/lepton.dir/home/guest/palash/Granular-Chains-DEM/lammps/lib/lepton/asmjit/core/globals.cpp.o
[  9%] Building CXX object CMakeFiles/lepton.dir/home/guest/palash/Granular-Chains-DEM/lammps/lib/lepton/asmjit/core/inst.cpp.o
[  9%] Building CXX object CMakeFiles/lepton.dir/home/guest/palash/Granular-Chains-DEM/lammps/lib/lepton/asmjit/core/jitallocator.cpp.o
[  9%] Building CXX object CMakeFiles/lepton.dir/home/guest/palash/Granular-Chains-DEM/lammps/lib/lepton/asmjit/core/jitruntime.cpp.o
[ 10%] Building CXX object CMakeFiles/lepton.dir/home/guest/palash/Granular-Chains-DEM/lammps/lib/lepton/asmjit/core/logger.cpp.o
[ 10%] Building CXX object CMakeFiles/lepton.dir/home/guest/palash/Granular-Chains-DEM/lammps/lib/lepton/asmjit/core/operand.cpp.o
[ 10%] Building CXX object CMakeFiles/lepton.dir/home/guest/palash/Granular-Chains-DEM/lammps/lib/lepton/asmjit/core/osutils.cpp.o
[ 10%] Building CXX object CMakeFiles/lepton.dir/home/guest/palash/Granular-Chains-DEM/lammps/lib/lepton/asmjit/core/ralocal.cpp.o
[ 10%] Building CXX object CMakeFiles/lepton.dir/home/guest/palash/Granular-Chains-DEM/lammps/lib/lepton/asmjit/core/rapass.cpp.o
[ 10%] Building CXX object CMakeFiles/lepton.dir/home/guest/palash/Granular-Chains-DEM/lammps/lib/lepton/asmjit/core/rastack.cpp.o
[ 10%] Building CXX object CMakeFiles/lepton.dir/home/guest/palash/Granular-Chains-DEM/lammps/lib/lepton/asmjit/core/string.cpp.o
[ 10%] Building CXX object CMakeFiles/lepton.dir/home/guest/palash/Granular-Chains-DEM/lammps/lib/lepton/asmjit/core/support.cpp.o
[ 10%] Building CXX object CMakeFiles/lepton.dir/home/guest/palash/Granular-Chains-DEM/lammps/lib/lepton/asmjit/core/target.cpp.o
[ 10%] Building CXX object CMakeFiles/lepton.dir/home/guest/palash/Granular-Chains-DEM/lammps/lib/lepton/asmjit/core/type.cpp.o
[ 10%] Building CXX object CMakeFiles/lepton.dir/home/guest/palash/Granular-Chains-DEM/lammps/lib/lepton/asmjit/core/virtmem.cpp.o
[ 10%] Building CXX object CMakeFiles/lepton.dir/home/guest/palash/Granular-Chains-DEM/lammps/lib/lepton/asmjit/core/zone.cpp.o
[ 10%] Building CXX object CMakeFiles/lepton.dir/home/guest/palash/Granular-Chains-DEM/lammps/lib/lepton/asmjit/core/zonehash.cpp.o
[ 10%] Building CXX object CMakeFiles/lepton.dir/home/guest/palash/Granular-Chains-DEM/lammps/lib/lepton/asmjit/core/zonelist.cpp.o
[ 10%] Building CXX object CMakeFiles/lepton.dir/home/guest/palash/Granular-Chains-DEM/lammps/lib/lepton/asmjit/core/zonestack.cpp.o
[ 10%] Building CXX object CMakeFiles/lepton.dir/home/guest/palash/Granular-Chains-DEM/lammps/lib/lepton/asmjit/core/zonetree.cpp.o
[ 10%] Building CXX object CMakeFiles/lepton.dir/home/guest/palash/Granular-Chains-DEM/lammps/lib/lepton/asmjit/core/zonevector.cpp.o
[ 10%] Building CXX object CMakeFiles/lepton.dir/home/guest/palash/Granular-Chains-DEM/lammps/lib/lepton/asmjit/x86/x86assembler.cpp.o
[ 10%] Building CXX object CMakeFiles/lepton.dir/home/guest/palash/Granular-Chains-DEM/lammps/lib/lepton/asmjit/x86/x86builder.cpp.o
[ 11%] Building CXX object CMakeFiles/lepton.dir/home/guest/palash/Granular-Chains-DEM/lammps/lib/lepton/asmjit/x86/x86compiler.cpp.o
[ 11%] Building CXX object CMakeFiles/lepton.dir/home/guest/palash/Granular-Chains-DEM/lammps/lib/lepton/asmjit/x86/x86emithelper.cpp.o
[ 11%] Building CXX object CMakeFiles/lepton.dir/home/guest/palash/Granular-Chains-DEM/lammps/lib/lepton/asmjit/x86/x86formatter.cpp.o
[ 11%] Building CXX object CMakeFiles/lepton.dir/home/guest/palash/Granular-Chains-DEM/lammps/lib/lepton/asmjit/x86/x86func.cpp.o
[ 11%] Building CXX object CMakeFiles/lepton.dir/home/guest/palash/Granular-Chains-DEM/lammps/lib/lepton/asmjit/x86/x86instapi.cpp.o
[ 11%] Building CXX object CMakeFiles/lepton.dir/home/guest/palash/Granular-Chains-DEM/lammps/lib/lepton/asmjit/x86/x86instdb.cpp.o
[ 11%] Building CXX object CMakeFiles/lepton.dir/home/guest/palash/Granular-Chains-DEM/lammps/lib/lepton/asmjit/x86/x86operand.cpp.o
[ 11%] Building CXX object CMakeFiles/lepton.dir/home/guest/palash/Granular-Chains-DEM/lammps/lib/lepton/asmjit/x86/x86rapass.cpp.o
[ 11%] Linking CXX static library liblammps_poems.a
nvcc warning : incompatible redefinition for option 'compiler-bindir', the last value of this option was used
[ 11%] Built target poems
nvcc warning : incompatible redefinition for option 'compiler-bindir', the last value of this option was used
-- [download 2% complete]
-- [download 1% complete]
nvcc warning : incompatible redefinition for option 'compiler-bindir', the last value of this option was used
nvcc warning : incompatible redefinition for option 'compiler-bindir', the last value of this option was used
nvcc warning : incompatible redefinition for option 'compiler-bindir', the last value of this option was used
nvcc warning : incompatible redefinition for option 'compiler-bindir', the last value of this option was used
nvcc warning : incompatible redefinition for option 'compiler-bindir', the last value of this option was used
nvcc warning : incompatible redefinition for option 'compiler-bindir', the last value of this option was used
nvcc warning : incompatible redefinition for option 'compiler-bindir', the last value of this option was used
-- [download 4% complete]
-- [download 2% complete]
-- [download 6% complete]
-- [download 8% complete]
-- [download 3% complete]
-- [download 4% complete]
nvcc warning : incompatible redefinition for option 'compiler-bindir', the last value of this option was used
-- [download 10% complete]
-- [download 5% complete]
[ 11%] Linking CXX executable reformat-json
-- [download 14% complete]
[ 11%] Built target reformat-json
[ 11%] Linking CXX static library liblammps_lepton.a
-- [download 6% complete]
[ 11%] Built target lepton
[ 12%] Building CXX object CMakeFiles/colvars.dir/home/guest/palash/Granular-Chains-DEM/lammps/lib/colvars/colvar.cpp.o
[ 12%] Building CXX object CMakeFiles/colvars.dir/home/guest/palash/Granular-Chains-DEM/lammps/lib/colvars/colvar_neuralnetworkcompute.cpp.o
[ 12%] Building CXX object CMakeFiles/colvars.dir/home/guest/palash/Granular-Chains-DEM/lammps/lib/colvars/colvarbias.cpp.o
[ 12%] Building CXX object CMakeFiles/colvars.dir/home/guest/palash/Granular-Chains-DEM/lammps/lib/colvars/colvarbias_abmd.cpp.o
[ 12%] Building CXX object CMakeFiles/colvars.dir/home/guest/palash/Granular-Chains-DEM/lammps/lib/colvars/colvaratoms.cpp.o
[ 12%] Building CXX object CMakeFiles/colvars.dir/home/guest/palash/Granular-Chains-DEM/lammps/lib/colvars/colvarbias_opes.cpp.o
[ 12%] Building CXX object CMakeFiles/colvars.dir/home/guest/palash/Granular-Chains-DEM/lammps/lib/colvars/colvarbias_restraint.cpp.o
[ 12%] Building CXX object CMakeFiles/colvars.dir/home/guest/palash/Granular-Chains-DEM/lammps/lib/colvars/colvarbias_abf.cpp.o
[ 12%] Building CXX object CMakeFiles/colvars.dir/home/guest/palash/Granular-Chains-DEM/lammps/lib/colvars/colvarcomp_alchlambda.cpp.o
[ 12%] Building CXX object CMakeFiles/colvars.dir/home/guest/palash/Granular-Chains-DEM/lammps/lib/colvars/colvarcomp.cpp.o
[ 12%] Building CXX object CMakeFiles/colvars.dir/home/guest/palash/Granular-Chains-DEM/lammps/lib/colvars/colvarbias_alb.cpp.o
[ 12%] Building CXX object CMakeFiles/colvars.dir/home/guest/palash/Granular-Chains-DEM/lammps/lib/colvars/colvarbias_histogram.cpp.o
[ 12%] Building CXX object CMakeFiles/colvars.dir/home/guest/palash/Granular-Chains-DEM/lammps/lib/colvars/colvarcomp_angles.cpp.o
[ 12%] Building CXX object CMakeFiles/colvars.dir/home/guest/palash/Granular-Chains-DEM/lammps/lib/colvars/colvarcomp_apath.cpp.o
[ 12%] Building CXX object CMakeFiles/colvars.dir/home/guest/palash/Granular-Chains-DEM/lammps/lib/colvars/colvarbias_histogram_reweight_amd.cpp.o
[ 12%] Building CXX object CMakeFiles/colvars.dir/home/guest/palash/Granular-Chains-DEM/lammps/lib/colvars/colvarcomp_combination.cpp.o
[ 12%] Building CXX object CMakeFiles/colvars.dir/home/guest/palash/Granular-Chains-DEM/lammps/lib/colvars/colvarbias_meta.cpp.o
[ 12%] Building CXX object CMakeFiles/colvars.dir/home/guest/palash/Granular-Chains-DEM/lammps/lib/colvars/colvarcomp_coordnums.cpp.o
[ 12%] Building CXX object CMakeFiles/colvars.dir/home/guest/palash/Granular-Chains-DEM/lammps/lib/colvars/colvarcomp_distances.cpp.o
[ 13%] Building CXX object CMakeFiles/colvars.dir/home/guest/palash/Granular-Chains-DEM/lammps/lib/colvars/colvarcomp_neuralnetwork.cpp.o
[ 13%] Building CXX object CMakeFiles/colvars.dir/home/guest/palash/Granular-Chains-DEM/lammps/lib/colvars/colvarcomp_gpath.cpp.o
[ 13%] Building CXX object CMakeFiles/colvars.dir/home/guest/palash/Granular-Chains-DEM/lammps/lib/colvars/colvarcomp_protein.cpp.o
[ 13%] Building CXX object CMakeFiles/colvars.dir/home/guest/palash/Granular-Chains-DEM/lammps/lib/colvars/colvarcomp_torchann.cpp.o
[ 13%] Building CXX object CMakeFiles/colvars.dir/home/guest/palash/Granular-Chains-DEM/lammps/lib/colvars/colvarcomp_rotations.cpp.o
[ 13%] Building CXX object CMakeFiles/colvars.dir/home/guest/palash/Granular-Chains-DEM/lammps/lib/colvars/colvarcomp_volmaps.cpp.o
[ 13%] Building CXX object CMakeFiles/colvars.dir/home/guest/palash/Granular-Chains-DEM/lammps/lib/colvars/colvardeps.cpp.o
[ 13%] Building CXX object CMakeFiles/colvars.dir/home/guest/palash/Granular-Chains-DEM/lammps/lib/colvars/colvargrid.cpp.o
[ 13%] Building CXX object CMakeFiles/colvars.dir/home/guest/palash/Granular-Chains-DEM/lammps/lib/colvars/colvarmodule.cpp.o
[ 13%] Building CXX object CMakeFiles/colvars.dir/home/guest/palash/Granular-Chains-DEM/lammps/lib/colvars/colvarparams.cpp.o
[ 13%] Building CXX object CMakeFiles/colvars.dir/home/guest/palash/Granular-Chains-DEM/lammps/lib/colvars/colvarproxy.cpp.o
[ 13%] Building CXX object CMakeFiles/colvars.dir/home/guest/palash/Granular-Chains-DEM/lammps/lib/colvars/colvarproxy_io.cpp.o
[ 13%] Building CXX object CMakeFiles/colvars.dir/home/guest/palash/Granular-Chains-DEM/lammps/lib/colvars/colvarparse.cpp.o
[ 13%] Building CXX object CMakeFiles/colvars.dir/home/guest/palash/Granular-Chains-DEM/lammps/lib/colvars/colvarproxy_replicas.cpp.o
[ 13%] Building CXX object CMakeFiles/colvars.dir/home/guest/palash/Granular-Chains-DEM/lammps/lib/colvars/colvarproxy_system.cpp.o
[ 13%] Building CXX object CMakeFiles/colvars.dir/home/guest/palash/Granular-Chains-DEM/lammps/lib/colvars/colvarproxy_tcl.cpp.o
[ 13%] Building CXX object CMakeFiles/colvars.dir/home/guest/palash/Granular-Chains-DEM/lammps/lib/colvars/colvarproxy_volmaps.cpp.o
[ 13%] Building CXX object CMakeFiles/colvars.dir/home/guest/palash/Granular-Chains-DEM/lammps/lib/colvars/colvars_memstream.cpp.o
[ 13%] Building CXX object CMakeFiles/colvars.dir/home/guest/palash/Granular-Chains-DEM/lammps/lib/colvars/colvarscript.cpp.o
[ 14%] Building CXX object CMakeFiles/colvars.dir/home/guest/palash/Granular-Chains-DEM/lammps/lib/colvars/colvarscript_commands.cpp.o
[ 14%] Building CXX object CMakeFiles/colvars.dir/home/guest/palash/Granular-Chains-DEM/lammps/lib/colvars/colvarscript_commands_bias.cpp.o
[ 14%] Building CXX object CMakeFiles/colvars.dir/home/guest/palash/Granular-Chains-DEM/lammps/lib/colvars/colvarscript_commands_colvar.cpp.o
[ 14%] Building CXX object CMakeFiles/colvars.dir/home/guest/palash/Granular-Chains-DEM/lammps/lib/colvars/colvartypes.cpp.o
[ 14%] Building CXX object CMakeFiles/colvars.dir/home/guest/palash/Granular-Chains-DEM/lammps/lib/colvars/colvarvalue.cpp.o
-- [download 18% complete]
nvcc warning : incompatible redefinition for option 'compiler-bindir', the last value of this option was used
-- [download 7% complete]
-- [download 20% complete]
-- [download 22% complete]
-- [download 8% complete]
nvcc warning : incompatible redefinition for option 'compiler-bindir', the last value of this option was used
-- [download 24% complete]
nvcc warning : incompatible redefinition for option 'compiler-bindir', the last value of this option was used
nvcc warning : incompatible redefinition for option 'compiler-bindir', the last value of this option was used
nvcc warning : incompatible redefinition for option 'compiler-bindir', the last value of this option was used
nvcc warning : incompatible redefinition for option 'compiler-bindir', the last value of this option was used
nvcc warning : incompatible redefinition for option 'compiler-bindir', the last value of this option was used
-- [download 26% complete]
nvcc warning : incompatible redefinition for option 'compiler-bindir', the last value of this option was used
-- [download 9% complete]
nvcc warning : incompatible redefinition for option 'compiler-bindir', the last value of this option was used
nvcc warning : incompatible redefinition for option 'compiler-bindir', the last value of this option was used
-- [download 28% complete]
-- [download 10% complete]
nvcc warning : incompatible redefinition for option 'compiler-bindir', the last value of this option was used
-- [download 30% complete]
-- [download 32% complete]
-- [download 34% complete]
-- [download 36% complete]
-- [download 11% complete]
-- [download 38% complete]
-- [download 40% complete]
-- [download 42% complete]
-- [download 12% complete]
-- [download 45% complete]
-- [download 47% complete]
-- [download 13% complete]
nvcc warning : incompatible redefinition for option 'compiler-bindir', the last value of this option was used
-- [download 49% complete]
-- [download 51% complete]
[ 14%] Linking CXX static library liblammps_colvars.a
-- [download 53% complete]
[ 14%] Built target colvars
-- [download 55% complete]
[ 14%] Linking CXX static library libkokkoscore.a
[ 14%] Built target kokkoscore
[ 14%] Building CXX object lib/kokkos/containers/src/CMakeFiles/kokkoscontainers.dir/impl/Kokkos_UnorderedMap_impl.cpp.o
nvcc warning : incompatible redefinition for option 'compiler-bindir', the last value of this option was used
-- [download 57% complete]
-- verifying file...
       file='/home/guest/palash/Granular-Chains-DEM/lammps/build/phana_build/spglib_build_ext/src/v1.11.2.1.tar.gz'
-- Downloading... done
-- extracting...
     src='/home/guest/palash/Granular-Chains-DEM/lammps/build/phana_build/spglib_build_ext/src/v1.11.2.1.tar.gz'
     dst='/home/guest/palash/Granular-Chains-DEM/lammps/build/phana_build/spglib_build_ext/src/spglib_build'
-- extracting... [tar xf]
-- [download 59% complete]
-- extracting... [analysis]
-- extracting... [rename]
-- extracting... [clean up]
-- extracting... done
[ 14%] Performing update step for 'spglib_build'
[ 14%] No patch step for 'spglib_build'
[ 14%] Performing configure step for 'spglib_build'
-- [download 61% complete]
-- The C compiler identification is GNU 11.4.0
-- Detecting C compiler ABI info
-- Detecting C compiler ABI info - done
-- Check for working C compiler: /home/guest/miniconda3/envs/gchain/bin/x86_64-conda-linux-gnu-cc - skipped
-- Detecting C compile features
-- Detecting C compile features - done
-- Build type: RelWithDebInfo
-- Configuring done (0.2s)
-- Generating done (0.0s)
-- Build files have been written to: /home/guest/palash/Granular-Chains-DEM/lammps/build/phana_build/spglib_build_ext/src/spglib_build-build
[ 14%] Performing build step for 'spglib_build'
[  4%] Building C object CMakeFiles/symspg.dir/src/determination.c.o
[ 13%] Building C object CMakeFiles/symspg.dir/src/arithmetic.c.o
[ 13%] Building C object CMakeFiles/symspg.dir/src/hall_symbol.c.o
[ 27%] Building C object CMakeFiles/symspg.dir/src/kgrid.c.o
[ 27%] Building C object CMakeFiles/symspg.dir/src/debug.c.o
[ 27%] Building C object CMakeFiles/symspg.dir/src/kpoint.c.o
[ 31%] Building C object CMakeFiles/symspg.dir/src/cell.c.o
[ 36%] Building C object CMakeFiles/symspg.dir/src/mathfunc.c.o
[ 45%] Building C object CMakeFiles/symspg.dir/src/delaunay.c.o
[ 45%] Building C object CMakeFiles/symspg.dir/src/niggli.c.o
[ 50%] Building C object CMakeFiles/symspg.dir/src/overlap.c.o
[ 54%] Building C object CMakeFiles/symspg.dir/src/refinement.c.o
[ 59%] Building C object CMakeFiles/symspg.dir/src/site_symmetry.c.o
[ 63%] Building C object CMakeFiles/symspg.dir/src/spacegroup.c.o
[ 72%] Building C object CMakeFiles/symspg.dir/src/spglib.c.o
[ 72%] Building C object CMakeFiles/symspg.dir/src/spg_database.c.o
[ 81%] Building C object CMakeFiles/symspg.dir/src/sitesym_database.c.o
[ 81%] Building C object CMakeFiles/symspg.dir/src/pointgroup.c.o
[ 86%] Building C object CMakeFiles/symspg.dir/src/symmetry.c.o
[ 95%] Building C object CMakeFiles/symspg.dir/src/primitive.c.o
[ 95%] Building C object CMakeFiles/symspg.dir/src/spin.c.o
-- [download 14% complete]
In function 'set_dataset',
    inlined from 'get_dataset' at /home/guest/palash/Granular-Chains-DEM/lammps/build/phana_build/spglib_build_ext/src/spglib_build/src/spglib.c:1206:9:
/home/guest/palash/Granular-Chains-DEM/lammps/build/phana_build/spglib_build_ext/src/spglib_build/src/spglib.c:1394:3: warning: 'mat_copy_matrix_d3' accessing 72 bytes in a region of size 24 [-Wstringop-overflow=]
 1394 |   mat_copy_matrix_d3(dataset->std_rotation_matrix, exstr->rotation);
      |   ^~~~~~~~~~~~~~~~~~~~~~~~~~~~~~~~~~~~~~~~~~~~~~~~~~~~~~~~~~~~~~~~~
/home/guest/palash/Granular-Chains-DEM/lammps/build/phana_build/spglib_build_ext/src/spglib_build/src/spglib.c: In function 'get_dataset':
/home/guest/palash/Granular-Chains-DEM/lammps/build/phana_build/spglib_build_ext/src/spglib_build/src/spglib.c:1394:3: note: referencing argument 1 of type 'double (*)[3]'
In file included from /home/guest/palash/Granular-Chains-DEM/lammps/build/phana_build/spglib_build_ext/src/spglib_build/src/cell.h:38,
                 from /home/guest/palash/Granular-Chains-DEM/lammps/build/phana_build/spglib_build_ext/src/spglib_build/src/spglib.c:39:
/home/guest/palash/Granular-Chains-DEM/lammps/build/phana_build/spglib_build_ext/src/spglib_build/src/mathfunc.h:55:6: note: in a call to function 'mat_copy_matrix_d3'
   55 | void mat_copy_matrix_d3(double a[3][3], SPGCONST double b[3][3]);
      |      ^~~~~~~~~~~~~~~~~~
-- [download 63% complete]
[100%] Linking C static library libsymspg.a
[100%] Built target symspg
[ 14%] Performing install step for 'spglib_build'
-- Install configuration: "RelWithDebInfo"
-- Installing: /home/guest/palash/Granular-Chains-DEM/lammps/build/phana_build/spglib_build_ext/lib/libsymspg.a
-- Installing: /home/guest/palash/Granular-Chains-DEM/lammps/build/phana_build/spglib_build_ext/include/spglib.h
[ 14%] Completed 'spglib_build'
[ 14%] Built target spglib_build
[ 15%] Building CXX object phana_build/CMakeFiles/phana.dir/interpolate.cpp.o
[ 15%] Building CXX object phana_build/CMakeFiles/phana.dir/kpath.cpp.o
[ 15%] Building CXX object phana_build/CMakeFiles/phana.dir/input.cpp.o
[ 15%] Building CXX object phana_build/CMakeFiles/phana.dir/main.cpp.o
[ 15%] Building CXX object phana_build/CMakeFiles/phana.dir/memory.cpp.o
[ 15%] Building CXX object phana_build/CMakeFiles/phana.dir/dynmat.cpp.o
[ 15%] Building CXX object phana_build/CMakeFiles/phana.dir/disp.cpp.o
[ 15%] Building CXX object phana_build/CMakeFiles/phana.dir/phonopy.cpp.o
[ 15%] Building CXX object phana_build/CMakeFiles/phana.dir/green.cpp.o
[ 15%] Building CXX object phana_build/CMakeFiles/phana.dir/qnodes.cpp.o
[ 15%] Building CXX object phana_build/CMakeFiles/phana.dir/phonon.cpp.o
[ 15%] Building CXX object phana_build/CMakeFiles/phana.dir/timer.cpp.o
-- [download 65% complete]
-- [download 67% complete]
-- [download 15% complete]
-- [download 71% complete]
-- [download 73% complete]
-- [download 75% complete]
-- [download 77% complete]
-- [download 16% complete]
-- [download 79% complete]
-- [download 81% complete]
-- [download 83% complete]
-- [download 85% complete]
-- [download 87% complete]
-- [download 17% complete]
[ 15%] Linking CXX executable ../phana
-- [download 89% complete]
-- [download 18% complete]
[ 15%] Built target phana
-- [download 91% complete]
-- [download 93% complete]
-- [download 95% complete]
-- [download 97% complete]
-- [download 99% complete]
-- [download 100% complete]
-- verifying file...
       file='/home/guest/palash/Granular-Chains-DEM/lammps/build/voro_build-prefix/src/voro++-0.4.6.tar.gz'
-- Downloading... done
-- extracting...
     src='/home/guest/palash/Granular-Chains-DEM/lammps/build/voro_build-prefix/src/voro++-0.4.6.tar.gz'
     dst='/home/guest/palash/Granular-Chains-DEM/lammps/build/voro_build-prefix/src/voro_build'
-- extracting... [tar xf]
-- [download 19% complete]
-- extracting... [analysis]
-- extracting... [rename]
-- extracting... [clean up]
-- extracting... done
[ 16%] No update step for 'voro_build'
[ 16%] Performing patch step for 'voro_build'
patching file Makefile
patching file src/Makefile
[ 16%] No configure step for 'voro_build'
[ 16%] Performing build step for 'voro_build'
make[3]: warning: jobserver unavailable: using -j1.  Add '+' to parent make rule.
-- [download 20% complete]
nvcc warning : incompatible redefinition for option 'compiler-bindir', the last value of this option was used
-- [download 21% complete]
-- [download 22% complete]
[ 16%] Linking CXX static library libkokkoscontainers.a
[ 16%] Built target kokkoscontainers
-- [download 23% complete]
-- [download 24% complete]
-- [download 25% complete]
-- [download 26% complete]
-- [download 27% complete]
-- [download 28% complete]
-- [download 29% complete]
-- [download 30% complete]
-- [download 31% complete]
-- [download 32% complete]
-- [download 33% complete]
-- [download 34% complete]
-- [download 35% complete]
-- [download 36% complete]
-- [download 37% complete]
-- [download 38% complete]
-- [download 39% complete]
-- [download 40% complete]
-- [download 41% complete]
-- [download 42% complete]
-- [download 43% complete]
-- [download 44% complete]
-- [download 45% complete]
-- [download 46% complete]
-- [download 47% complete]
-- [download 48% complete]
-- [download 49% complete]
-- [download 50% complete]
-- [download 51% complete]
-- [download 52% complete]
-- [download 53% complete]
-- [download 54% complete]
-- [download 55% complete]
-- [download 56% complete]
-- [download 57% complete]
-- [download 58% complete]
-- [download 59% complete]
-- [download 60% complete]
-- [download 61% complete]
-- [download 62% complete]
-- [download 63% complete]
-- [download 64% complete]
-- [download 65% complete]
-- [download 66% complete]
-- [download 67% complete]
-- [download 68% complete]
-- [download 69% complete]
-- [download 70% complete]
-- [download 71% complete]
-- [download 72% complete]
-- [download 73% complete]
-- [download 74% complete]
-- [download 75% complete]
-- [download 76% complete]
-- [download 77% complete]
-- [download 78% complete]
-- [download 79% complete]
-- [download 80% complete]
-- [download 81% complete]
-- [download 82% complete]
-- [download 83% complete]
-- [download 84% complete]
-- [download 85% complete]
/home/guest/miniconda3/envs/gchain/bin/x86_64-conda-linux-gnu-ar: creating libvoro++.a
[ 16%] No install step for 'voro_build'
[ 16%] Completed 'voro_build'
[ 16%] Built target voro_build
-- [download 86% complete]
-- [download 87% complete]
-- [download 88% complete]
-- [download 89% complete]
-- [download 90% complete]
-- [download 91% complete]
-- [download 92% complete]
-- [download 93% complete]
-- [download 94% complete]
-- [download 95% complete]
-- [download 96% complete]
-- [download 97% complete]
-- [download 98% complete]
-- [download 99% complete]
-- [download 100% complete]
-- verifying file...
       file='/home/guest/palash/Granular-Chains-DEM/lammps/build/Eigen3_build-prefix/src/eigen-3.4.0.tar.gz'
-- Downloading... done
-- extracting...
     src='/home/guest/palash/Granular-Chains-DEM/lammps/build/Eigen3_build-prefix/src/eigen-3.4.0.tar.gz'
     dst='/home/guest/palash/Granular-Chains-DEM/lammps/build/Eigen3_build-prefix/src/Eigen3_build'
-- extracting... [tar xf]
-- extracting... [analysis]
-- extracting... [rename]
-- extracting... [clean up]
-- extracting... done
[ 16%] No update step for 'Eigen3_build'
[ 16%] No patch step for 'Eigen3_build'
[ 16%] No configure step for 'Eigen3_build'
[ 16%] No build step for 'Eigen3_build'
[ 16%] No install step for 'Eigen3_build'
[ 16%] Completed 'Eigen3_build'
[ 16%] Built target Eigen3_build
[ 16%] Building CXX object CMakeFiles/lammps.dir/home/guest/palash/Granular-Chains-DEM/lammps/src/angle_hybrid.cpp.o
[ 16%] Building CXX object CMakeFiles/lammps.dir/home/guest/palash/Granular-Chains-DEM/lammps/src/angle.cpp.o
[ 16%] Building CXX object CMakeFiles/lammps.dir/home/guest/palash/Granular-Chains-DEM/lammps/src/angle_deprecated.cpp.o
[ 16%] Building CXX object CMakeFiles/lammps.dir/home/guest/palash/Granular-Chains-DEM/lammps/src/atom_map.cpp.o
[ 16%] Building CXX object CMakeFiles/lammps.dir/home/guest/palash/Granular-Chains-DEM/lammps/src/atom_vec.cpp.o
[ 16%] Building CXX object CMakeFiles/lammps.dir/home/guest/palash/Granular-Chains-DEM/lammps/src/atom_vec_atomic.cpp.o
[ 16%] Building CXX object CMakeFiles/lammps.dir/home/guest/palash/Granular-Chains-DEM/lammps/src/angle_zero.cpp.o
[ 16%] Building CXX object CMakeFiles/lammps.dir/home/guest/palash/Granular-Chains-DEM/lammps/src/angle_write.cpp.o
[ 16%] Building CXX object CMakeFiles/lammps.dir/home/guest/palash/Granular-Chains-DEM/lammps/src/atom_vec_body.cpp.o
[ 16%] Building CXX object CMakeFiles/lammps.dir/home/guest/palash/Granular-Chains-DEM/lammps/src/arg_info.cpp.o
[ 16%] Building CXX object CMakeFiles/lammps.dir/home/guest/palash/Granular-Chains-DEM/lammps/src/atom_vec_charge.cpp.o
[ 16%] Building CXX object CMakeFiles/lammps.dir/home/guest/palash/Granular-Chains-DEM/lammps/src/atom.cpp.o
[ 16%] Building CXX object CMakeFiles/lammps.dir/home/guest/palash/Granular-Chains-DEM/lammps/src/atom_vec_hybrid.cpp.o
[ 16%] Building CXX object CMakeFiles/lammps.dir/home/guest/palash/Granular-Chains-DEM/lammps/src/atom_vec_line.cpp.o
[ 16%] Building CXX object CMakeFiles/lammps.dir/home/guest/palash/Granular-Chains-DEM/lammps/src/atom_vec_sphere.cpp.o
[ 16%] Building CXX object CMakeFiles/lammps.dir/home/guest/palash/Granular-Chains-DEM/lammps/src/atom_vec_tri.cpp.o
[ 16%] Building CXX object CMakeFiles/lammps.dir/home/guest/palash/Granular-Chains-DEM/lammps/src/balance.cpp.o
[ 16%] Building CXX object CMakeFiles/lammps.dir/home/guest/palash/Granular-Chains-DEM/lammps/src/bond.cpp.o
[ 16%] Building CXX object CMakeFiles/lammps.dir/home/guest/palash/Granular-Chains-DEM/lammps/src/atom_vec_ellipsoid.cpp.o
[ 17%] Building CXX object CMakeFiles/lammps.dir/home/guest/palash/Granular-Chains-DEM/lammps/src/body.cpp.o
[ 17%] Building CXX object CMakeFiles/lammps.dir/home/guest/palash/Granular-Chains-DEM/lammps/src/bond_deprecated.cpp.o
[ 17%] Building CXX object CMakeFiles/lammps.dir/home/guest/palash/Granular-Chains-DEM/lammps/src/bond_hybrid.cpp.o
[ 17%] Building CXX object CMakeFiles/lammps.dir/home/guest/palash/Granular-Chains-DEM/lammps/src/bond_zero.cpp.o
[ 17%] Building CXX object CMakeFiles/lammps.dir/home/guest/palash/Granular-Chains-DEM/lammps/src/change_box.cpp.o
[ 17%] Building CXX object CMakeFiles/lammps.dir/home/guest/palash/Granular-Chains-DEM/lammps/src/citeme.cpp.o
[ 17%] Building CXX object CMakeFiles/lammps.dir/home/guest/palash/Granular-Chains-DEM/lammps/src/comm.cpp.o
[ 17%] Building CXX object CMakeFiles/lammps.dir/home/guest/palash/Granular-Chains-DEM/lammps/src/comm_brick.cpp.o
[ 17%] Building CXX object CMakeFiles/lammps.dir/home/guest/palash/Granular-Chains-DEM/lammps/src/comm_tiled.cpp.o
[ 17%] Building CXX object CMakeFiles/lammps.dir/home/guest/palash/Granular-Chains-DEM/lammps/src/compute.cpp.o
[ 17%] Building CXX object CMakeFiles/lammps.dir/home/guest/palash/Granular-Chains-DEM/lammps/src/compute_aggregate_atom.cpp.o
[ 17%] Building CXX object CMakeFiles/lammps.dir/home/guest/palash/Granular-Chains-DEM/lammps/src/compute_angle.cpp.o
[ 17%] Building CXX object CMakeFiles/lammps.dir/home/guest/palash/Granular-Chains-DEM/lammps/src/compute_angle_local.cpp.o
[ 17%] Building CXX object CMakeFiles/lammps.dir/home/guest/palash/Granular-Chains-DEM/lammps/src/compute_angmom_chunk.cpp.o
[ 17%] Building CXX object CMakeFiles/lammps.dir/home/guest/palash/Granular-Chains-DEM/lammps/src/compute_bond.cpp.o
[ 17%] Building CXX object CMakeFiles/lammps.dir/home/guest/palash/Granular-Chains-DEM/lammps/src/compute_bond_local.cpp.o
[ 17%] Building CXX object CMakeFiles/lammps.dir/home/guest/palash/Granular-Chains-DEM/lammps/src/compute_centro_atom.cpp.o
[ 18%] Building CXX object CMakeFiles/lammps.dir/home/guest/palash/Granular-Chains-DEM/lammps/src/compute_chunk.cpp.o
[ 18%] Building CXX object CMakeFiles/lammps.dir/home/guest/palash/Granular-Chains-DEM/lammps/src/compute_centroid_stress_atom.cpp.o
[ 18%] Building CXX object CMakeFiles/lammps.dir/home/guest/palash/Granular-Chains-DEM/lammps/src/compute_chunk_atom.cpp.o
[ 18%] Building CXX object CMakeFiles/lammps.dir/home/guest/palash/Granular-Chains-DEM/lammps/src/compute_chunk_spread_atom.cpp.o
[ 18%] Building CXX object CMakeFiles/lammps.dir/home/guest/palash/Granular-Chains-DEM/lammps/src/compute_cluster_atom.cpp.o
[ 18%] Building CXX object CMakeFiles/lammps.dir/home/guest/palash/Granular-Chains-DEM/lammps/src/compute_cna_atom.cpp.o
[ 18%] Building CXX object CMakeFiles/lammps.dir/home/guest/palash/Granular-Chains-DEM/lammps/src/compute_com_chunk.cpp.o
[ 18%] Building CXX object CMakeFiles/lammps.dir/home/guest/palash/Granular-Chains-DEM/lammps/src/compute_com.cpp.o
[ 18%] Building CXX object CMakeFiles/lammps.dir/home/guest/palash/Granular-Chains-DEM/lammps/src/compute_count_type.cpp.o
[ 18%] Building CXX object CMakeFiles/lammps.dir/home/guest/palash/Granular-Chains-DEM/lammps/src/compute_coord_atom.cpp.o
[ 18%] Building CXX object CMakeFiles/lammps.dir/home/guest/palash/Granular-Chains-DEM/lammps/src/compute_deprecated.cpp.o
[ 18%] Building CXX object CMakeFiles/lammps.dir/home/guest/palash/Granular-Chains-DEM/lammps/src/compute_dihedral.cpp.o
[ 18%] Building CXX object CMakeFiles/lammps.dir/home/guest/palash/Granular-Chains-DEM/lammps/src/compute_dipole.cpp.o
[ 18%] Building CXX object CMakeFiles/lammps.dir/home/guest/palash/Granular-Chains-DEM/lammps/src/compute_displace_atom.cpp.o
[ 18%] Building CXX object CMakeFiles/lammps.dir/home/guest/palash/Granular-Chains-DEM/lammps/src/compute_dipole_chunk.cpp.o
[ 18%] Building CXX object CMakeFiles/lammps.dir/home/guest/palash/Granular-Chains-DEM/lammps/src/compute_dihedral_local.cpp.o
[ 18%] Building CXX object CMakeFiles/lammps.dir/home/guest/palash/Granular-Chains-DEM/lammps/src/compute_erotate_sphere.cpp.o
[ 18%] Building CXX object CMakeFiles/lammps.dir/home/guest/palash/Granular-Chains-DEM/lammps/src/compute_erotate_sphere_atom.cpp.o
[ 18%] Building CXX object CMakeFiles/lammps.dir/home/guest/palash/Granular-Chains-DEM/lammps/src/compute_fragment_atom.cpp.o
[ 18%] Building CXX object CMakeFiles/lammps.dir/home/guest/palash/Granular-Chains-DEM/lammps/src/compute_global_atom.cpp.o
[ 18%] Building CXX object CMakeFiles/lammps.dir/home/guest/palash/Granular-Chains-DEM/lammps/src/compute_gyration.cpp.o
[ 19%] Building CXX object CMakeFiles/lammps.dir/home/guest/palash/Granular-Chains-DEM/lammps/src/compute_group_group.cpp.o
[ 19%] Building CXX object CMakeFiles/lammps.dir/home/guest/palash/Granular-Chains-DEM/lammps/src/compute_gyration_chunk.cpp.o
[ 19%] Building CXX object CMakeFiles/lammps.dir/home/guest/palash/Granular-Chains-DEM/lammps/src/compute_improper_local.cpp.o
[ 19%] Building CXX object CMakeFiles/lammps.dir/home/guest/palash/Granular-Chains-DEM/lammps/src/compute_heat_flux.cpp.o
[ 19%] Building CXX object CMakeFiles/lammps.dir/home/guest/palash/Granular-Chains-DEM/lammps/src/compute_improper.cpp.o
[ 19%] Building CXX object CMakeFiles/lammps.dir/home/guest/palash/Granular-Chains-DEM/lammps/src/compute_inertia_chunk.cpp.o
[ 19%] Building CXX object CMakeFiles/lammps.dir/home/guest/palash/Granular-Chains-DEM/lammps/src/compute_ke.cpp.o
nvcc warning : incompatible redefinition for option 'compiler-bindir', the last value of this option was used
nvcc warning : incompatible redefinition for option 'compiler-bindir', the last value of this option was used
nvcc warning : incompatible redefinition for option 'compiler-bindir', the last value of this option was used
nvcc warning : incompatible redefinition for option 'compiler-bindir', the last value of this option was used
nvcc warning : incompatible redefinition for option 'compiler-bindir', the last value of this option was used
nvcc warning : incompatible redefinition for option 'compiler-bindir', the last value of this option was used
nvcc warning : incompatible redefinition for option 'compiler-bindir', the last value of this option was used
nvcc warning : incompatible redefinition for option 'compiler-bindir', the last value of this option was used
nvcc warning : incompatible redefinition for option 'compiler-bindir', the last value of this option was used
nvcc warning : incompatible redefinition for option 'compiler-bindir', the last value of this option was used
nvcc warning : incompatible redefinition for option 'compiler-bindir', the last value of this option was used
nvcc warning : incompatible redefinition for option 'compiler-bindir', the last value of this option was used
nvcc warning : incompatible redefinition for option 'compiler-bindir', the last value of this option was used
nvcc warning : incompatible redefinition for option 'compiler-bindir', the last value of this option was used
nvcc warning : incompatible redefinition for option 'compiler-bindir', the last value of this option was used
nvcc warning : incompatible redefinition for option 'compiler-bindir', the last value of this option was used
nvcc warning : incompatible redefinition for option 'compiler-bindir', the last value of this option was used
nvcc warning : incompatible redefinition for option 'compiler-bindir', the last value of this option was used
nvcc warning : incompatible redefinition for option 'compiler-bindir', the last value of this option was used
nvcc warning : incompatible redefinition for option 'compiler-bindir', the last value of this option was used
nvcc warning : incompatible redefinition for option 'compiler-bindir', the last value of this option was used
nvcc warning : incompatible redefinition for option 'compiler-bindir', the last value of this option was used
nvcc warning : incompatible redefinition for option 'compiler-bindir', the last value of this option was used
nvcc warning : incompatible redefinition for option 'compiler-bindir', the last value of this option was used
nvcc warning : incompatible redefinition for option 'compiler-bindir', the last value of this option was used
nvcc warning : incompatible redefinition for option 'compiler-bindir', the last value of this option was used
nvcc warning : incompatible redefinition for option 'compiler-bindir', the last value of this option was used
nvcc warning : incompatible redefinition for option 'compiler-bindir', the last value of this option was used
nvcc warning : incompatible redefinition for option 'compiler-bindir', the last value of this option was used
nvcc warning : incompatible redefinition for option 'compiler-bindir', the last value of this option was used
nvcc warning : incompatible redefinition for option 'compiler-bindir', the last value of this option was used
nvcc warning : incompatible redefinition for option 'compiler-bindir', the last value of this option was used
nvcc warning : incompatible redefinition for option 'compiler-bindir', the last value of this option was used
nvcc warning : incompatible redefinition for option 'compiler-bindir', the last value of this option was used
nvcc warning : incompatible redefinition for option 'compiler-bindir', the last value of this option was used
nvcc warning : incompatible redefinition for option 'compiler-bindir', the last value of this option was used
nvcc warning : incompatible redefinition for option 'compiler-bindir', the last value of this option was used
nvcc warning : incompatible redefinition for option 'compiler-bindir', the last value of this option was used
nvcc warning : incompatible redefinition for option 'compiler-bindir', the last value of this option was used
nvcc warning : incompatible redefinition for option 'compiler-bindir', the last value of this option was used
nvcc warning : incompatible redefinition for option 'compiler-bindir', the last value of this option was used
nvcc warning : incompatible redefinition for option 'compiler-bindir', the last value of this option was used
nvcc warning : incompatible redefinition for option 'compiler-bindir', the last value of this option was used
nvcc warning : incompatible redefinition for option 'compiler-bindir', the last value of this option was used
nvcc warning : incompatible redefinition for option 'compiler-bindir', the last value of this option was used
nvcc warning : incompatible redefinition for option 'compiler-bindir', the last value of this option was used
nvcc warning : incompatible redefinition for option 'compiler-bindir', the last value of this option was used
nvcc warning : incompatible redefinition for option 'compiler-bindir', the last value of this option was used
nvcc warning : incompatible redefinition for option 'compiler-bindir', the last value of this option was used
nvcc warning : incompatible redefinition for option 'compiler-bindir', the last value of this option was used
nvcc warning : incompatible redefinition for option 'compiler-bindir', the last value of this option was used
nvcc warning : incompatible redefinition for option 'compiler-bindir', the last value of this option was used
nvcc warning : incompatible redefinition for option 'compiler-bindir', the last value of this option was used
nvcc warning : incompatible redefinition for option 'compiler-bindir', the last value of this option was used
nvcc warning : incompatible redefinition for option 'compiler-bindir', the last value of this option was used
nvcc warning : incompatible redefinition for option 'compiler-bindir', the last value of this option was used
nvcc warning : incompatible redefinition for option 'compiler-bindir', the last value of this option was used
nvcc warning : incompatible redefinition for option 'compiler-bindir', the last value of this option was used
nvcc warning : incompatible redefinition for option 'compiler-bindir', the last value of this option was used
nvcc warning : incompatible redefinition for option 'compiler-bindir', the last value of this option was used
nvcc warning : incompatible redefinition for option 'compiler-bindir', the last value of this option was used
nvcc warning : incompatible redefinition for option 'compiler-bindir', the last value of this option was used
nvcc warning : incompatible redefinition for option 'compiler-bindir', the last value of this option was used
nvcc warning : incompatible redefinition for option 'compiler-bindir', the last value of this option was used
nvcc warning : incompatible redefinition for option 'compiler-bindir', the last value of this option was used
[ 19%] Building CXX object CMakeFiles/lammps.dir/home/guest/palash/Granular-Chains-DEM/lammps/src/compute_ke_atom.cpp.o
nvcc warning : incompatible redefinition for option 'compiler-bindir', the last value of this option was used
nvcc warning : incompatible redefinition for option 'compiler-bindir', the last value of this option was used
nvcc warning : incompatible redefinition for option 'compiler-bindir', the last value of this option was used
nvcc warning : incompatible redefinition for option 'compiler-bindir', the last value of this option was used
nvcc warning : incompatible redefinition for option 'compiler-bindir', the last value of this option was used
nvcc warning : incompatible redefinition for option 'compiler-bindir', the last value of this option was used
nvcc warning : incompatible redefinition for option 'compiler-bindir', the last value of this option was used
nvcc warning : incompatible redefinition for option 'compiler-bindir', the last value of this option was used
nvcc warning : incompatible redefinition for option 'compiler-bindir', the last value of this option was used
[ 19%] Building CXX object CMakeFiles/lammps.dir/home/guest/palash/Granular-Chains-DEM/lammps/src/compute_msd.cpp.o
nvcc warning : incompatible redefinition for option 'compiler-bindir', the last value of this option was used
nvcc warning : incompatible redefinition for option 'compiler-bindir', the last value of this option was used
nvcc warning : incompatible redefinition for option 'compiler-bindir', the last value of this option was used
[ 19%] Building CXX object CMakeFiles/lammps.dir/home/guest/palash/Granular-Chains-DEM/lammps/src/compute_msd_chunk.cpp.o
nvcc warning : incompatible redefinition for option 'compiler-bindir', the last value of this option was used
nvcc warning : incompatible redefinition for option 'compiler-bindir', the last value of this option was used
nvcc warning : incompatible redefinition for option 'compiler-bindir', the last value of this option was used
nvcc warning : incompatible redefinition for option 'compiler-bindir', the last value of this option was used
nvcc warning : incompatible redefinition for option 'compiler-bindir', the last value of this option was used
nvcc warning : incompatible redefinition for option 'compiler-bindir', the last value of this option was used
nvcc warning : incompatible redefinition for option 'compiler-bindir', the last value of this option was used
[ 19%] Building CXX object CMakeFiles/lammps.dir/home/guest/palash/Granular-Chains-DEM/lammps/src/compute_omega_chunk.cpp.o
[ 19%] Building CXX object CMakeFiles/lammps.dir/home/guest/palash/Granular-Chains-DEM/lammps/src/compute_orientorder_atom.cpp.o
nvcc warning : incompatible redefinition for option 'compiler-bindir', the last value of this option was used
nvcc warning : incompatible redefinition for option 'compiler-bindir', the last value of this option was used
[ 19%] Building CXX object CMakeFiles/lammps.dir/home/guest/palash/Granular-Chains-DEM/lammps/src/compute_pair.cpp.o
nvcc warning : incompatible redefinition for option 'compiler-bindir', the last value of this option was used
nvcc warning : incompatible redefinition for option 'compiler-bindir', the last value of this option was used
nvcc warning : incompatible redefinition for option 'compiler-bindir', the last value of this option was used
nvcc warning : incompatible redefinition for option 'compiler-bindir', the last value of this option was used
nvcc warning : incompatible redefinition for option 'compiler-bindir', the last value of this option was used
[ 19%] Building CXX object CMakeFiles/lammps.dir/home/guest/palash/Granular-Chains-DEM/lammps/src/compute_pair_local.cpp.o
nvcc warning : incompatible redefinition for option 'compiler-bindir', the last value of this option was used
nvcc warning : incompatible redefinition for option 'compiler-bindir', the last value of this option was used
nvcc warning : incompatible redefinition for option 'compiler-bindir', the last value of this option was used
nvcc warning : incompatible redefinition for option 'compiler-bindir', the last value of this option was used
nvcc warning : incompatible redefinition for option 'compiler-bindir', the last value of this option was used
nvcc warning : incompatible redefinition for option 'compiler-bindir', the last value of this option was used
nvcc warning : incompatible redefinition for option 'compiler-bindir', the last value of this option was used
nvcc warning : incompatible redefinition for option 'compiler-bindir', the last value of this option was used
nvcc warning : incompatible redefinition for option 'compiler-bindir', the last value of this option was used
nvcc warning : incompatible redefinition for option 'compiler-bindir', the last value of this option was used
nvcc warning : incompatible redefinition for option 'compiler-bindir', the last value of this option was used
[ 19%] Building CXX object CMakeFiles/lammps.dir/home/guest/palash/Granular-Chains-DEM/lammps/src/compute_pe.cpp.o
nvcc warning : incompatible redefinition for option 'compiler-bindir', the last value of this option was used
[ 19%] Building CXX object CMakeFiles/lammps.dir/home/guest/palash/Granular-Chains-DEM/lammps/src/compute_pe_atom.cpp.o
nvcc warning : incompatible redefinition for option 'compiler-bindir', the last value of this option was used
nvcc warning : incompatible redefinition for option 'compiler-bindir', the last value of this option was used
[ 19%] Building CXX object CMakeFiles/lammps.dir/home/guest/palash/Granular-Chains-DEM/lammps/src/compute_pressure.cpp.o
nvcc warning : incompatible redefinition for option 'compiler-bindir', the last value of this option was used
nvcc warning : incompatible redefinition for option 'compiler-bindir', the last value of this option was used
[ 19%] Building CXX object CMakeFiles/lammps.dir/home/guest/palash/Granular-Chains-DEM/lammps/src/compute_property_atom.cpp.o
nvcc warning : incompatible redefinition for option 'compiler-bindir', the last value of this option was used
nvcc warning : incompatible redefinition for option 'compiler-bindir', the last value of this option was used
nvcc warning : incompatible redefinition for option 'compiler-bindir', the last value of this option was used
nvcc warning : incompatible redefinition for option 'compiler-bindir', the last value of this option was used
[ 19%] Building CXX object CMakeFiles/lammps.dir/home/guest/palash/Granular-Chains-DEM/lammps/src/compute_property_chunk.cpp.o
nvcc warning : incompatible redefinition for option 'compiler-bindir', the last value of this option was used
nvcc warning : incompatible redefinition for option 'compiler-bindir', the last value of this option was used
nvcc warning : incompatible redefinition for option 'compiler-bindir', the last value of this option was used
nvcc warning : incompatible redefinition for option 'compiler-bindir', the last value of this option was used
[ 20%] Building CXX object CMakeFiles/lammps.dir/home/guest/palash/Granular-Chains-DEM/lammps/src/compute_property_grid.cpp.o
[ 20%] Building CXX object CMakeFiles/lammps.dir/home/guest/palash/Granular-Chains-DEM/lammps/src/compute_property_local.cpp.o
nvcc warning : incompatible redefinition for option 'compiler-bindir', the last value of this option was used
nvcc warning : incompatible redefinition for option 'compiler-bindir', the last value of this option was used
[ 20%] Building CXX object CMakeFiles/lammps.dir/home/guest/palash/Granular-Chains-DEM/lammps/src/compute_reduce.cpp.o
[ 20%] Building CXX object CMakeFiles/lammps.dir/home/guest/palash/Granular-Chains-DEM/lammps/src/compute_rdf.cpp.o
nvcc warning : incompatible redefinition for option 'compiler-bindir', the last value of this option was used
[ 20%] Building CXX object CMakeFiles/lammps.dir/home/guest/palash/Granular-Chains-DEM/lammps/src/compute_reduce_region.cpp.o
[ 20%] Building CXX object CMakeFiles/lammps.dir/home/guest/palash/Granular-Chains-DEM/lammps/src/compute_reduce_chunk.cpp.o
nvcc warning : incompatible redefinition for option 'compiler-bindir', the last value of this option was used
nvcc warning : incompatible redefinition for option 'compiler-bindir', the last value of this option was used
nvcc warning : incompatible redefinition for option 'compiler-bindir', the last value of this option was used
nvcc warning : incompatible redefinition for option 'compiler-bindir', the last value of this option was used
nvcc warning : incompatible redefinition for option 'compiler-bindir', the last value of this option was used
[ 20%] Building CXX object CMakeFiles/lammps.dir/home/guest/palash/Granular-Chains-DEM/lammps/src/compute_slice.cpp.o
nvcc warning : incompatible redefinition for option 'compiler-bindir', the last value of this option was used
[ 20%] Building CXX object CMakeFiles/lammps.dir/home/guest/palash/Granular-Chains-DEM/lammps/src/compute_stress_atom.cpp.o
[ 20%] Building CXX object CMakeFiles/lammps.dir/home/guest/palash/Granular-Chains-DEM/lammps/src/compute_temp.cpp.o
nvcc warning : incompatible redefinition for option 'compiler-bindir', the last value of this option was used
nvcc warning : incompatible redefinition for option 'compiler-bindir', the last value of this option was used
[ 20%] Building CXX object CMakeFiles/lammps.dir/home/guest/palash/Granular-Chains-DEM/lammps/src/compute_temp_chunk.cpp.o
nvcc warning : incompatible redefinition for option 'compiler-bindir', the last value of this option was used
nvcc warning : incompatible redefinition for option 'compiler-bindir', the last value of this option was used
nvcc warning : incompatible redefinition for option 'compiler-bindir', the last value of this option was used
nvcc warning : incompatible redefinition for option 'compiler-bindir', the last value of this option was used
[ 20%] Building CXX object CMakeFiles/lammps.dir/home/guest/palash/Granular-Chains-DEM/lammps/src/compute_temp_com.cpp.o
nvcc warning : incompatible redefinition for option 'compiler-bindir', the last value of this option was used
nvcc warning : incompatible redefinition for option 'compiler-bindir', the last value of this option was used
nvcc warning : incompatible redefinition for option 'compiler-bindir', the last value of this option was used
[ 20%] Building CXX object CMakeFiles/lammps.dir/home/guest/palash/Granular-Chains-DEM/lammps/src/compute_temp_deform.cpp.o
nvcc warning : incompatible redefinition for option 'compiler-bindir', the last value of this option was used
[ 20%] Building CXX object CMakeFiles/lammps.dir/home/guest/palash/Granular-Chains-DEM/lammps/src/compute_temp_partial.cpp.o
[ 20%] Building CXX object CMakeFiles/lammps.dir/home/guest/palash/Granular-Chains-DEM/lammps/src/compute_temp_profile.cpp.o
[ 20%] Building CXX object CMakeFiles/lammps.dir/home/guest/palash/Granular-Chains-DEM/lammps/src/compute_temp_ramp.cpp.o
nvcc warning : incompatible redefinition for option 'compiler-bindir', the last value of this option was used
nvcc warning : incompatible redefinition for option 'compiler-bindir', the last value of this option was used
[ 20%] Building CXX object CMakeFiles/lammps.dir/home/guest/palash/Granular-Chains-DEM/lammps/src/compute_temp_region.cpp.o
nvcc warning : incompatible redefinition for option 'compiler-bindir', the last value of this option was used
[ 20%] Building CXX object CMakeFiles/lammps.dir/home/guest/palash/Granular-Chains-DEM/lammps/src/compute_temp_sphere.cpp.o
nvcc warning : incompatible redefinition for option 'compiler-bindir', the last value of this option was used
nvcc warning : incompatible redefinition for option 'compiler-bindir', the last value of this option was used
[ 20%] Building CXX object CMakeFiles/lammps.dir/home/guest/palash/Granular-Chains-DEM/lammps/src/compute_torque_chunk.cpp.o
[ 20%] Building CXX object CMakeFiles/lammps.dir/home/guest/palash/Granular-Chains-DEM/lammps/src/compute_vacf.cpp.o
[ 21%] Building CXX object CMakeFiles/lammps.dir/home/guest/palash/Granular-Chains-DEM/lammps/src/compute_vacf_chunk.cpp.o
[ 21%] Building CXX object CMakeFiles/lammps.dir/home/guest/palash/Granular-Chains-DEM/lammps/src/compute_vcm_chunk.cpp.o
nvcc warning : incompatible redefinition for option 'compiler-bindir', the last value of this option was used
nvcc warning : incompatible redefinition for option 'compiler-bindir', the last value of this option was used
[ 21%] Building CXX object CMakeFiles/lammps.dir/home/guest/palash/Granular-Chains-DEM/lammps/src/create_atoms.cpp.o
nvcc warning : incompatible redefinition for option 'compiler-bindir', the last value of this option was used
[ 21%] Building CXX object CMakeFiles/lammps.dir/home/guest/palash/Granular-Chains-DEM/lammps/src/create_bonds.cpp.o
[ 21%] Building CXX object CMakeFiles/lammps.dir/home/guest/palash/Granular-Chains-DEM/lammps/src/create_box.cpp.o
[ 21%] Building CXX object CMakeFiles/lammps.dir/home/guest/palash/Granular-Chains-DEM/lammps/src/delete_atoms.cpp.o
[ 21%] Building CXX object CMakeFiles/lammps.dir/home/guest/palash/Granular-Chains-DEM/lammps/src/delete_bonds.cpp.o
[ 21%] Building CXX object CMakeFiles/lammps.dir/home/guest/palash/Granular-Chains-DEM/lammps/src/deprecated.cpp.o
nvcc warning : incompatible redefinition for option 'compiler-bindir', the last value of this option was used
nvcc warning : incompatible redefinition for option 'compiler-bindir', the last value of this option was used
[ 21%] Building CXX object CMakeFiles/lammps.dir/home/guest/palash/Granular-Chains-DEM/lammps/src/dihedral.cpp.o
nvcc warning : incompatible redefinition for option 'compiler-bindir', the last value of this option was used
nvcc warning : incompatible redefinition for option 'compiler-bindir', the last value of this option was used
nvcc warning : incompatible redefinition for option 'compiler-bindir', the last value of this option was used
[ 21%] Building CXX object CMakeFiles/lammps.dir/home/guest/palash/Granular-Chains-DEM/lammps/src/dihedral_deprecated.cpp.o
nvcc warning : incompatible redefinition for option 'compiler-bindir', the last value of this option was used
[ 21%] Building CXX object CMakeFiles/lammps.dir/home/guest/palash/Granular-Chains-DEM/lammps/src/dihedral_hybrid.cpp.o
[ 21%] Building CXX object CMakeFiles/lammps.dir/home/guest/palash/Granular-Chains-DEM/lammps/src/dihedral_write.cpp.o
nvcc warning : incompatible redefinition for option 'compiler-bindir', the last value of this option was used
[ 21%] Building CXX object CMakeFiles/lammps.dir/home/guest/palash/Granular-Chains-DEM/lammps/src/dihedral_zero.cpp.o
nvcc warning : incompatible redefinition for option 'compiler-bindir', the last value of this option was used
[ 21%] Building CXX object CMakeFiles/lammps.dir/home/guest/palash/Granular-Chains-DEM/lammps/src/displace_atoms.cpp.o
nvcc warning : incompatible redefinition for option 'compiler-bindir', the last value of this option was used
nvcc warning : incompatible redefinition for option 'compiler-bindir', the last value of this option was used
nvcc warning : incompatible redefinition for option 'compiler-bindir', the last value of this option was used
[ 21%] Building CXX object CMakeFiles/lammps.dir/home/guest/palash/Granular-Chains-DEM/lammps/src/domain.cpp.o
nvcc warning : incompatible redefinition for option 'compiler-bindir', the last value of this option was used
nvcc warning : incompatible redefinition for option 'compiler-bindir', the last value of this option was used
nvcc warning : incompatible redefinition for option 'compiler-bindir', the last value of this option was used
nvcc warning : incompatible redefinition for option 'compiler-bindir', the last value of this option was used
nvcc warning : incompatible redefinition for option 'compiler-bindir', the last value of this option was used
nvcc warning : incompatible redefinition for option 'compiler-bindir', the last value of this option was used
nvcc warning : incompatible redefinition for option 'compiler-bindir', the last value of this option was used
nvcc warning : incompatible redefinition for option 'compiler-bindir', the last value of this option was used
[ 21%] Building CXX object CMakeFiles/lammps.dir/home/guest/palash/Granular-Chains-DEM/lammps/src/dump.cpp.o
[ 21%] Building CXX object CMakeFiles/lammps.dir/home/guest/palash/Granular-Chains-DEM/lammps/src/dump_atom.cpp.o
nvcc warning : incompatible redefinition for option 'compiler-bindir', the last value of this option was used
nvcc warning : incompatible redefinition for option 'compiler-bindir', the last value of this option was used
nvcc warning : incompatible redefinition for option 'compiler-bindir', the last value of this option was used
nvcc warning : incompatible redefinition for option 'compiler-bindir', the last value of this option was used
[ 21%] Building CXX object CMakeFiles/lammps.dir/home/guest/palash/Granular-Chains-DEM/lammps/src/dump_cfg.cpp.o
nvcc warning : incompatible redefinition for option 'compiler-bindir', the last value of this option was used
[ 21%] Building CXX object CMakeFiles/lammps.dir/home/guest/palash/Granular-Chains-DEM/lammps/src/dump_custom.cpp.o
nvcc warning : incompatible redefinition for option 'compiler-bindir', the last value of this option was used
nvcc warning : incompatible redefinition for option 'compiler-bindir', the last value of this option was used
[ 22%] Building CXX object CMakeFiles/lammps.dir/home/guest/palash/Granular-Chains-DEM/lammps/src/dump_deprecated.cpp.o
[ 22%] Building CXX object CMakeFiles/lammps.dir/home/guest/palash/Granular-Chains-DEM/lammps/src/dump_grid.cpp.o
[ 22%] Building CXX object CMakeFiles/lammps.dir/home/guest/palash/Granular-Chains-DEM/lammps/src/dump_grid_vtk.cpp.o
nvcc warning : incompatible redefinition for option 'compiler-bindir', the last value of this option was used
nvcc warning : incompatible redefinition for option 'compiler-bindir', the last value of this option was used
[ 22%] Building CXX object CMakeFiles/lammps.dir/home/guest/palash/Granular-Chains-DEM/lammps/src/dump_image.cpp.o
nvcc warning : incompatible redefinition for option 'compiler-bindir', the last value of this option was used
[ 22%] Building CXX object CMakeFiles/lammps.dir/home/guest/palash/Granular-Chains-DEM/lammps/src/dump_local.cpp.o
nvcc warning : incompatible redefinition for option 'compiler-bindir', the last value of this option was used
nvcc warning : incompatible redefinition for option 'compiler-bindir', the last value of this option was used
nvcc warning : incompatible redefinition for option 'compiler-bindir', the last value of this option was used
nvcc warning : incompatible redefinition for option 'compiler-bindir', the last value of this option was used
[ 22%] Building CXX object CMakeFiles/lammps.dir/home/guest/palash/Granular-Chains-DEM/lammps/src/dump_movie.cpp.o
nvcc warning : incompatible redefinition for option 'compiler-bindir', the last value of this option was used
nvcc warning : incompatible redefinition for option 'compiler-bindir', the last value of this option was used
[ 22%] Building CXX object CMakeFiles/lammps.dir/home/guest/palash/Granular-Chains-DEM/lammps/src/dump_xyz.cpp.o
nvcc warning : incompatible redefinition for option 'compiler-bindir', the last value of this option was used
nvcc warning : incompatible redefinition for option 'compiler-bindir', the last value of this option was used
nvcc warning : incompatible redefinition for option 'compiler-bindir', the last value of this option was used
nvcc warning : incompatible redefinition for option 'compiler-bindir', the last value of this option was used
[ 22%] Building CXX object CMakeFiles/lammps.dir/home/guest/palash/Granular-Chains-DEM/lammps/src/error.cpp.o
nvcc warning : incompatible redefinition for option 'compiler-bindir', the last value of this option was used
[ 22%] Building CXX object CMakeFiles/lammps.dir/home/guest/palash/Granular-Chains-DEM/lammps/src/finish.cpp.o
nvcc warning : incompatible redefinition for option 'compiler-bindir', the last value of this option was used
nvcc warning : incompatible redefinition for option 'compiler-bindir', the last value of this option was used
[ 22%] Building CXX object CMakeFiles/lammps.dir/home/guest/palash/Granular-Chains-DEM/lammps/src/fix.cpp.o
nvcc warning : incompatible redefinition for option 'compiler-bindir', the last value of this option was used
[ 22%] Building CXX object CMakeFiles/lammps.dir/home/guest/palash/Granular-Chains-DEM/lammps/src/fix_adapt.cpp.o
nvcc warning : incompatible redefinition for option 'compiler-bindir', the last value of this option was used
nvcc warning : incompatible redefinition for option 'compiler-bindir', the last value of this option was used
[ 22%] Building CXX object CMakeFiles/lammps.dir/home/guest/palash/Granular-Chains-DEM/lammps/src/fix_addforce.cpp.o
nvcc warning : incompatible redefinition for option 'compiler-bindir', the last value of this option was used
nvcc warning : incompatible redefinition for option 'compiler-bindir', the last value of this option was used
nvcc warning : incompatible redefinition for option 'compiler-bindir', the last value of this option was used
[ 22%] Building CXX object CMakeFiles/lammps.dir/home/guest/palash/Granular-Chains-DEM/lammps/src/fix_ave_atom.cpp.o
nvcc warning : incompatible redefinition for option 'compiler-bindir', the last value of this option was used
nvcc warning : incompatible redefinition for option 'compiler-bindir', the last value of this option was used
nvcc warning : incompatible redefinition for option 'compiler-bindir', the last value of this option was used
nvcc warning : incompatible redefinition for option 'compiler-bindir', the last value of this option was used
nvcc warning : incompatible redefinition for option 'compiler-bindir', the last value of this option was used
nvcc warning : incompatible redefinition for option 'compiler-bindir', the last value of this option was used
nvcc warning : incompatible redefinition for option 'compiler-bindir', the last value of this option was used
nvcc warning : incompatible redefinition for option 'compiler-bindir', the last value of this option was used
[ 22%] Building CXX object CMakeFiles/lammps.dir/home/guest/palash/Granular-Chains-DEM/lammps/src/fix_ave_chunk.cpp.o
nvcc warning : incompatible redefinition for option 'compiler-bindir', the last value of this option was used
nvcc warning : incompatible redefinition for option 'compiler-bindir', the last value of this option was used
nvcc warning : incompatible redefinition for option 'compiler-bindir', the last value of this option was used
nvcc warning : incompatible redefinition for option 'compiler-bindir', the last value of this option was used
nvcc warning : incompatible redefinition for option 'compiler-bindir', the last value of this option was used
[ 22%] Building CXX object CMakeFiles/lammps.dir/home/guest/palash/Granular-Chains-DEM/lammps/src/fix_ave_correlate.cpp.o
nvcc warning : incompatible redefinition for option 'compiler-bindir', the last value of this option was used
nvcc warning : incompatible redefinition for option 'compiler-bindir', the last value of this option was used
nvcc warning : incompatible redefinition for option 'compiler-bindir', the last value of this option was used
nvcc warning : incompatible redefinition for option 'compiler-bindir', the last value of this option was used
[ 22%] Building CXX object CMakeFiles/lammps.dir/home/guest/palash/Granular-Chains-DEM/lammps/src/fix_ave_grid.cpp.o
[ 22%] Building CXX object CMakeFiles/lammps.dir/home/guest/palash/Granular-Chains-DEM/lammps/src/fix_ave_histo.cpp.o
nvcc warning : incompatible redefinition for option 'compiler-bindir', the last value of this option was used
nvcc warning : incompatible redefinition for option 'compiler-bindir', the last value of this option was used
[ 22%] Building CXX object CMakeFiles/lammps.dir/home/guest/palash/Granular-Chains-DEM/lammps/src/fix_ave_histo_weight.cpp.o
nvcc warning : incompatible redefinition for option 'compiler-bindir', the last value of this option was used
nvcc warning : incompatible redefinition for option 'compiler-bindir', the last value of this option was used
nvcc warning : incompatible redefinition for option 'compiler-bindir', the last value of this option was used
[ 22%] Building CXX object CMakeFiles/lammps.dir/home/guest/palash/Granular-Chains-DEM/lammps/src/fix_ave_time.cpp.o
nvcc warning : incompatible redefinition for option 'compiler-bindir', the last value of this option was used
nvcc warning : incompatible redefinition for option 'compiler-bindir', the last value of this option was used
nvcc warning : incompatible redefinition for option 'compiler-bindir', the last value of this option was used
nvcc warning : incompatible redefinition for option 'compiler-bindir', the last value of this option was used
[ 23%] Building CXX object CMakeFiles/lammps.dir/home/guest/palash/Granular-Chains-DEM/lammps/src/fix_aveforce.cpp.o
nvcc warning : incompatible redefinition for option 'compiler-bindir', the last value of this option was used
nvcc warning : incompatible redefinition for option 'compiler-bindir', the last value of this option was used
nvcc warning : incompatible redefinition for option 'compiler-bindir', the last value of this option was used
nvcc warning : incompatible redefinition for option 'compiler-bindir', the last value of this option was used
nvcc warning : incompatible redefinition for option 'compiler-bindir', the last value of this option was used
nvcc warning : incompatible redefinition for option 'compiler-bindir', the last value of this option was used
nvcc warning : incompatible redefinition for option 'compiler-bindir', the last value of this option was used
[ 23%] Building CXX object CMakeFiles/lammps.dir/home/guest/palash/Granular-Chains-DEM/lammps/src/fix_balance.cpp.o
nvcc warning : incompatible redefinition for option 'compiler-bindir', the last value of this option was used
nvcc warning : incompatible redefinition for option 'compiler-bindir', the last value of this option was used
nvcc warning : incompatible redefinition for option 'compiler-bindir', the last value of this option was used
nvcc warning : incompatible redefinition for option 'compiler-bindir', the last value of this option was used
nvcc warning : incompatible redefinition for option 'compiler-bindir', the last value of this option was used
nvcc warning : incompatible redefinition for option 'compiler-bindir', the last value of this option was used
[ 23%] Building CXX object CMakeFiles/lammps.dir/home/guest/palash/Granular-Chains-DEM/lammps/src/fix_bond_history.cpp.o
[ 23%] Building CXX object CMakeFiles/lammps.dir/home/guest/palash/Granular-Chains-DEM/lammps/src/fix_box_relax.cpp.o
[ 23%] Building CXX object CMakeFiles/lammps.dir/home/guest/palash/Granular-Chains-DEM/lammps/src/fix_deform.cpp.o
[ 23%] Building CXX object CMakeFiles/lammps.dir/home/guest/palash/Granular-Chains-DEM/lammps/src/fix_deposit.cpp.o
nvcc warning : incompatible redefinition for option 'compiler-bindir', the last value of this option was used
nvcc warning : incompatible redefinition for option 'compiler-bindir', the last value of this option was used
[ 23%] Building CXX object CMakeFiles/lammps.dir/home/guest/palash/Granular-Chains-DEM/lammps/src/fix_deprecated.cpp.o
[ 23%] Building CXX object CMakeFiles/lammps.dir/home/guest/palash/Granular-Chains-DEM/lammps/src/fix_dt_reset.cpp.o
[ 23%] Building CXX object CMakeFiles/lammps.dir/home/guest/palash/Granular-Chains-DEM/lammps/src/fix_dummy.cpp.o
[ 23%] Building CXX object CMakeFiles/lammps.dir/home/guest/palash/Granular-Chains-DEM/lammps/src/fix_efield.cpp.o
nvcc warning : incompatible redefinition for option 'compiler-bindir', the last value of this option was used
[ 23%] Building CXX object CMakeFiles/lammps.dir/home/guest/palash/Granular-Chains-DEM/lammps/src/fix_enforce2d.cpp.o
nvcc warning : incompatible redefinition for option 'compiler-bindir', the last value of this option was used
[ 23%] Building CXX object CMakeFiles/lammps.dir/home/guest/palash/Granular-Chains-DEM/lammps/src/fix_evaporate.cpp.o
nvcc warning : incompatible redefinition for option 'compiler-bindir', the last value of this option was used
nvcc warning : incompatible redefinition for option 'compiler-bindir', the last value of this option was used
[ 23%] Building CXX object CMakeFiles/lammps.dir/home/guest/palash/Granular-Chains-DEM/lammps/src/fix_external.cpp.o
nvcc warning : incompatible redefinition for option 'compiler-bindir', the last value of this option was used
nvcc warning : incompatible redefinition for option 'compiler-bindir', the last value of this option was used
nvcc warning : incompatible redefinition for option 'compiler-bindir', the last value of this option was used
nvcc warning : incompatible redefinition for option 'compiler-bindir', the last value of this option was used
[ 23%] Building CXX object CMakeFiles/lammps.dir/home/guest/palash/Granular-Chains-DEM/lammps/src/fix_gravity.cpp.o
[ 23%] Building CXX object CMakeFiles/lammps.dir/home/guest/palash/Granular-Chains-DEM/lammps/src/fix_group.cpp.o
nvcc warning : incompatible redefinition for option 'compiler-bindir', the last value of this option was used
nvcc warning : incompatible redefinition for option 'compiler-bindir', the last value of this option was used
nvcc warning : incompatible redefinition for option 'compiler-bindir', the last value of this option was used
nvcc warning : incompatible redefinition for option 'compiler-bindir', the last value of this option was used
nvcc warning : incompatible redefinition for option 'compiler-bindir', the last value of this option was used
nvcc warning : incompatible redefinition for option 'compiler-bindir', the last value of this option was used
[ 23%] Building CXX object CMakeFiles/lammps.dir/home/guest/palash/Granular-Chains-DEM/lammps/src/fix_halt.cpp.o
[ 23%] Building CXX object CMakeFiles/lammps.dir/home/guest/palash/Granular-Chains-DEM/lammps/src/fix_heat.cpp.o
nvcc warning : incompatible redefinition for option 'compiler-bindir', the last value of this option was used
[ 23%] Building CXX object CMakeFiles/lammps.dir/home/guest/palash/Granular-Chains-DEM/lammps/src/fix_indent.cpp.o
[ 23%] Building CXX object CMakeFiles/lammps.dir/home/guest/palash/Granular-Chains-DEM/lammps/src/fix_langevin.cpp.o
[ 24%] Building CXX object CMakeFiles/lammps.dir/home/guest/palash/Granular-Chains-DEM/lammps/src/fix_lineforce.cpp.o
[ 24%] Building CXX object CMakeFiles/lammps.dir/home/guest/palash/Granular-Chains-DEM/lammps/src/fix_minimize.cpp.o
nvcc warning : incompatible redefinition for option 'compiler-bindir', the last value of this option was used
nvcc warning : incompatible redefinition for option 'compiler-bindir', the last value of this option was used
[ 24%] Building CXX object CMakeFiles/lammps.dir/home/guest/palash/Granular-Chains-DEM/lammps/src/fix_momentum.cpp.o
nvcc warning : incompatible redefinition for option 'compiler-bindir', the last value of this option was used
nvcc warning : incompatible redefinition for option 'compiler-bindir', the last value of this option was used
nvcc warning : incompatible redefinition for option 'compiler-bindir', the last value of this option was used
[ 24%] Building CXX object CMakeFiles/lammps.dir/home/guest/palash/Granular-Chains-DEM/lammps/src/fix_move.cpp.o
[ 24%] Building CXX object CMakeFiles/lammps.dir/home/guest/palash/Granular-Chains-DEM/lammps/src/fix_neigh_history.cpp.o
nvcc warning : incompatible redefinition for option 'compiler-bindir', the last value of this option was used
nvcc warning : incompatible redefinition for option 'compiler-bindir', the last value of this option was used
[ 24%] Building CXX object CMakeFiles/lammps.dir/home/guest/palash/Granular-Chains-DEM/lammps/src/fix_nh.cpp.o
[ 24%] Building CXX object CMakeFiles/lammps.dir/home/guest/palash/Granular-Chains-DEM/lammps/src/fix_nh_sphere.cpp.o
nvcc warning : incompatible redefinition for option 'compiler-bindir', the last value of this option was used
nvcc warning : incompatible redefinition for option 'compiler-bindir', the last value of this option was used
nvcc warning : incompatible redefinition for option 'compiler-bindir', the last value of this option was used
nvcc warning : incompatible redefinition for option 'compiler-bindir', the last value of this option was used
nvcc warning : incompatible redefinition for option 'compiler-bindir', the last value of this option was used
[ 24%] Building CXX object CMakeFiles/lammps.dir/home/guest/palash/Granular-Chains-DEM/lammps/src/fix_nph.cpp.o
nvcc warning : incompatible redefinition for option 'compiler-bindir', the last value of this option was used
nvcc warning : incompatible redefinition for option 'compiler-bindir', the last value of this option was used
nvcc warning : incompatible redefinition for option 'compiler-bindir', the last value of this option was used
nvcc warning : incompatible redefinition for option 'compiler-bindir', the last value of this option was used
nvcc warning : incompatible redefinition for option 'compiler-bindir', the last value of this option was used
nvcc warning : incompatible redefinition for option 'compiler-bindir', the last value of this option was used
nvcc warning : incompatible redefinition for option 'compiler-bindir', the last value of this option was used
nvcc warning : incompatible redefinition for option 'compiler-bindir', the last value of this option was used
nvcc warning : incompatible redefinition for option 'compiler-bindir', the last value of this option was used
nvcc warning : incompatible redefinition for option 'compiler-bindir', the last value of this option was used
[ 24%] Building CXX object CMakeFiles/lammps.dir/home/guest/palash/Granular-Chains-DEM/lammps/src/fix_nph_sphere.cpp.o
nvcc warning : incompatible redefinition for option 'compiler-bindir', the last value of this option was used
[ 24%] Building CXX object CMakeFiles/lammps.dir/home/guest/palash/Granular-Chains-DEM/lammps/src/fix_npt.cpp.o
[ 24%] Building CXX object CMakeFiles/lammps.dir/home/guest/palash/Granular-Chains-DEM/lammps/src/fix_npt_sphere.cpp.o
nvcc warning : incompatible redefinition for option 'compiler-bindir', the last value of this option was used
[ 24%] Building CXX object CMakeFiles/lammps.dir/home/guest/palash/Granular-Chains-DEM/lammps/src/fix_nve.cpp.o
[ 24%] Building CXX object CMakeFiles/lammps.dir/home/guest/palash/Granular-Chains-DEM/lammps/src/fix_nve_limit.cpp.o
[ 24%] Building CXX object CMakeFiles/lammps.dir/home/guest/palash/Granular-Chains-DEM/lammps/src/fix_nve_noforce.cpp.o
[ 24%] Building CXX object CMakeFiles/lammps.dir/home/guest/palash/Granular-Chains-DEM/lammps/src/fix_nve_sphere.cpp.o
nvcc warning : incompatible redefinition for option 'compiler-bindir', the last value of this option was used
[ 24%] Building CXX object CMakeFiles/lammps.dir/home/guest/palash/Granular-Chains-DEM/lammps/src/fix_nvt.cpp.o
[ 24%] Building CXX object CMakeFiles/lammps.dir/home/guest/palash/Granular-Chains-DEM/lammps/src/fix_nvt_sllod.cpp.o
nvcc warning : incompatible redefinition for option 'compiler-bindir', the last value of this option was used
nvcc warning : incompatible redefinition for option 'compiler-bindir', the last value of this option was used
nvcc warning : incompatible redefinition for option 'compiler-bindir', the last value of this option was used
nvcc warning : incompatible redefinition for option 'compiler-bindir', the last value of this option was used
nvcc warning : incompatible redefinition for option 'compiler-bindir', the last value of this option was used
nvcc warning : incompatible redefinition for option 'compiler-bindir', the last value of this option was used
[ 24%] Building CXX object CMakeFiles/lammps.dir/home/guest/palash/Granular-Chains-DEM/lammps/src/fix_nvt_sphere.cpp.o
nvcc warning : incompatible redefinition for option 'compiler-bindir', the last value of this option was used
nvcc warning : incompatible redefinition for option 'compiler-bindir', the last value of this option was used
[ 24%] Building CXX object CMakeFiles/lammps.dir/home/guest/palash/Granular-Chains-DEM/lammps/src/fix_pair.cpp.o
nvcc warning : incompatible redefinition for option 'compiler-bindir', the last value of this option was used
[ 25%] Building CXX object CMakeFiles/lammps.dir/home/guest/palash/Granular-Chains-DEM/lammps/src/fix_planeforce.cpp.o
nvcc warning : incompatible redefinition for option 'compiler-bindir', the last value of this option was used
nvcc warning : incompatible redefinition for option 'compiler-bindir', the last value of this option was used
[ 25%] Building CXX object CMakeFiles/lammps.dir/home/guest/palash/Granular-Chains-DEM/lammps/src/fix_press_berendsen.cpp.o
nvcc warning : incompatible redefinition for option 'compiler-bindir', the last value of this option was used
nvcc warning : incompatible redefinition for option 'compiler-bindir', the last value of this option was used
nvcc warning : incompatible redefinition for option 'compiler-bindir', the last value of this option was used
[ 25%] Building CXX object CMakeFiles/lammps.dir/home/guest/palash/Granular-Chains-DEM/lammps/src/fix_press_langevin.cpp.o
nvcc warning : incompatible redefinition for option 'compiler-bindir', the last value of this option was used
nvcc warning : incompatible redefinition for option 'compiler-bindir', the last value of this option was used
nvcc warning : incompatible redefinition for option 'compiler-bindir', the last value of this option was used
nvcc warning : incompatible redefinition for option 'compiler-bindir', the last value of this option was used
nvcc warning : incompatible redefinition for option 'compiler-bindir', the last value of this option was used
nvcc warning : incompatible redefinition for option 'compiler-bindir', the last value of this option was used
[ 25%] Building CXX object CMakeFiles/lammps.dir/home/guest/palash/Granular-Chains-DEM/lammps/src/fix_print.cpp.o
[ 25%] Building CXX object CMakeFiles/lammps.dir/home/guest/palash/Granular-Chains-DEM/lammps/src/fix_property_atom.cpp.o
[ 25%] Building CXX object CMakeFiles/lammps.dir/home/guest/palash/Granular-Chains-DEM/lammps/src/fix_read_restart.cpp.o
[ 25%] Building CXX object CMakeFiles/lammps.dir/home/guest/palash/Granular-Chains-DEM/lammps/src/fix_recenter.cpp.o
[ 25%] Building CXX object CMakeFiles/lammps.dir/home/guest/palash/Granular-Chains-DEM/lammps/src/fix_respa.cpp.o
nvcc warning : incompatible redefinition for option 'compiler-bindir', the last value of this option was used
[ 25%] Building CXX object CMakeFiles/lammps.dir/home/guest/palash/Granular-Chains-DEM/lammps/src/fix_restrain.cpp.o
nvcc warning : incompatible redefinition for option 'compiler-bindir', the last value of this option was used
nvcc warning : incompatible redefinition for option 'compiler-bindir', the last value of this option was used
nvcc warning : incompatible redefinition for option 'compiler-bindir', the last value of this option was used
[ 25%] Building CXX object CMakeFiles/lammps.dir/home/guest/palash/Granular-Chains-DEM/lammps/src/fix_set.cpp.o
nvcc warning : incompatible redefinition for option 'compiler-bindir', the last value of this option was used
nvcc warning : incompatible redefinition for option 'compiler-bindir', the last value of this option was used
nvcc warning : incompatible redefinition for option 'compiler-bindir', the last value of this option was used
nvcc warning : incompatible redefinition for option 'compiler-bindir', the last value of this option was used
nvcc warning : incompatible redefinition for option 'compiler-bindir', the last value of this option was used
[ 25%] Building CXX object CMakeFiles/lammps.dir/home/guest/palash/Granular-Chains-DEM/lammps/src/fix_setforce.cpp.o
nvcc warning : incompatible redefinition for option 'compiler-bindir', the last value of this option was used
nvcc warning : incompatible redefinition for option 'compiler-bindir', the last value of this option was used
nvcc warning : incompatible redefinition for option 'compiler-bindir', the last value of this option was used
[ 25%] Building CXX object CMakeFiles/lammps.dir/home/guest/palash/Granular-Chains-DEM/lammps/src/fix_spring.cpp.o
nvcc warning : incompatible redefinition for option 'compiler-bindir', the last value of this option was used
[ 25%] Building CXX object CMakeFiles/lammps.dir/home/guest/palash/Granular-Chains-DEM/lammps/src/fix_spring_chunk.cpp.o
nvcc warning : incompatible redefinition for option 'compiler-bindir', the last value of this option was used
nvcc warning : incompatible redefinition for option 'compiler-bindir', the last value of this option was used
nvcc warning : incompatible redefinition for option 'compiler-bindir', the last value of this option was used
[ 25%] Building CXX object CMakeFiles/lammps.dir/home/guest/palash/Granular-Chains-DEM/lammps/src/fix_spring_self.cpp.o
nvcc warning : incompatible redefinition for option 'compiler-bindir', the last value of this option was used
nvcc warning : incompatible redefinition for option 'compiler-bindir', the last value of this option was used
nvcc warning : incompatible redefinition for option 'compiler-bindir', the last value of this option was used
nvcc warning : incompatible redefinition for option 'compiler-bindir', the last value of this option was used
nvcc warning : incompatible redefinition for option 'compiler-bindir', the last value of this option was used
[ 25%] Building CXX object CMakeFiles/lammps.dir/home/guest/palash/Granular-Chains-DEM/lammps/src/fix_store_atom.cpp.o
nvcc warning : incompatible redefinition for option 'compiler-bindir', the last value of this option was used
nvcc warning : incompatible redefinition for option 'compiler-bindir', the last value of this option was used
nvcc warning : incompatible redefinition for option 'compiler-bindir', the last value of this option was used
nvcc warning : incompatible redefinition for option 'compiler-bindir', the last value of this option was used
[ 25%] Building CXX object CMakeFiles/lammps.dir/home/guest/palash/Granular-Chains-DEM/lammps/src/fix_store_force.cpp.o
nvcc warning : incompatible redefinition for option 'compiler-bindir', the last value of this option was used
nvcc warning : incompatible redefinition for option 'compiler-bindir', the last value of this option was used
nvcc warning : incompatible redefinition for option 'compiler-bindir', the last value of this option was used
nvcc warning : incompatible redefinition for option 'compiler-bindir', the last value of this option was used
[ 25%] Building CXX object CMakeFiles/lammps.dir/home/guest/palash/Granular-Chains-DEM/lammps/src/fix_store_global.cpp.o
nvcc warning : incompatible redefinition for option 'compiler-bindir', the last value of this option was used
nvcc warning : incompatible redefinition for option 'compiler-bindir', the last value of this option was used
nvcc warning : incompatible redefinition for option 'compiler-bindir', the last value of this option was used
nvcc warning : incompatible redefinition for option 'compiler-bindir', the last value of this option was used
nvcc warning : incompatible redefinition for option 'compiler-bindir', the last value of this option was used
nvcc warning : incompatible redefinition for option 'compiler-bindir', the last value of this option was used
[ 25%] Building CXX object CMakeFiles/lammps.dir/home/guest/palash/Granular-Chains-DEM/lammps/src/fix_store_local.cpp.o
nvcc warning : incompatible redefinition for option 'compiler-bindir', the last value of this option was used
nvcc warning : incompatible redefinition for option 'compiler-bindir', the last value of this option was used
[ 25%] Building CXX object CMakeFiles/lammps.dir/home/guest/palash/Granular-Chains-DEM/lammps/src/fix_store_state.cpp.o
nvcc warning : incompatible redefinition for option 'compiler-bindir', the last value of this option was used
nvcc warning : incompatible redefinition for option 'compiler-bindir', the last value of this option was used
nvcc warning : incompatible redefinition for option 'compiler-bindir', the last value of this option was used
[ 26%] Building CXX object CMakeFiles/lammps.dir/home/guest/palash/Granular-Chains-DEM/lammps/src/fix_temp_berendsen.cpp.o
nvcc warning : incompatible redefinition for option 'compiler-bindir', the last value of this option was used
nvcc warning : incompatible redefinition for option 'compiler-bindir', the last value of this option was used
nvcc warning : incompatible redefinition for option 'compiler-bindir', the last value of this option was used
[ 26%] Building CXX object CMakeFiles/lammps.dir/home/guest/palash/Granular-Chains-DEM/lammps/src/fix_temp_rescale.cpp.o
nvcc warning : incompatible redefinition for option 'compiler-bindir', the last value of this option was used
nvcc warning : incompatible redefinition for option 'compiler-bindir', the last value of this option was used
nvcc warning : incompatible redefinition for option 'compiler-bindir', the last value of this option was used
nvcc warning : incompatible redefinition for option 'compiler-bindir', the last value of this option was used
[ 26%] Building CXX object CMakeFiles/lammps.dir/home/guest/palash/Granular-Chains-DEM/lammps/src/fix_thermal_conductivity.cpp.o
nvcc warning : incompatible redefinition for option 'compiler-bindir', the last value of this option was used
nvcc warning : incompatible redefinition for option 'compiler-bindir', the last value of this option was used
[ 26%] Building CXX object CMakeFiles/lammps.dir/home/guest/palash/Granular-Chains-DEM/lammps/src/fix_vector.cpp.o
[ 26%] Building CXX object CMakeFiles/lammps.dir/home/guest/palash/Granular-Chains-DEM/lammps/src/fix_viscous.cpp.o
nvcc warning : incompatible redefinition for option 'compiler-bindir', the last value of this option was used
nvcc warning : incompatible redefinition for option 'compiler-bindir', the last value of this option was used
nvcc warning : incompatible redefinition for option 'compiler-bindir', the last value of this option was used
nvcc warning : incompatible redefinition for option 'compiler-bindir', the last value of this option was used
nvcc warning : incompatible redefinition for option 'compiler-bindir', the last value of this option was used
nvcc warning : incompatible redefinition for option 'compiler-bindir', the last value of this option was used
nvcc warning : incompatible redefinition for option 'compiler-bindir', the last value of this option was used
nvcc warning : incompatible redefinition for option 'compiler-bindir', the last value of this option was used
nvcc warning : incompatible redefinition for option 'compiler-bindir', the last value of this option was used
nvcc warning : incompatible redefinition for option 'compiler-bindir', the last value of this option was used
nvcc warning : incompatible redefinition for option 'compiler-bindir', the last value of this option was used
nvcc warning : incompatible redefinition for option 'compiler-bindir', the last value of this option was used
[ 26%] Building CXX object CMakeFiles/lammps.dir/home/guest/palash/Granular-Chains-DEM/lammps/src/fix_wall.cpp.o
[ 26%] Building CXX object CMakeFiles/lammps.dir/home/guest/palash/Granular-Chains-DEM/lammps/src/fix_wall_harmonic.cpp.o
nvcc warning : incompatible redefinition for option 'compiler-bindir', the last value of this option was used
[ 26%] Building CXX object CMakeFiles/lammps.dir/home/guest/palash/Granular-Chains-DEM/lammps/src/fix_wall_lj1043.cpp.o
[ 26%] Building CXX object CMakeFiles/lammps.dir/home/guest/palash/Granular-Chains-DEM/lammps/src/fix_wall_lj93.cpp.o
[ 26%] Building CXX object CMakeFiles/lammps.dir/home/guest/palash/Granular-Chains-DEM/lammps/src/fix_wall_lj126.cpp.o
nvcc warning : incompatible redefinition for option 'compiler-bindir', the last value of this option was used
[ 26%] Building CXX object CMakeFiles/lammps.dir/home/guest/palash/Granular-Chains-DEM/lammps/src/fix_wall_morse.cpp.o
[ 26%] Building CXX object CMakeFiles/lammps.dir/home/guest/palash/Granular-Chains-DEM/lammps/src/fix_wall_reflect.cpp.o
[ 26%] Building CXX object CMakeFiles/lammps.dir/home/guest/palash/Granular-Chains-DEM/lammps/src/fix_wall_region.cpp.o
nvcc warning : incompatible redefinition for option 'compiler-bindir', the last value of this option was used
[ 26%] Building CXX object CMakeFiles/lammps.dir/home/guest/palash/Granular-Chains-DEM/lammps/src/fix_wall_table.cpp.o
nvcc warning : incompatible redefinition for option 'compiler-bindir', the last value of this option was used
[ 26%] Building CXX object CMakeFiles/lammps.dir/home/guest/palash/Granular-Chains-DEM/lammps/src/fmtlib_format.cpp.o
nvcc warning : incompatible redefinition for option 'compiler-bindir', the last value of this option was used
nvcc warning : incompatible redefinition for option 'compiler-bindir', the last value of this option was used
nvcc warning : incompatible redefinition for option 'compiler-bindir', the last value of this option was used
[ 26%] Building CXX object CMakeFiles/lammps.dir/home/guest/palash/Granular-Chains-DEM/lammps/src/fmtlib_os.cpp.o
nvcc warning : incompatible redefinition for option 'compiler-bindir', the last value of this option was used
[ 26%] Building CXX object CMakeFiles/lammps.dir/home/guest/palash/Granular-Chains-DEM/lammps/src/force.cpp.o
[ 26%] Building CXX object CMakeFiles/lammps.dir/home/guest/palash/Granular-Chains-DEM/lammps/src/grid2d.cpp.o
nvcc warning : incompatible redefinition for option 'compiler-bindir', the last value of this option was used
nvcc warning : incompatible redefinition for option 'compiler-bindir', the last value of this option was used
[ 26%] Building CXX object CMakeFiles/lammps.dir/home/guest/palash/Granular-Chains-DEM/lammps/src/grid3d.cpp.o
nvcc warning : incompatible redefinition for option 'compiler-bindir', the last value of this option was used
nvcc warning : incompatible redefinition for option 'compiler-bindir', the last value of this option was used
[ 27%] Building CXX object CMakeFiles/lammps.dir/home/guest/palash/Granular-Chains-DEM/lammps/src/group.cpp.o
[ 27%] Building CXX object CMakeFiles/lammps.dir/home/guest/palash/Granular-Chains-DEM/lammps/src/hashlittle.cpp.o
[ 27%] Building CXX object CMakeFiles/lammps.dir/home/guest/palash/Granular-Chains-DEM/lammps/src/image.cpp.o
nvcc warning : incompatible redefinition for option 'compiler-bindir', the last value of this option was used
[ 27%] Building CXX object CMakeFiles/lammps.dir/home/guest/palash/Granular-Chains-DEM/lammps/src/imbalance.cpp.o
[ 27%] Building CXX object CMakeFiles/lammps.dir/home/guest/palash/Granular-Chains-DEM/lammps/src/imbalance_group.cpp.o
[ 27%] Building CXX object CMakeFiles/lammps.dir/home/guest/palash/Granular-Chains-DEM/lammps/src/imbalance_neigh.cpp.o
nvcc warning : incompatible redefinition for option 'compiler-bindir', the last value of this option was used
nvcc warning : incompatible redefinition for option 'compiler-bindir', the last value of this option was used
nvcc warning : incompatible redefinition for option 'compiler-bindir', the last value of this option was used
nvcc warning : incompatible redefinition for option 'compiler-bindir', the last value of this option was used
[ 27%] Building CXX object CMakeFiles/lammps.dir/home/guest/palash/Granular-Chains-DEM/lammps/src/imbalance_store.cpp.o
nvcc warning : incompatible redefinition for option 'compiler-bindir', the last value of this option was used
[ 27%] Building CXX object CMakeFiles/lammps.dir/home/guest/palash/Granular-Chains-DEM/lammps/src/imbalance_time.cpp.o
[ 27%] Building CXX object CMakeFiles/lammps.dir/home/guest/palash/Granular-Chains-DEM/lammps/src/imbalance_var.cpp.o
nvcc warning : incompatible redefinition for option 'compiler-bindir', the last value of this option was used
nvcc warning : incompatible redefinition for option 'compiler-bindir', the last value of this option was used
nvcc warning : incompatible redefinition for option 'compiler-bindir', the last value of this option was used
[ 27%] Building CXX object CMakeFiles/lammps.dir/home/guest/palash/Granular-Chains-DEM/lammps/src/improper.cpp.o
nvcc warning : incompatible redefinition for option 'compiler-bindir', the last value of this option was used
nvcc warning : incompatible redefinition for option 'compiler-bindir', the last value of this option was used
[ 27%] Building CXX object CMakeFiles/lammps.dir/home/guest/palash/Granular-Chains-DEM/lammps/src/improper_deprecated.cpp.o
nvcc warning : incompatible redefinition for option 'compiler-bindir', the last value of this option was used
nvcc warning : incompatible redefinition for option 'compiler-bindir', the last value of this option was used
[ 27%] Building CXX object CMakeFiles/lammps.dir/home/guest/palash/Granular-Chains-DEM/lammps/src/improper_hybrid.cpp.o
nvcc warning : incompatible redefinition for option 'compiler-bindir', the last value of this option was used
nvcc warning : incompatible redefinition for option 'compiler-bindir', the last value of this option was used
[ 27%] Building CXX object CMakeFiles/lammps.dir/home/guest/palash/Granular-Chains-DEM/lammps/src/improper_zero.cpp.o
[ 27%] Building CXX object CMakeFiles/lammps.dir/home/guest/palash/Granular-Chains-DEM/lammps/src/info.cpp.o
nvcc warning : incompatible redefinition for option 'compiler-bindir', the last value of this option was used
nvcc warning : incompatible redefinition for option 'compiler-bindir', the last value of this option was used
nvcc warning : incompatible redefinition for option 'compiler-bindir', the last value of this option was used
nvcc warning : incompatible redefinition for option 'compiler-bindir', the last value of this option was used
nvcc warning : incompatible redefinition for option 'compiler-bindir', the last value of this option was used
[ 27%] Building CXX object CMakeFiles/lammps.dir/home/guest/palash/Granular-Chains-DEM/lammps/src/input.cpp.o
nvcc warning : incompatible redefinition for option 'compiler-bindir', the last value of this option was used
[ 27%] Building CXX object CMakeFiles/lammps.dir/home/guest/palash/Granular-Chains-DEM/lammps/src/integrate.cpp.o
nvcc warning : incompatible redefinition for option 'compiler-bindir', the last value of this option was used
nvcc warning : incompatible redefinition for option 'compiler-bindir', the last value of this option was used
nvcc warning : incompatible redefinition for option 'compiler-bindir', the last value of this option was used
nvcc warning : incompatible redefinition for option 'compiler-bindir', the last value of this option was used
[ 27%] Building CXX object CMakeFiles/lammps.dir/home/guest/palash/Granular-Chains-DEM/lammps/src/irregular.cpp.o
nvcc warning : incompatible redefinition for option 'compiler-bindir', the last value of this option was used
nvcc warning : incompatible redefinition for option 'compiler-bindir', the last value of this option was used
nvcc warning : incompatible redefinition for option 'compiler-bindir', the last value of this option was used
nvcc warning : incompatible redefinition for option 'compiler-bindir', the last value of this option was used
nvcc warning : incompatible redefinition for option 'compiler-bindir', the last value of this option was used
nvcc warning : incompatible redefinition for option 'compiler-bindir', the last value of this option was used
nvcc warning : incompatible redefinition for option 'compiler-bindir', the last value of this option was used
[ 27%] Building CXX object CMakeFiles/lammps.dir/home/guest/palash/Granular-Chains-DEM/lammps/src/kspace.cpp.o
[ 27%] Building CXX object CMakeFiles/lammps.dir/home/guest/palash/Granular-Chains-DEM/lammps/src/kspace_deprecated.cpp.o
[ 28%] Building CXX object CMakeFiles/lammps.dir/home/guest/palash/Granular-Chains-DEM/lammps/src/kspace_zero.cpp.o
nvcc warning : incompatible redefinition for option 'compiler-bindir', the last value of this option was used
nvcc warning : incompatible redefinition for option 'compiler-bindir', the last value of this option was used
[ 28%] Building CXX object CMakeFiles/lammps.dir/home/guest/palash/Granular-Chains-DEM/lammps/src/label_map.cpp.o
[ 28%] Building CXX object CMakeFiles/lammps.dir/home/guest/palash/Granular-Chains-DEM/lammps/src/lammps.cpp.o
nvcc warning : incompatible redefinition for option 'compiler-bindir', the last value of this option was used
nvcc warning : incompatible redefinition for option 'compiler-bindir', the last value of this option was used
nvcc warning : incompatible redefinition for option 'compiler-bindir', the last value of this option was used
nvcc warning : incompatible redefinition for option 'compiler-bindir', the last value of this option was used
[ 28%] Building CXX object CMakeFiles/lammps.dir/home/guest/palash/Granular-Chains-DEM/lammps/src/lattice.cpp.o
nvcc warning : incompatible redefinition for option 'compiler-bindir', the last value of this option was used
nvcc warning : incompatible redefinition for option 'compiler-bindir', the last value of this option was used
[ 28%] Building CXX object CMakeFiles/lammps.dir/home/guest/palash/Granular-Chains-DEM/lammps/src/library.cpp.o
nvcc warning : incompatible redefinition for option 'compiler-bindir', the last value of this option was used
[ 28%] Building CXX object CMakeFiles/lammps.dir/home/guest/palash/Granular-Chains-DEM/lammps/src/lmppython.cpp.o
nvcc warning : incompatible redefinition for option 'compiler-bindir', the last value of this option was used
nvcc warning : incompatible redefinition for option 'compiler-bindir', the last value of this option was used
nvcc warning : incompatible redefinition for option 'compiler-bindir', the last value of this option was used
[ 28%] Building CXX object CMakeFiles/lammps.dir/home/guest/palash/Granular-Chains-DEM/lammps/src/math_eigen.cpp.o
[ 28%] Building CXX object CMakeFiles/lammps.dir/home/guest/palash/Granular-Chains-DEM/lammps/src/math_extra.cpp.o
nvcc warning : incompatible redefinition for option 'compiler-bindir', the last value of this option was used
nvcc warning : incompatible redefinition for option 'compiler-bindir', the last value of this option was used
[ 28%] Building CXX object CMakeFiles/lammps.dir/home/guest/palash/Granular-Chains-DEM/lammps/src/math_special.cpp.o
nvcc warning : incompatible redefinition for option 'compiler-bindir', the last value of this option was used
nvcc warning : incompatible redefinition for option 'compiler-bindir', the last value of this option was used
nvcc warning : incompatible redefinition for option 'compiler-bindir', the last value of this option was used
[ 28%] Building CXX object CMakeFiles/lammps.dir/home/guest/palash/Granular-Chains-DEM/lammps/src/memory.cpp.o
nvcc warning : incompatible redefinition for option 'compiler-bindir', the last value of this option was used
[ 28%] Building CXX object CMakeFiles/lammps.dir/home/guest/palash/Granular-Chains-DEM/lammps/src/min.cpp.o
nvcc warning : incompatible redefinition for option 'compiler-bindir', the last value of this option was used
nvcc warning : incompatible redefinition for option 'compiler-bindir', the last value of this option was used
nvcc warning : incompatible redefinition for option 'compiler-bindir', the last value of this option was used
nvcc warning : incompatible redefinition for option 'compiler-bindir', the last value of this option was used
[ 28%] Building CXX object CMakeFiles/lammps.dir/home/guest/palash/Granular-Chains-DEM/lammps/src/min_cg.cpp.o
nvcc warning : incompatible redefinition for option 'compiler-bindir', the last value of this option was used
[ 28%] Building CXX object CMakeFiles/lammps.dir/home/guest/palash/Granular-Chains-DEM/lammps/src/min_deprecated.cpp.o
nvcc warning : incompatible redefinition for option 'compiler-bindir', the last value of this option was used
[ 28%] Building CXX object CMakeFiles/lammps.dir/home/guest/palash/Granular-Chains-DEM/lammps/src/min_fire.cpp.o
[ 28%] Building CXX object CMakeFiles/lammps.dir/home/guest/palash/Granular-Chains-DEM/lammps/src/min_hftn.cpp.o
nvcc warning : incompatible redefinition for option 'compiler-bindir', the last value of this option was used
nvcc warning : incompatible redefinition for option 'compiler-bindir', the last value of this option was used
nvcc warning : incompatible redefinition for option 'compiler-bindir', the last value of this option was used
nvcc warning : incompatible redefinition for option 'compiler-bindir', the last value of this option was used
nvcc warning : incompatible redefinition for option 'compiler-bindir', the last value of this option was used
nvcc warning : incompatible redefinition for option 'compiler-bindir', the last value of this option was used
nvcc warning : incompatible redefinition for option 'compiler-bindir', the last value of this option was used
nvcc warning : incompatible redefinition for option 'compiler-bindir', the last value of this option was used
[ 28%] Building CXX object CMakeFiles/lammps.dir/home/guest/palash/Granular-Chains-DEM/lammps/src/min_linesearch.cpp.o
nvcc warning : incompatible redefinition for option 'compiler-bindir', the last value of this option was used
[ 28%] Building CXX object CMakeFiles/lammps.dir/home/guest/palash/Granular-Chains-DEM/lammps/src/min_quickmin.cpp.o
nvcc warning : incompatible redefinition for option 'compiler-bindir', the last value of this option was used
nvcc warning : incompatible redefinition for option 'compiler-bindir', the last value of this option was used
nvcc warning : incompatible redefinition for option 'compiler-bindir', the last value of this option was used
nvcc warning : incompatible redefinition for option 'compiler-bindir', the last value of this option was used
nvcc warning : incompatible redefinition for option 'compiler-bindir', the last value of this option was used
nvcc warning : incompatible redefinition for option 'compiler-bindir', the last value of this option was used
nvcc warning : incompatible redefinition for option 'compiler-bindir', the last value of this option was used
[ 28%] Building CXX object CMakeFiles/lammps.dir/home/guest/palash/Granular-Chains-DEM/lammps/src/min_sd.cpp.o
[ 28%] Building CXX object CMakeFiles/lammps.dir/home/guest/palash/Granular-Chains-DEM/lammps/src/minimize.cpp.o
nvcc warning : incompatible redefinition for option 'compiler-bindir', the last value of this option was used
[ 28%] Building CXX object CMakeFiles/lammps.dir/home/guest/palash/Granular-Chains-DEM/lammps/src/modify.cpp.o
nvcc warning : incompatible redefinition for option 'compiler-bindir', the last value of this option was used
nvcc warning : incompatible redefinition for option 'compiler-bindir', the last value of this option was used
nvcc warning : incompatible redefinition for option 'compiler-bindir', the last value of this option was used
nvcc warning : incompatible redefinition for option 'compiler-bindir', the last value of this option was used
nvcc warning : incompatible redefinition for option 'compiler-bindir', the last value of this option was used
nvcc warning : incompatible redefinition for option 'compiler-bindir', the last value of this option was used
[ 29%] Building CXX object CMakeFiles/lammps.dir/home/guest/palash/Granular-Chains-DEM/lammps/src/molecule.cpp.o
nvcc warning : incompatible redefinition for option 'compiler-bindir', the last value of this option was used
nvcc warning : incompatible redefinition for option 'compiler-bindir', the last value of this option was used
nvcc warning : incompatible redefinition for option 'compiler-bindir', the last value of this option was used
nvcc warning : incompatible redefinition for option 'compiler-bindir', the last value of this option was used
nvcc warning : incompatible redefinition for option 'compiler-bindir', the last value of this option was used
nvcc warning : incompatible redefinition for option 'compiler-bindir', the last value of this option was used
nvcc warning : incompatible redefinition for option 'compiler-bindir', the last value of this option was used
[ 29%] Building CXX object CMakeFiles/lammps.dir/home/guest/palash/Granular-Chains-DEM/lammps/src/my_page.cpp.o
nvcc warning : incompatible redefinition for option 'compiler-bindir', the last value of this option was used
[ 29%] Building CXX object CMakeFiles/lammps.dir/home/guest/palash/Granular-Chains-DEM/lammps/src/my_pool_chunk.cpp.o
[ 29%] Building CXX object CMakeFiles/lammps.dir/home/guest/palash/Granular-Chains-DEM/lammps/src/nbin.cpp.o
[ 29%] Building CXX object CMakeFiles/lammps.dir/home/guest/palash/Granular-Chains-DEM/lammps/src/nbin_multi.cpp.o
[ 29%] Building CXX object CMakeFiles/lammps.dir/home/guest/palash/Granular-Chains-DEM/lammps/src/nbin_standard.cpp.o
[ 29%] Building CXX object CMakeFiles/lammps.dir/home/guest/palash/Granular-Chains-DEM/lammps/src/neigh_list.cpp.o
nvcc warning : incompatible redefinition for option 'compiler-bindir', the last value of this option was used
nvcc warning : incompatible redefinition for option 'compiler-bindir', the last value of this option was used
[ 29%] Building CXX object CMakeFiles/lammps.dir/home/guest/palash/Granular-Chains-DEM/lammps/src/neigh_request.cpp.o
nvcc warning : incompatible redefinition for option 'compiler-bindir', the last value of this option was used
[ 29%] Building CXX object CMakeFiles/lammps.dir/home/guest/palash/Granular-Chains-DEM/lammps/src/neighbor.cpp.o
nvcc warning : incompatible redefinition for option 'compiler-bindir', the last value of this option was used
nvcc warning : incompatible redefinition for option 'compiler-bindir', the last value of this option was used
nvcc warning : incompatible redefinition for option 'compiler-bindir', the last value of this option was used
nvcc warning : incompatible redefinition for option 'compiler-bindir', the last value of this option was used
nvcc warning : incompatible redefinition for option 'compiler-bindir', the last value of this option was used
nvcc warning : incompatible redefinition for option 'compiler-bindir', the last value of this option was used
nvcc warning : incompatible redefinition for option 'compiler-bindir', the last value of this option was used
nvcc warning : incompatible redefinition for option 'compiler-bindir', the last value of this option was used
nvcc warning : incompatible redefinition for option 'compiler-bindir', the last value of this option was used
[ 29%] Building CXX object CMakeFiles/lammps.dir/home/guest/palash/Granular-Chains-DEM/lammps/src/npair.cpp.o
nvcc warning : incompatible redefinition for option 'compiler-bindir', the last value of this option was used
[ 29%] Building CXX object CMakeFiles/lammps.dir/home/guest/palash/Granular-Chains-DEM/lammps/src/npair_bin.cpp.o
[ 29%] Building CXX object CMakeFiles/lammps.dir/home/guest/palash/Granular-Chains-DEM/lammps/src/npair_bin_ghost.cpp.o
nvcc warning : incompatible redefinition for option 'compiler-bindir', the last value of this option was used
nvcc warning : incompatible redefinition for option 'compiler-bindir', the last value of this option was used
nvcc warning : incompatible redefinition for option 'compiler-bindir', the last value of this option was used
[ 29%] Building CXX object CMakeFiles/lammps.dir/home/guest/palash/Granular-Chains-DEM/lammps/src/npair_copy.cpp.o
[ 29%] Building CXX object CMakeFiles/lammps.dir/home/guest/palash/Granular-Chains-DEM/lammps/src/npair_halffull.cpp.o
nvcc warning : incompatible redefinition for option 'compiler-bindir', the last value of this option was used
nvcc warning : incompatible redefinition for option 'compiler-bindir', the last value of this option was used
[ 29%] Building CXX object CMakeFiles/lammps.dir/home/guest/palash/Granular-Chains-DEM/lammps/src/npair_multi.cpp.o
nvcc warning : incompatible redefinition for option 'compiler-bindir', the last value of this option was used
[ 29%] Building CXX object CMakeFiles/lammps.dir/home/guest/palash/Granular-Chains-DEM/lammps/src/npair_multi_old.cpp.o
[ 29%] Building CXX object CMakeFiles/lammps.dir/home/guest/palash/Granular-Chains-DEM/lammps/src/npair_nsq.cpp.o
nvcc warning : incompatible redefinition for option 'compiler-bindir', the last value of this option was used
[ 29%] Building CXX object CMakeFiles/lammps.dir/home/guest/palash/Granular-Chains-DEM/lammps/src/npair_nsq_ghost.cpp.o
nvcc warning : incompatible redefinition for option 'compiler-bindir', the last value of this option was used
nvcc warning : incompatible redefinition for option 'compiler-bindir', the last value of this option was used
nvcc warning : incompatible redefinition for option 'compiler-bindir', the last value of this option was used
nvcc warning : incompatible redefinition for option 'compiler-bindir', the last value of this option was used
[ 29%] Building CXX object CMakeFiles/lammps.dir/home/guest/palash/Granular-Chains-DEM/lammps/src/npair_respa_bin.cpp.o
nvcc warning : incompatible redefinition for option 'compiler-bindir', the last value of this option was used
nvcc warning : incompatible redefinition for option 'compiler-bindir', the last value of this option was used
nvcc warning : incompatible redefinition for option 'compiler-bindir', the last value of this option was used
nvcc warning : incompatible redefinition for option 'compiler-bindir', the last value of this option was used
[ 30%] Building CXX object CMakeFiles/lammps.dir/home/guest/palash/Granular-Chains-DEM/lammps/src/npair_respa_nsq.cpp.o
nvcc warning : incompatible redefinition for option 'compiler-bindir', the last value of this option was used
[ 30%] Building CXX object CMakeFiles/lammps.dir/home/guest/palash/Granular-Chains-DEM/lammps/src/npair_skip.cpp.o
[ 30%] Building CXX object CMakeFiles/lammps.dir/home/guest/palash/Granular-Chains-DEM/lammps/src/npair_skip_respa.cpp.o
[ 30%] Building CXX object CMakeFiles/lammps.dir/home/guest/palash/Granular-Chains-DEM/lammps/src/npair_skip_size_off2on.cpp.o
nvcc warning : incompatible redefinition for option 'compiler-bindir', the last value of this option was used
[ 30%] Building CXX object CMakeFiles/lammps.dir/home/guest/palash/Granular-Chains-DEM/lammps/src/npair_skip_size_off2on_oneside.cpp.o
[ 30%] Building CXX object CMakeFiles/lammps.dir/home/guest/palash/Granular-Chains-DEM/lammps/src/npair_trim.cpp.o
nvcc warning : incompatible redefinition for option 'compiler-bindir', the last value of this option was used
nvcc warning : incompatible redefinition for option 'compiler-bindir', the last value of this option was used
[ 30%] Building CXX object CMakeFiles/lammps.dir/home/guest/palash/Granular-Chains-DEM/lammps/src/nstencil.cpp.o
nvcc warning : incompatible redefinition for option 'compiler-bindir', the last value of this option was used
nvcc warning : incompatible redefinition for option 'compiler-bindir', the last value of this option was used
nvcc warning : incompatible redefinition for option 'compiler-bindir', the last value of this option was used
nvcc warning : incompatible redefinition for option 'compiler-bindir', the last value of this option was used
nvcc warning : incompatible redefinition for option 'compiler-bindir', the last value of this option was used
nvcc warning : incompatible redefinition for option 'compiler-bindir', the last value of this option was used
nvcc warning : incompatible redefinition for option 'compiler-bindir', the last value of this option was used
nvcc warning : incompatible redefinition for option 'compiler-bindir', the last value of this option was used
nvcc warning : incompatible redefinition for option 'compiler-bindir', the last value of this option was used
nvcc warning : incompatible redefinition for option 'compiler-bindir', the last value of this option was used
nvcc warning : incompatible redefinition for option 'compiler-bindir', the last value of this option was used
[ 30%] Building CXX object CMakeFiles/lammps.dir/home/guest/palash/Granular-Chains-DEM/lammps/src/nstencil_bin.cpp.o
[ 30%] Building CXX object CMakeFiles/lammps.dir/home/guest/palash/Granular-Chains-DEM/lammps/src/nstencil_ghost_bin.cpp.o
[ 30%] Building CXX object CMakeFiles/lammps.dir/home/guest/palash/Granular-Chains-DEM/lammps/src/nstencil_multi.cpp.o
[ 30%] Building CXX object CMakeFiles/lammps.dir/home/guest/palash/Granular-Chains-DEM/lammps/src/nstencil_multi_old.cpp.o
nvcc warning : incompatible redefinition for option 'compiler-bindir', the last value of this option was used
nvcc warning : incompatible redefinition for option 'compiler-bindir', the last value of this option was used
nvcc warning : incompatible redefinition for option 'compiler-bindir', the last value of this option was used
nvcc warning : incompatible redefinition for option 'compiler-bindir', the last value of this option was used
nvcc warning : incompatible redefinition for option 'compiler-bindir', the last value of this option was used
nvcc warning : incompatible redefinition for option 'compiler-bindir', the last value of this option was used
[ 30%] Building CXX object CMakeFiles/lammps.dir/home/guest/palash/Granular-Chains-DEM/lammps/src/ntopo.cpp.o
[ 30%] Building CXX object CMakeFiles/lammps.dir/home/guest/palash/Granular-Chains-DEM/lammps/src/ntopo_angle_all.cpp.o
nvcc warning : incompatible redefinition for option 'compiler-bindir', the last value of this option was used
[ 30%] Building CXX object CMakeFiles/lammps.dir/home/guest/palash/Granular-Chains-DEM/lammps/src/ntopo_angle_partial.cpp.o
[ 30%] Building CXX object CMakeFiles/lammps.dir/home/guest/palash/Granular-Chains-DEM/lammps/src/ntopo_angle_template.cpp.o
nvcc warning : incompatible redefinition for option 'compiler-bindir', the last value of this option was used
[ 30%] Building CXX object CMakeFiles/lammps.dir/home/guest/palash/Granular-Chains-DEM/lammps/src/ntopo_bond_all.cpp.o
nvcc warning : incompatible redefinition for option 'compiler-bindir', the last value of this option was used
[ 30%] Building CXX object CMakeFiles/lammps.dir/home/guest/palash/Granular-Chains-DEM/lammps/src/ntopo_bond_partial.cpp.o
nvcc warning : incompatible redefinition for option 'compiler-bindir', the last value of this option was used
nvcc warning : incompatible redefinition for option 'compiler-bindir', the last value of this option was used
nvcc warning : incompatible redefinition for option 'compiler-bindir', the last value of this option was used
nvcc warning : incompatible redefinition for option 'compiler-bindir', the last value of this option was used
nvcc warning : incompatible redefinition for option 'compiler-bindir', the last value of this option was used
[ 30%] Building CXX object CMakeFiles/lammps.dir/home/guest/palash/Granular-Chains-DEM/lammps/src/ntopo_bond_template.cpp.o
[ 30%] Building CXX object CMakeFiles/lammps.dir/home/guest/palash/Granular-Chains-DEM/lammps/src/ntopo_dihedral_all.cpp.o
nvcc warning : incompatible redefinition for option 'compiler-bindir', the last value of this option was used
[ 31%] Building CXX object CMakeFiles/lammps.dir/home/guest/palash/Granular-Chains-DEM/lammps/src/ntopo_dihedral_partial.cpp.o
[ 31%] Building CXX object CMakeFiles/lammps.dir/home/guest/palash/Granular-Chains-DEM/lammps/src/ntopo_dihedral_template.cpp.o
nvcc warning : incompatible redefinition for option 'compiler-bindir', the last value of this option was used
nvcc warning : incompatible redefinition for option 'compiler-bindir', the last value of this option was used
nvcc warning : incompatible redefinition for option 'compiler-bindir', the last value of this option was used
nvcc warning : incompatible redefinition for option 'compiler-bindir', the last value of this option was used
nvcc warning : incompatible redefinition for option 'compiler-bindir', the last value of this option was used
nvcc warning : incompatible redefinition for option 'compiler-bindir', the last value of this option was used
nvcc warning : incompatible redefinition for option 'compiler-bindir', the last value of this option was used
nvcc warning : incompatible redefinition for option 'compiler-bindir', the last value of this option was used
nvcc warning : incompatible redefinition for option 'compiler-bindir', the last value of this option was used
[ 31%] Building CXX object CMakeFiles/lammps.dir/home/guest/palash/Granular-Chains-DEM/lammps/src/ntopo_improper_all.cpp.o
[ 31%] Building CXX object CMakeFiles/lammps.dir/home/guest/palash/Granular-Chains-DEM/lammps/src/ntopo_improper_partial.cpp.o
[ 31%] Building CXX object CMakeFiles/lammps.dir/home/guest/palash/Granular-Chains-DEM/lammps/src/ntopo_improper_template.cpp.o
nvcc warning : incompatible redefinition for option 'compiler-bindir', the last value of this option was used
[ 31%] Building CXX object CMakeFiles/lammps.dir/home/guest/palash/Granular-Chains-DEM/lammps/src/output.cpp.o
nvcc warning : incompatible redefinition for option 'compiler-bindir', the last value of this option was used
nvcc warning : incompatible redefinition for option 'compiler-bindir', the last value of this option was used
nvcc warning : incompatible redefinition for option 'compiler-bindir', the last value of this option was used
[ 31%] Building CXX object CMakeFiles/lammps.dir/home/guest/palash/Granular-Chains-DEM/lammps/src/pair.cpp.o
nvcc warning : incompatible redefinition for option 'compiler-bindir', the last value of this option was used
[ 31%] Building CXX object CMakeFiles/lammps.dir/home/guest/palash/Granular-Chains-DEM/lammps/src/pair_born.cpp.o
nvcc warning : incompatible redefinition for option 'compiler-bindir', the last value of this option was used
nvcc warning : incompatible redefinition for option 'compiler-bindir', the last value of this option was used
nvcc warning : incompatible redefinition for option 'compiler-bindir', the last value of this option was used
nvcc warning : incompatible redefinition for option 'compiler-bindir', the last value of this option was used
[ 31%] Building CXX object CMakeFiles/lammps.dir/home/guest/palash/Granular-Chains-DEM/lammps/src/pair_buck.cpp.o
nvcc warning : incompatible redefinition for option 'compiler-bindir', the last value of this option was used
nvcc warning : incompatible redefinition for option 'compiler-bindir', the last value of this option was used
nvcc warning : incompatible redefinition for option 'compiler-bindir', the last value of this option was used
nvcc warning : incompatible redefinition for option 'compiler-bindir', the last value of this option was used
nvcc warning : incompatible redefinition for option 'compiler-bindir', the last value of this option was used
[ 31%] Building CXX object CMakeFiles/lammps.dir/home/guest/palash/Granular-Chains-DEM/lammps/src/pair_buck_coul_cut.cpp.o
nvcc warning : incompatible redefinition for option 'compiler-bindir', the last value of this option was used
nvcc warning : incompatible redefinition for option 'compiler-bindir', the last value of this option was used
nvcc warning : incompatible redefinition for option 'compiler-bindir', the last value of this option was used
nvcc warning : incompatible redefinition for option 'compiler-bindir', the last value of this option was used
nvcc warning : incompatible redefinition for option 'compiler-bindir', the last value of this option was used
nvcc warning : incompatible redefinition for option 'compiler-bindir', the last value of this option was used
nvcc warning : incompatible redefinition for option 'compiler-bindir', the last value of this option was used
nvcc warning : incompatible redefinition for option 'compiler-bindir', the last value of this option was used
nvcc warning : incompatible redefinition for option 'compiler-bindir', the last value of this option was used
[ 31%] Building CXX object CMakeFiles/lammps.dir/home/guest/palash/Granular-Chains-DEM/lammps/src/pair_coul_cut.cpp.o
[ 31%] Building CXX object CMakeFiles/lammps.dir/home/guest/palash/Granular-Chains-DEM/lammps/src/pair_coul_debye.cpp.o
[ 31%] Building CXX object CMakeFiles/lammps.dir/home/guest/palash/Granular-Chains-DEM/lammps/src/pair_coul_dsf.cpp.o
nvcc warning : incompatible redefinition for option 'compiler-bindir', the last value of this option was used
nvcc warning : incompatible redefinition for option 'compiler-bindir', the last value of this option was used
[ 31%] Building CXX object CMakeFiles/lammps.dir/home/guest/palash/Granular-Chains-DEM/lammps/src/pair_coul_wolf.cpp.o
[ 31%] Building CXX object CMakeFiles/lammps.dir/home/guest/palash/Granular-Chains-DEM/lammps/src/pair_deprecated.cpp.o
nvcc warning : incompatible redefinition for option 'compiler-bindir', the last value of this option was used
[ 31%] Building CXX object CMakeFiles/lammps.dir/home/guest/palash/Granular-Chains-DEM/lammps/src/pair_hybrid.cpp.o
nvcc warning : incompatible redefinition for option 'compiler-bindir', the last value of this option was used
[ 31%] Building CXX object CMakeFiles/lammps.dir/home/guest/palash/Granular-Chains-DEM/lammps/src/pair_hybrid_molecular.cpp.o
nvcc warning : incompatible redefinition for option 'compiler-bindir', the last value of this option was used
nvcc warning : incompatible redefinition for option 'compiler-bindir', the last value of this option was used
nvcc warning : incompatible redefinition for option 'compiler-bindir', the last value of this option was used
nvcc warning : incompatible redefinition for option 'compiler-bindir', the last value of this option was used
nvcc warning : incompatible redefinition for option 'compiler-bindir', the last value of this option was used
[ 31%] Building CXX object CMakeFiles/lammps.dir/home/guest/palash/Granular-Chains-DEM/lammps/src/pair_hybrid_overlay.cpp.o
[ 31%] Building CXX object CMakeFiles/lammps.dir/home/guest/palash/Granular-Chains-DEM/lammps/src/pair_hybrid_scaled.cpp.o
[ 32%] Building CXX object CMakeFiles/lammps.dir/home/guest/palash/Granular-Chains-DEM/lammps/src/pair_lj_cut.cpp.o
[ 32%] Building CXX object CMakeFiles/lammps.dir/home/guest/palash/Granular-Chains-DEM/lammps/src/pair_lj_cut_coul_cut.cpp.o
nvcc warning : incompatible redefinition for option 'compiler-bindir', the last value of this option was used
[ 32%] Building CXX object CMakeFiles/lammps.dir/home/guest/palash/Granular-Chains-DEM/lammps/src/pair_lj_expand.cpp.o
[ 32%] Building CXX object CMakeFiles/lammps.dir/home/guest/palash/Granular-Chains-DEM/lammps/src/pair_morse.cpp.o
nvcc warning : incompatible redefinition for option 'compiler-bindir', the last value of this option was used
nvcc warning : incompatible redefinition for option 'compiler-bindir', the last value of this option was used
nvcc warning : incompatible redefinition for option 'compiler-bindir', the last value of this option was used
nvcc warning : incompatible redefinition for option 'compiler-bindir', the last value of this option was used
nvcc warning : incompatible redefinition for option 'compiler-bindir', the last value of this option was used
nvcc warning : incompatible redefinition for option 'compiler-bindir', the last value of this option was used
nvcc warning : incompatible redefinition for option 'compiler-bindir', the last value of this option was used
nvcc warning : incompatible redefinition for option 'compiler-bindir', the last value of this option was used
nvcc warning : incompatible redefinition for option 'compiler-bindir', the last value of this option was used
nvcc warning : incompatible redefinition for option 'compiler-bindir', the last value of this option was used
nvcc warning : incompatible redefinition for option 'compiler-bindir', the last value of this option was used
nvcc warning : incompatible redefinition for option 'compiler-bindir', the last value of this option was used
nvcc warning : incompatible redefinition for option 'compiler-bindir', the last value of this option was used
nvcc warning : incompatible redefinition for option 'compiler-bindir', the last value of this option was used
nvcc warning : incompatible redefinition for option 'compiler-bindir', the last value of this option was used
[ 32%] Building CXX object CMakeFiles/lammps.dir/home/guest/palash/Granular-Chains-DEM/lammps/src/pair_soft.cpp.o
[ 32%] Building CXX object CMakeFiles/lammps.dir/home/guest/palash/Granular-Chains-DEM/lammps/src/pair_table.cpp.o
nvcc warning : incompatible redefinition for option 'compiler-bindir', the last value of this option was used
nvcc warning : incompatible redefinition for option 'compiler-bindir', the last value of this option was used
[ 32%] Building CXX object CMakeFiles/lammps.dir/home/guest/palash/Granular-Chains-DEM/lammps/src/pair_yukawa.cpp.o
nvcc warning : incompatible redefinition for option 'compiler-bindir', the last value of this option was used
nvcc warning : incompatible redefinition for option 'compiler-bindir', the last value of this option was used
nvcc warning : incompatible redefinition for option 'compiler-bindir', the last value of this option was used
nvcc warning : incompatible redefinition for option 'compiler-bindir', the last value of this option was used
[ 32%] Building CXX object CMakeFiles/lammps.dir/home/guest/palash/Granular-Chains-DEM/lammps/src/pair_zbl.cpp.o
[ 32%] Building CXX object CMakeFiles/lammps.dir/home/guest/palash/Granular-Chains-DEM/lammps/src/pair_zero.cpp.o
nvcc warning : incompatible redefinition for option 'compiler-bindir', the last value of this option was used
[ 32%] Building CXX object CMakeFiles/lammps.dir/home/guest/palash/Granular-Chains-DEM/lammps/src/platform.cpp.o
[ 32%] Building CXX object CMakeFiles/lammps.dir/home/guest/palash/Granular-Chains-DEM/lammps/src/potential_file_reader.cpp.o
nvcc warning : incompatible redefinition for option 'compiler-bindir', the last value of this option was used
[ 32%] Building CXX object CMakeFiles/lammps.dir/home/guest/palash/Granular-Chains-DEM/lammps/src/procmap.cpp.o
nvcc warning : incompatible redefinition for option 'compiler-bindir', the last value of this option was used
nvcc warning : incompatible redefinition for option 'compiler-bindir', the last value of this option was used
nvcc warning : incompatible redefinition for option 'compiler-bindir', the last value of this option was used
nvcc warning : incompatible redefinition for option 'compiler-bindir', the last value of this option was used
[ 32%] Building CXX object CMakeFiles/lammps.dir/home/guest/palash/Granular-Chains-DEM/lammps/src/random_mars.cpp.o
nvcc warning : incompatible redefinition for option 'compiler-bindir', the last value of this option was used
[ 32%] Building CXX object CMakeFiles/lammps.dir/home/guest/palash/Granular-Chains-DEM/lammps/src/random_park.cpp.o
[ 32%] Building CXX object CMakeFiles/lammps.dir/home/guest/palash/Granular-Chains-DEM/lammps/src/rcb.cpp.o
[ 32%] Building CXX object CMakeFiles/lammps.dir/home/guest/palash/Granular-Chains-DEM/lammps/src/read_data.cpp.o
nvcc warning : incompatible redefinition for option 'compiler-bindir', the last value of this option was used
nvcc warning : incompatible redefinition for option 'compiler-bindir', the last value of this option was used
[ 32%] Building CXX object CMakeFiles/lammps.dir/home/guest/palash/Granular-Chains-DEM/lammps/src/read_dump.cpp.o
nvcc warning : incompatible redefinition for option 'compiler-bindir', the last value of this option was used
nvcc warning : incompatible redefinition for option 'compiler-bindir', the last value of this option was used
nvcc warning : incompatible redefinition for option 'compiler-bindir', the last value of this option was used
nvcc warning : incompatible redefinition for option 'compiler-bindir', the last value of this option was used
[ 32%] Building CXX object CMakeFiles/lammps.dir/home/guest/palash/Granular-Chains-DEM/lammps/src/read_restart.cpp.o
nvcc warning : incompatible redefinition for option 'compiler-bindir', the last value of this option was used
[ 32%] Building CXX object CMakeFiles/lammps.dir/home/guest/palash/Granular-Chains-DEM/lammps/src/reader.cpp.o
[ 33%] Building CXX object CMakeFiles/lammps.dir/home/guest/palash/Granular-Chains-DEM/lammps/src/reader_native.cpp.o
[ 33%] Building CXX object CMakeFiles/lammps.dir/home/guest/palash/Granular-Chains-DEM/lammps/src/reader_xyz.cpp.o
nvcc warning : incompatible redefinition for option 'compiler-bindir', the last value of this option was used
nvcc warning : incompatible redefinition for option 'compiler-bindir', the last value of this option was used
nvcc warning : incompatible redefinition for option 'compiler-bindir', the last value of this option was used
[ 33%] Building CXX object CMakeFiles/lammps.dir/home/guest/palash/Granular-Chains-DEM/lammps/src/region.cpp.o
[ 33%] Building CXX object CMakeFiles/lammps.dir/home/guest/palash/Granular-Chains-DEM/lammps/src/region_block.cpp.o
nvcc warning : incompatible redefinition for option 'compiler-bindir', the last value of this option was used
nvcc warning : incompatible redefinition for option 'compiler-bindir', the last value of this option was used
nvcc warning : incompatible redefinition for option 'compiler-bindir', the last value of this option was used
nvcc warning : incompatible redefinition for option 'compiler-bindir', the last value of this option was used
nvcc warning : incompatible redefinition for option 'compiler-bindir', the last value of this option was used
nvcc warning : incompatible redefinition for option 'compiler-bindir', the last value of this option was used
nvcc warning : incompatible redefinition for option 'compiler-bindir', the last value of this option was used
nvcc warning : incompatible redefinition for option 'compiler-bindir', the last value of this option was used
nvcc warning : incompatible redefinition for option 'compiler-bindir', the last value of this option was used
nvcc warning : incompatible redefinition for option 'compiler-bindir', the last value of this option was used
[ 33%] Building CXX object CMakeFiles/lammps.dir/home/guest/palash/Granular-Chains-DEM/lammps/src/region_cone.cpp.o
[ 33%] Building CXX object CMakeFiles/lammps.dir/home/guest/palash/Granular-Chains-DEM/lammps/src/region_cylinder.cpp.o
nvcc warning : incompatible redefinition for option 'compiler-bindir', the last value of this option was used
nvcc warning : incompatible redefinition for option 'compiler-bindir', the last value of this option was used
[ 33%] Building CXX object CMakeFiles/lammps.dir/home/guest/palash/Granular-Chains-DEM/lammps/src/region_deprecated.cpp.o
nvcc warning : incompatible redefinition for option 'compiler-bindir', the last value of this option was used
nvcc warning : incompatible redefinition for option 'compiler-bindir', the last value of this option was used
nvcc warning : incompatible redefinition for option 'compiler-bindir', the last value of this option was used
[ 33%] Building CXX object CMakeFiles/lammps.dir/home/guest/palash/Granular-Chains-DEM/lammps/src/region_ellipsoid.cpp.o
nvcc warning : incompatible redefinition for option 'compiler-bindir', the last value of this option was used
[ 33%] Building CXX object CMakeFiles/lammps.dir/home/guest/palash/Granular-Chains-DEM/lammps/src/region_intersect.cpp.o
[ 33%] Building CXX object CMakeFiles/lammps.dir/home/guest/palash/Granular-Chains-DEM/lammps/src/region_plane.cpp.o
nvcc warning : incompatible redefinition for option 'compiler-bindir', the last value of this option was used
nvcc warning : incompatible redefinition for option 'compiler-bindir', the last value of this option was used
nvcc warning : incompatible redefinition for option 'compiler-bindir', the last value of this option was used
nvcc warning : incompatible redefinition for option 'compiler-bindir', the last value of this option was used
/home/guest/palash/Granular-Chains-DEM/lammps/src/nlohmann/json.hpp(12614): warning #186-D: pointless comparison of unsigned integer with zero
          for (std::size_t i = 0; i < sz / 2; ++i)
                                    ^
          detected during:
            instantiation of "void nlohmann_lmp::json_abi_v3_12_0::detail::binary_reader<BasicJsonType, InputAdapterType, SAX>::byte_swap(NumberType &) [with BasicJsonType=nlohmann_lmp::json_abi_v3_12_0::basic_json<std::map, std::vector, std::string, __nv_bool, int64_t, uint64_t, double, std::allocator, nlohmann_lmp::json_abi_v3_12_0::adl_serializer, std::vector<uint8_t, std::allocator<uint8_t>>, void>, InputAdapterType=nlohmann_lmp::json_abi_v3_12_0::detail::iterator_input_adapter<__gnu_cxx::__normal_iterator<const uint8_t *, std::vector<uint8_t, std::allocator<uint8_t>>>>, SAX=nlohmann_lmp::json_abi_v3_12_0::detail::json_sax_dom_parser<nlohmann_lmp::json_abi_v3_12_0::basic_json<std::map, std::vector, std::string, __nv_bool, int64_t, uint64_t, double, std::allocator, nlohmann_lmp::json_abi_v3_12_0::adl_serializer, std::vector<uint8_t, std::allocator<uint8_t>>, void>, nlohmann_lmp::json_abi_v3_12_0::detail::iterator_input_adapter<__gnu_cxx::__normal_iterator<const uint8_t *, std::vector<uint8_t, std::allocator<uint8_t>>>>>, NumberType=uint8_t]" at line 12646
            instantiation of "__nv_bool nlohmann_lmp::json_abi_v3_12_0::detail::binary_reader<BasicJsonType, InputAdapterType, SAX>::get_number(nlohmann_lmp::json_abi_v3_12_0::detail::input_format_t, NumberType &) [with BasicJsonType=nlohmann_lmp::json_abi_v3_12_0::basic_json<std::map, std::vector, std::string, __nv_bool, int64_t, uint64_t, double, std::allocator, nlohmann_lmp::json_abi_v3_12_0::adl_serializer, std::vector<uint8_t, std::allocator<uint8_t>>, void>, InputAdapterType=nlohmann_lmp::json_abi_v3_12_0::detail::iterator_input_adapter<__gnu_cxx::__normal_iterator<const uint8_t *, std::vector<uint8_t, std::allocator<uint8_t>>>>, SAX=nlohmann_lmp::json_abi_v3_12_0::detail::json_sax_dom_parser<nlohmann_lmp::json_abi_v3_12_0::basic_json<std::map, std::vector, std::string, __nv_bool, int64_t, uint64_t, double, std::allocator, nlohmann_lmp::json_abi_v3_12_0::adl_serializer, std::vector<uint8_t, std::allocator<uint8_t>>, void>, nlohmann_lmp::json_abi_v3_12_0::detail::iterator_input_adapter<__gnu_cxx::__normal_iterator<const uint8_t *, std::vector<uint8_t, std::allocator<uint8_t>>>>>, NumberType=uint8_t, InputIsLittleEndian=false]" at line 10036
            instantiation of "__nv_bool nlohmann_lmp::json_abi_v3_12_0::detail::binary_reader<BasicJsonType, InputAdapterType, SAX>::get_bson_binary(NumberType, nlohmann_lmp::json_abi_v3_12_0::detail::binary_reader<BasicJsonType, InputAdapterType, SAX>::binary_t &) [with BasicJsonType=nlohmann_lmp::json_abi_v3_12_0::basic_json<std::map, std::vector, std::string, __nv_bool, int64_t, uint64_t, double, std::allocator, nlohmann_lmp::json_abi_v3_12_0::adl_serializer, std::vector<uint8_t, std::allocator<uint8_t>>, void>, InputAdapterType=nlohmann_lmp::json_abi_v3_12_0::detail::iterator_input_adapter<__gnu_cxx::__normal_iterator<const uint8_t *, std::vector<uint8_t, std::allocator<uint8_t>>>>, SAX=nlohmann_lmp::json_abi_v3_12_0::detail::json_sax_dom_parser<nlohmann_lmp::json_abi_v3_12_0::basic_json<std::map, std::vector, std::string, __nv_bool, int64_t, uint64_t, double, std::allocator, nlohmann_lmp::json_abi_v3_12_0::adl_serializer, std::vector<uint8_t, std::allocator<uint8_t>>, void>, nlohmann_lmp::json_abi_v3_12_0::detail::iterator_input_adapter<__gnu_cxx::__normal_iterator<const uint8_t *, std::vector<uint8_t, std::allocator<uint8_t>>>>>, NumberType=int32_t]" at line 10084
            instantiation of "__nv_bool nlohmann_lmp::json_abi_v3_12_0::detail::binary_reader<BasicJsonType, InputAdapterType, SAX>::parse_bson_element_internal(nlohmann_lmp::json_abi_v3_12_0::detail::binary_reader<BasicJsonType, InputAdapterType, SAX>::char_int_type, std::size_t) [with BasicJsonType=nlohmann_lmp::json_abi_v3_12_0::basic_json<std::map, std::vector, std::string, __nv_bool, int64_t, uint64_t, double, std::allocator, nlohmann_lmp::json_abi_v3_12_0::adl_serializer, std::vector<uint8_t, std::allocator<uint8_t>>, void>, InputAdapterType=nlohmann_lmp::json_abi_v3_12_0::detail::iterator_input_adapter<__gnu_cxx::__normal_iterator<const uint8_t *, std::vector<uint8_t, std::allocator<uint8_t>>>>, SAX=nlohmann_lmp::json_abi_v3_12_0::detail::json_sax_dom_parser<nlohmann_lmp::json_abi_v3_12_0::basic_json<std::map, std::vector, std::string, __nv_bool, int64_t, uint64_t, double, std::allocator, nlohmann_lmp::json_abi_v3_12_0::adl_serializer, std::vector<uint8_t, std::allocator<uint8_t>>, void>, nlohmann_lmp::json_abi_v3_12_0::detail::iterator_input_adapter<__gnu_cxx::__normal_iterator<const uint8_t *, std::vector<uint8_t, std::allocator<uint8_t>>>>>]" at line 10160
            instantiation of "__nv_bool nlohmann_lmp::json_abi_v3_12_0::detail::binary_reader<BasicJsonType, InputAdapterType, SAX>::parse_bson_element_list(__nv_bool) [with BasicJsonType=nlohmann_lmp::json_abi_v3_12_0::basic_json<std::map, std::vector, std::string, __nv_bool, int64_t, uint64_t, double, std::allocator, nlohmann_lmp::json_abi_v3_12_0::adl_serializer, std::vector<uint8_t, std::allocator<uint8_t>>, void>, InputAdapterType=nlohmann_lmp::json_abi_v3_12_0::detail::iterator_input_adapter<__gnu_cxx::__normal_iterator<const uint8_t *, std::vector<uint8_t, std::allocator<uint8_t>>>>, SAX=nlohmann_lmp::json_abi_v3_12_0::detail::json_sax_dom_parser<nlohmann_lmp::json_abi_v3_12_0::basic_json<std::map, std::vector, std::string, __nv_bool, int64_t, uint64_t, double, std::allocator, nlohmann_lmp::json_abi_v3_12_0::adl_serializer, std::vector<uint8_t, std::allocator<uint8_t>>, void>, nlohmann_lmp::json_abi_v3_12_0::detail::iterator_input_adapter<__gnu_cxx::__normal_iterator<const uint8_t *, std::vector<uint8_t, std::allocator<uint8_t>>>>>]" at line 9958
            instantiation of "__nv_bool nlohmann_lmp::json_abi_v3_12_0::detail::binary_reader<BasicJsonType, InputAdapterType, SAX>::parse_bson_internal() [with BasicJsonType=nlohmann_lmp::json_abi_v3_12_0::basic_json<std::map, std::vector, std::string, __nv_bool, int64_t, uint64_t, double, std::allocator, nlohmann_lmp::json_abi_v3_12_0::adl_serializer, std::vector<uint8_t, std::allocator<uint8_t>>, void>, InputAdapterType=nlohmann_lmp::json_abi_v3_12_0::detail::iterator_input_adapter<__gnu_cxx::__normal_iterator<const uint8_t *, std::vector<uint8_t, std::allocator<uint8_t>>>>, SAX=nlohmann_lmp::json_abi_v3_12_0::detail::json_sax_dom_parser<nlohmann_lmp::json_abi_v3_12_0::basic_json<std::map, std::vector, std::string, __nv_bool, int64_t, uint64_t, double, std::allocator, nlohmann_lmp::json_abi_v3_12_0::adl_serializer, std::vector<uint8_t, std::allocator<uint8_t>>, void>, nlohmann_lmp::json_abi_v3_12_0::detail::iterator_input_adapter<__gnu_cxx::__normal_iterator<const uint8_t *, std::vector<uint8_t, std::allocator<uint8_t>>>>>]" at line 9896
            instantiation of "__nv_bool nlohmann_lmp::json_abi_v3_12_0::detail::binary_reader<BasicJsonType, InputAdapterType, SAX>::sax_parse(nlohmann_lmp::json_abi_v3_12_0::detail::input_format_t, nlohmann_lmp::json_abi_v3_12_0::detail::binary_reader<BasicJsonType, InputAdapterType, SAX>::json_sax_t *, __nv_bool, nlohmann_lmp::json_abi_v3_12_0::detail::cbor_tag_handler_t) [with BasicJsonType=nlohmann_lmp::json_abi_v3_12_0::basic_json<std::map, std::vector, std::string, __nv_bool, int64_t, uint64_t, double, std::allocator, nlohmann_lmp::json_abi_v3_12_0::adl_serializer, std::vector<uint8_t, std::allocator<uint8_t>>, void>, InputAdapterType=nlohmann_lmp::json_abi_v3_12_0::detail::iterator_input_adapter<__gnu_cxx::__normal_iterator<const uint8_t *, std::vector<uint8_t, std::allocator<uint8_t>>>>, SAX=nlohmann_lmp::json_abi_v3_12_0::detail::json_sax_dom_parser<nlohmann_lmp::json_abi_v3_12_0::basic_json<std::map, std::vector, std::string, __nv_bool, int64_t, uint64_t, double, std::allocator, nlohmann_lmp::json_abi_v3_12_0::adl_serializer, std::vector<uint8_t, std::allocator<uint8_t>>, void>, nlohmann_lmp::json_abi_v3_12_0::detail::iterator_input_adapter<__gnu_cxx::__normal_iterator<const uint8_t *, std::vector<uint8_t, std::allocator<uint8_t>>>>>]" at line 24545
            instantiation of "nlohmann_lmp::json_abi_v3_12_0::basic_json<ObjectType, ArrayType, StringType, BooleanType, NumberIntegerType, NumberUnsignedType, NumberFloatType, AllocatorType, JSONSerializer, BinaryType, CustomBaseClass> nlohmann_lmp::json_abi_v3_12_0::basic_json<ObjectType, ArrayType, StringType, BooleanType, NumberIntegerType, NumberUnsignedType, NumberFloatType, AllocatorType, JSONSerializer, BinaryType, CustomBaseClass>::from_ubjson(InputType &&, __nv_bool, __nv_bool) [with ObjectType=std::map, ArrayType=std::vector, StringType=std::string, BooleanType=__nv_bool, NumberIntegerType=int64_t, NumberUnsignedType=uint64_t, NumberFloatType=double, AllocatorType=std::allocator, JSONSerializer=nlohmann_lmp::json_abi_v3_12_0::adl_serializer, BinaryType=std::vector<uint8_t, std::allocator<uint8_t>>, CustomBaseClass=void, InputType=std::vector<uint8_t, std::allocator<uint8_t>> &]" at line 193 of /home/guest/palash/Granular-Chains-DEM/lammps/src/molecule.cpp

Remark: The warnings can be suppressed with "-diag-suppress <warning-number>"

nvcc warning : incompatible redefinition for option 'compiler-bindir', the last value of this option was used
[ 33%] Building CXX object CMakeFiles/lammps.dir/home/guest/palash/Granular-Chains-DEM/lammps/src/region_prism.cpp.o
/home/guest/palash/Granular-Chains-DEM/lammps/src/nlohmann/json.hpp(12614): warning #186-D: pointless comparison of unsigned integer with zero
          for (std::size_t i = 0; i < sz / 2; ++i)
                                    ^
          detected during:
            instantiation of "void nlohmann_lmp::json_abi_v3_12_0::detail::binary_reader<BasicJsonType, InputAdapterType, SAX>::byte_swap(NumberType &) [with BasicJsonType=nlohmann_lmp::json_abi_v3_12_0::basic_json<std::map, std::vector, std::string, __nv_bool, int64_t, uint64_t, double, std::allocator, nlohmann_lmp::json_abi_v3_12_0::adl_serializer, std::vector<uint8_t, std::allocator<uint8_t>>, void>, InputAdapterType=nlohmann_lmp::json_abi_v3_12_0::detail::iterator_input_adapter<__gnu_cxx::__normal_iterator<const uint8_t *, std::vector<uint8_t, std::allocator<uint8_t>>>>, SAX=nlohmann_lmp::json_abi_v3_12_0::detail::json_sax_dom_parser<nlohmann_lmp::json_abi_v3_12_0::basic_json<std::map, std::vector, std::string, __nv_bool, int64_t, uint64_t, double, std::allocator, nlohmann_lmp::json_abi_v3_12_0::adl_serializer, std::vector<uint8_t, std::allocator<uint8_t>>, void>, nlohmann_lmp::json_abi_v3_12_0::detail::iterator_input_adapter<__gnu_cxx::__normal_iterator<const uint8_t *, std::vector<uint8_t, std::allocator<uint8_t>>>>>, NumberType=int8_t]" at line 12646
            instantiation of "__nv_bool nlohmann_lmp::json_abi_v3_12_0::detail::binary_reader<BasicJsonType, InputAdapterType, SAX>::get_number(nlohmann_lmp::json_abi_v3_12_0::detail::input_format_t, NumberType &) [with BasicJsonType=nlohmann_lmp::json_abi_v3_12_0::basic_json<std::map, std::vector, std::string, __nv_bool, int64_t, uint64_t, double, std::allocator, nlohmann_lmp::json_abi_v3_12_0::adl_serializer, std::vector<uint8_t, std::allocator<uint8_t>>, void>, InputAdapterType=nlohmann_lmp::json_abi_v3_12_0::detail::iterator_input_adapter<__gnu_cxx::__normal_iterator<const uint8_t *, std::vector<uint8_t, std::allocator<uint8_t>>>>, SAX=nlohmann_lmp::json_abi_v3_12_0::detail::json_sax_dom_parser<nlohmann_lmp::json_abi_v3_12_0::basic_json<std::map, std::vector, std::string, __nv_bool, int64_t, uint64_t, double, std::allocator, nlohmann_lmp::json_abi_v3_12_0::adl_serializer, std::vector<uint8_t, std::allocator<uint8_t>>, void>, nlohmann_lmp::json_abi_v3_12_0::detail::iterator_input_adapter<__gnu_cxx::__normal_iterator<const uint8_t *, std::vector<uint8_t, std::allocator<uint8_t>>>>>, NumberType=int8_t, InputIsLittleEndian=false]" at line 11483
            instantiation of "__nv_bool nlohmann_lmp::json_abi_v3_12_0::detail::binary_reader<BasicJsonType, InputAdapterType, SAX>::get_msgpack_binary(nlohmann_lmp::json_abi_v3_12_0::detail::binary_reader<BasicJsonType, InputAdapterType, SAX>::binary_t &) [with BasicJsonType=nlohmann_lmp::json_abi_v3_12_0::basic_json<std::map, std::vector, std::string, __nv_bool, int64_t, uint64_t, double, std::allocator, nlohmann_lmp::json_abi_v3_12_0::adl_serializer, std::vector<uint8_t, std::allocator<uint8_t>>, void>, InputAdapterType=nlohmann_lmp::json_abi_v3_12_0::detail::iterator_input_adapter<__gnu_cxx::__normal_iterator<const uint8_t *, std::vector<uint8_t, std::allocator<uint8_t>>>>, SAX=nlohmann_lmp::json_abi_v3_12_0::detail::json_sax_dom_parser<nlohmann_lmp::json_abi_v3_12_0::basic_json<std::map, std::vector, std::string, __nv_bool, int64_t, uint64_t, double, std::allocator, nlohmann_lmp::json_abi_v3_12_0::adl_serializer, std::vector<uint8_t, std::allocator<uint8_t>>, void>, nlohmann_lmp::json_abi_v3_12_0::detail::iterator_input_adapter<__gnu_cxx::__normal_iterator<const uint8_t *, std::vector<uint8_t, std::allocator<uint8_t>>>>>]" at line 11222
            instantiation of "__nv_bool nlohmann_lmp::json_abi_v3_12_0::detail::binary_reader<BasicJsonType, InputAdapterType, SAX>::parse_msgpack_internal() [with BasicJsonType=nlohmann_lmp::json_abi_v3_12_0::basic_json<std::map, std::vector, std::string, __nv_bool, int64_t, uint64_t, double, std::allocator, nlohmann_lmp::json_abi_v3_12_0::adl_serializer, std::vector<uint8_t, std::allocator<uint8_t>>, void>, InputAdapterType=nlohmann_lmp::json_abi_v3_12_0::detail::iterator_input_adapter<__gnu_cxx::__normal_iterator<const uint8_t *, std::vector<uint8_t, std::allocator<uint8_t>>>>, SAX=nlohmann_lmp::json_abi_v3_12_0::detail::json_sax_dom_parser<nlohmann_lmp::json_abi_v3_12_0::basic_json<std::map, std::vector, std::string, __nv_bool, int64_t, uint64_t, double, std::allocator, nlohmann_lmp::json_abi_v3_12_0::adl_serializer, std::vector<uint8_t, std::allocator<uint8_t>>, void>, nlohmann_lmp::json_abi_v3_12_0::detail::iterator_input_adapter<__gnu_cxx::__normal_iterator<const uint8_t *, std::vector<uint8_t, std::allocator<uint8_t>>>>>]" at line 9904
            instantiation of "__nv_bool nlohmann_lmp::json_abi_v3_12_0::detail::binary_reader<BasicJsonType, InputAdapterType, SAX>::sax_parse(nlohmann_lmp::json_abi_v3_12_0::detail::input_format_t, nlohmann_lmp::json_abi_v3_12_0::detail::binary_reader<BasicJsonType, InputAdapterType, SAX>::json_sax_t *, __nv_bool, nlohmann_lmp::json_abi_v3_12_0::detail::cbor_tag_handler_t) [with BasicJsonType=nlohmann_lmp::json_abi_v3_12_0::basic_json<std::map, std::vector, std::string, __nv_bool, int64_t, uint64_t, double, std::allocator, nlohmann_lmp::json_abi_v3_12_0::adl_serializer, std::vector<uint8_t, std::allocator<uint8_t>>, void>, InputAdapterType=nlohmann_lmp::json_abi_v3_12_0::detail::iterator_input_adapter<__gnu_cxx::__normal_iterator<const uint8_t *, std::vector<uint8_t, std::allocator<uint8_t>>>>, SAX=nlohmann_lmp::json_abi_v3_12_0::detail::json_sax_dom_parser<nlohmann_lmp::json_abi_v3_12_0::basic_json<std::map, std::vector, std::string, __nv_bool, int64_t, uint64_t, double, std::allocator, nlohmann_lmp::json_abi_v3_12_0::adl_serializer, std::vector<uint8_t, std::allocator<uint8_t>>, void>, nlohmann_lmp::json_abi_v3_12_0::detail::iterator_input_adapter<__gnu_cxx::__normal_iterator<const uint8_t *, std::vector<uint8_t, std::allocator<uint8_t>>>>>]" at line 24545
            instantiation of "nlohmann_lmp::json_abi_v3_12_0::basic_json<ObjectType, ArrayType, StringType, BooleanType, NumberIntegerType, NumberUnsignedType, NumberFloatType, AllocatorType, JSONSerializer, BinaryType, CustomBaseClass> nlohmann_lmp::json_abi_v3_12_0::basic_json<ObjectType, ArrayType, StringType, BooleanType, NumberIntegerType, NumberUnsignedType, NumberFloatType, AllocatorType, JSONSerializer, BinaryType, CustomBaseClass>::from_ubjson(InputType &&, __nv_bool, __nv_bool) [with ObjectType=std::map, ArrayType=std::vector, StringType=std::string, BooleanType=__nv_bool, NumberIntegerType=int64_t, NumberUnsignedType=uint64_t, NumberFloatType=double, AllocatorType=std::allocator, JSONSerializer=nlohmann_lmp::json_abi_v3_12_0::adl_serializer, BinaryType=std::vector<uint8_t, std::allocator<uint8_t>>, CustomBaseClass=void, InputType=std::vector<uint8_t, std::allocator<uint8_t>> &]" at line 193 of /home/guest/palash/Granular-Chains-DEM/lammps/src/molecule.cpp

[ 33%] Building CXX object CMakeFiles/lammps.dir/home/guest/palash/Granular-Chains-DEM/lammps/src/region_sphere.cpp.o
[ 33%] Building CXX object CMakeFiles/lammps.dir/home/guest/palash/Granular-Chains-DEM/lammps/src/region_union.cpp.o
nvcc warning : incompatible redefinition for option 'compiler-bindir', the last value of this option was used
nvcc warning : incompatible redefinition for option 'compiler-bindir', the last value of this option was used
nvcc warning : incompatible redefinition for option 'compiler-bindir', the last value of this option was used
[ 33%] Building CXX object CMakeFiles/lammps.dir/home/guest/palash/Granular-Chains-DEM/lammps/src/replicate.cpp.o
nvcc warning : incompatible redefinition for option 'compiler-bindir', the last value of this option was used
nvcc warning : incompatible redefinition for option 'compiler-bindir', the last value of this option was used
nvcc warning : incompatible redefinition for option 'compiler-bindir', the last value of this option was used
nvcc warning : incompatible redefinition for option 'compiler-bindir', the last value of this option was used
[ 33%] Building CXX object CMakeFiles/lammps.dir/home/guest/palash/Granular-Chains-DEM/lammps/src/rerun.cpp.o
[ 33%] Building CXX object CMakeFiles/lammps.dir/home/guest/palash/Granular-Chains-DEM/lammps/src/reset_atoms_id.cpp.o
nvcc warning : incompatible redefinition for option 'compiler-bindir', the last value of this option was used
nvcc warning : incompatible redefinition for option 'compiler-bindir', the last value of this option was used
[ 33%] Building CXX object CMakeFiles/lammps.dir/home/guest/palash/Granular-Chains-DEM/lammps/src/reset_atoms_image.cpp.o
nvcc warning : incompatible redefinition for option 'compiler-bindir', the last value of this option was used
[ 33%] Building CXX object CMakeFiles/lammps.dir/home/guest/palash/Granular-Chains-DEM/lammps/src/reset_atoms_mol.cpp.o
nvcc warning : incompatible redefinition for option 'compiler-bindir', the last value of this option was used
nvcc warning : incompatible redefinition for option 'compiler-bindir', the last value of this option was used
nvcc warning : incompatible redefinition for option 'compiler-bindir', the last value of this option was used
nvcc warning : incompatible redefinition for option 'compiler-bindir', the last value of this option was used
nvcc warning : incompatible redefinition for option 'compiler-bindir', the last value of this option was used
[ 33%] Building CXX object CMakeFiles/lammps.dir/home/guest/palash/Granular-Chains-DEM/lammps/src/respa.cpp.o
nvcc warning : incompatible redefinition for option 'compiler-bindir', the last value of this option was used
nvcc warning : incompatible redefinition for option 'compiler-bindir', the last value of this option was used
nvcc warning : incompatible redefinition for option 'compiler-bindir', the last value of this option was used
nvcc warning : incompatible redefinition for option 'compiler-bindir', the last value of this option was used
nvcc warning : incompatible redefinition for option 'compiler-bindir', the last value of this option was used
nvcc warning : incompatible redefinition for option 'compiler-bindir', the last value of this option was used
nvcc warning : incompatible redefinition for option 'compiler-bindir', the last value of this option was used
[ 34%] Building CXX object CMakeFiles/lammps.dir/home/guest/palash/Granular-Chains-DEM/lammps/src/run.cpp.o
[ 34%] Building CXX object CMakeFiles/lammps.dir/home/guest/palash/Granular-Chains-DEM/lammps/src/set.cpp.o
nvcc warning : incompatible redefinition for option 'compiler-bindir', the last value of this option was used
nvcc warning : incompatible redefinition for option 'compiler-bindir', the last value of this option was used
nvcc warning : incompatible redefinition for option 'compiler-bindir', the last value of this option was used
[ 34%] Building CXX object CMakeFiles/lammps.dir/home/guest/palash/Granular-Chains-DEM/lammps/src/special.cpp.o
[ 34%] Building CXX object CMakeFiles/lammps.dir/home/guest/palash/Granular-Chains-DEM/lammps/src/table_file_reader.cpp.o
[ 34%] Building CXX object CMakeFiles/lammps.dir/home/guest/palash/Granular-Chains-DEM/lammps/src/tabular_function.cpp.o
nvcc warning : incompatible redefinition for option 'compiler-bindir', the last value of this option was used
nvcc warning : incompatible redefinition for option 'compiler-bindir', the last value of this option was used
nvcc warning : incompatible redefinition for option 'compiler-bindir', the last value of this option was used
[ 34%] Building CXX object CMakeFiles/lammps.dir/home/guest/palash/Granular-Chains-DEM/lammps/src/text_file_reader.cpp.o
nvcc warning : incompatible redefinition for option 'compiler-bindir', the last value of this option was used
nvcc warning : incompatible redefinition for option 'compiler-bindir', the last value of this option was used
nvcc warning : incompatible redefinition for option 'compiler-bindir', the last value of this option was used
nvcc warning : incompatible redefinition for option 'compiler-bindir', the last value of this option was used
[ 34%] Building CXX object CMakeFiles/lammps.dir/home/guest/palash/Granular-Chains-DEM/lammps/src/thermo.cpp.o
nvcc warning : incompatible redefinition for option 'compiler-bindir', the last value of this option was used
[ 34%] Building CXX object CMakeFiles/lammps.dir/home/guest/palash/Granular-Chains-DEM/lammps/src/timer.cpp.o
[ 34%] Building CXX object CMakeFiles/lammps.dir/home/guest/palash/Granular-Chains-DEM/lammps/src/tokenizer.cpp.o
nvcc warning : incompatible redefinition for option 'compiler-bindir', the last value of this option was used
nvcc warning : incompatible redefinition for option 'compiler-bindir', the last value of this option was used
nvcc warning : incompatible redefinition for option 'compiler-bindir', the last value of this option was used
[ 34%] Building CXX object CMakeFiles/lammps.dir/home/guest/palash/Granular-Chains-DEM/lammps/src/universe.cpp.o
nvcc warning : incompatible redefinition for option 'compiler-bindir', the last value of this option was used
nvcc warning : incompatible redefinition for option 'compiler-bindir', the last value of this option was used
nvcc warning : incompatible redefinition for option 'compiler-bindir', the last value of this option was used
nvcc warning : incompatible redefinition for option 'compiler-bindir', the last value of this option was used
nvcc warning : incompatible redefinition for option 'compiler-bindir', the last value of this option was used
nvcc warning : incompatible redefinition for option 'compiler-bindir', the last value of this option was used
nvcc warning : incompatible redefinition for option 'compiler-bindir', the last value of this option was used
nvcc warning : incompatible redefinition for option 'compiler-bindir', the last value of this option was used
[ 34%] Building CXX object CMakeFiles/lammps.dir/home/guest/palash/Granular-Chains-DEM/lammps/src/update.cpp.o
[ 34%] Building CXX object CMakeFiles/lammps.dir/home/guest/palash/Granular-Chains-DEM/lammps/src/utils.cpp.o
nvcc warning : incompatible redefinition for option 'compiler-bindir', the last value of this option was used
[ 34%] Building CXX object CMakeFiles/lammps.dir/home/guest/palash/Granular-Chains-DEM/lammps/src/variable.cpp.o
[ 34%] Building CXX object CMakeFiles/lammps.dir/home/guest/palash/Granular-Chains-DEM/lammps/src/velocity.cpp.o
[ 34%] Building CXX object CMakeFiles/lammps.dir/home/guest/palash/Granular-Chains-DEM/lammps/src/verlet.cpp.o
nvcc warning : incompatible redefinition for option 'compiler-bindir', the last value of this option was used
nvcc warning : incompatible redefinition for option 'compiler-bindir', the last value of this option was used
nvcc warning : incompatible redefinition for option 'compiler-bindir', the last value of this option was used
nvcc warning : incompatible redefinition for option 'compiler-bindir', the last value of this option was used
nvcc warning : incompatible redefinition for option 'compiler-bindir', the last value of this option was used
nvcc warning : incompatible redefinition for option 'compiler-bindir', the last value of this option was used
nvcc warning : incompatible redefinition for option 'compiler-bindir', the last value of this option was used
nvcc warning : incompatible redefinition for option 'compiler-bindir', the last value of this option was used
nvcc warning : incompatible redefinition for option 'compiler-bindir', the last value of this option was used
[ 34%] Building CXX object CMakeFiles/lammps.dir/home/guest/palash/Granular-Chains-DEM/lammps/src/write_coeff.cpp.o
[ 34%] Building CXX object CMakeFiles/lammps.dir/home/guest/palash/Granular-Chains-DEM/lammps/src/write_data.cpp.o
/home/guest/palash/Granular-Chains-DEM/lammps/src/accelerator_omp.h(28): warning #611-D: overloaded virtual function "LAMMPS_NS::Domain::lamda2x" is only partially overridden in class "LAMMPS_NS::DomainOMP"
  class DomainOMP : public Domain {
        ^

Remark: The warnings can be suppressed with "-diag-suppress <warning-number>"

/home/guest/palash/Granular-Chains-DEM/lammps/src/accelerator_omp.h(28): warning #611-D: overloaded virtual function "LAMMPS_NS::Domain::x2lamda" is only partially overridden in class "LAMMPS_NS::DomainOMP"
  class DomainOMP : public Domain {
        ^

[ 34%] Building CXX object CMakeFiles/lammps.dir/home/guest/palash/Granular-Chains-DEM/lammps/src/write_dump.cpp.o
[ 34%] Building CXX object CMakeFiles/lammps.dir/home/guest/palash/Granular-Chains-DEM/lammps/src/write_restart.cpp.o
[ 35%] Building CXX object CMakeFiles/lammps.dir/home/guest/palash/Granular-Chains-DEM/lammps/src/AMOEBA/amoeba_charge_transfer.cpp.o
[ 35%] Building CXX object CMakeFiles/lammps.dir/home/guest/palash/Granular-Chains-DEM/lammps/src/AMOEBA/amoeba_convolution.cpp.o
nvcc warning : incompatible redefinition for option 'compiler-bindir', the last value of this option was used
nvcc warning : incompatible redefinition for option 'compiler-bindir', the last value of this option was used
[ 35%] Building CXX object CMakeFiles/lammps.dir/home/guest/palash/Granular-Chains-DEM/lammps/src/AMOEBA/amoeba_dispersion.cpp.o
nvcc warning : incompatible redefinition for option 'compiler-bindir', the last value of this option was used
nvcc warning : incompatible redefinition for option 'compiler-bindir', the last value of this option was used
nvcc warning : incompatible redefinition for option 'compiler-bindir', the last value of this option was used
nvcc warning : incompatible redefinition for option 'compiler-bindir', the last value of this option was used
nvcc warning : incompatible redefinition for option 'compiler-bindir', the last value of this option was used
[ 35%] Building CXX object CMakeFiles/lammps.dir/home/guest/palash/Granular-Chains-DEM/lammps/src/AMOEBA/amoeba_file.cpp.o
nvcc warning : incompatible redefinition for option 'compiler-bindir', the last value of this option was used
[ 35%] Building CXX object CMakeFiles/lammps.dir/home/guest/palash/Granular-Chains-DEM/lammps/src/AMOEBA/amoeba_hal.cpp.o
nvcc warning : incompatible redefinition for option 'compiler-bindir', the last value of this option was used
nvcc warning : incompatible redefinition for option 'compiler-bindir', the last value of this option was used
[ 35%] Building CXX object CMakeFiles/lammps.dir/home/guest/palash/Granular-Chains-DEM/lammps/src/AMOEBA/amoeba_induce.cpp.o
nvcc warning : incompatible redefinition for option 'compiler-bindir', the last value of this option was used
nvcc warning : incompatible redefinition for option 'compiler-bindir', the last value of this option was used
[ 35%] Building CXX object CMakeFiles/lammps.dir/home/guest/palash/Granular-Chains-DEM/lammps/src/AMOEBA/amoeba_kspace.cpp.o
nvcc warning : incompatible redefinition for option 'compiler-bindir', the last value of this option was used
nvcc warning : incompatible redefinition for option 'compiler-bindir', the last value of this option was used
nvcc warning : incompatible redefinition for option 'compiler-bindir', the last value of this option was used
nvcc warning : incompatible redefinition for option 'compiler-bindir', the last value of this option was used
nvcc warning : incompatible redefinition for option 'compiler-bindir', the last value of this option was used
nvcc warning : incompatible redefinition for option 'compiler-bindir', the last value of this option was used
nvcc warning : incompatible redefinition for option 'compiler-bindir', the last value of this option was used
[ 35%] Building CXX object CMakeFiles/lammps.dir/home/guest/palash/Granular-Chains-DEM/lammps/src/AMOEBA/amoeba_multipole.cpp.o
nvcc warning : incompatible redefinition for option 'compiler-bindir', the last value of this option was used
[ 35%] Building CXX object CMakeFiles/lammps.dir/home/guest/palash/Granular-Chains-DEM/lammps/src/AMOEBA/amoeba_polar.cpp.o
nvcc warning : incompatible redefinition for option 'compiler-bindir', the last value of this option was used
nvcc warning : incompatible redefinition for option 'compiler-bindir', the last value of this option was used
nvcc warning : incompatible redefinition for option 'compiler-bindir', the last value of this option was used
[ 35%] Building CXX object CMakeFiles/lammps.dir/home/guest/palash/Granular-Chains-DEM/lammps/src/AMOEBA/amoeba_repulsion.cpp.o
[ 35%] Building CXX object CMakeFiles/lammps.dir/home/guest/palash/Granular-Chains-DEM/lammps/src/AMOEBA/amoeba_utils.cpp.o
nvcc warning : incompatible redefinition for option 'compiler-bindir', the last value of this option was used
nvcc warning : incompatible redefinition for option 'compiler-bindir', the last value of this option was used
[ 35%] Building CXX object CMakeFiles/lammps.dir/home/guest/palash/Granular-Chains-DEM/lammps/src/AMOEBA/angle_amoeba.cpp.o
nvcc warning : incompatible redefinition for option 'compiler-bindir', the last value of this option was used
[ 35%] Building CXX object CMakeFiles/lammps.dir/home/guest/palash/Granular-Chains-DEM/lammps/src/AMOEBA/atom_vec_amoeba.cpp.o
nvcc warning : incompatible redefinition for option 'compiler-bindir', the last value of this option was used
nvcc warning : incompatible redefinition for option 'compiler-bindir', the last value of this option was used
nvcc warning : incompatible redefinition for option 'compiler-bindir', the last value of this option was used
[ 35%] Building CXX object CMakeFiles/lammps.dir/home/guest/palash/Granular-Chains-DEM/lammps/src/AMOEBA/fix_amoeba_bitorsion.cpp.o
nvcc warning : incompatible redefinition for option 'compiler-bindir', the last value of this option was used
nvcc warning : incompatible redefinition for option 'compiler-bindir', the last value of this option was used
[ 35%] Building CXX object CMakeFiles/lammps.dir/home/guest/palash/Granular-Chains-DEM/lammps/src/AMOEBA/fix_amoeba_pitorsion.cpp.o
nvcc warning : incompatible redefinition for option 'compiler-bindir', the last value of this option was used
nvcc warning : incompatible redefinition for option 'compiler-bindir', the last value of this option was used
nvcc warning : incompatible redefinition for option 'compiler-bindir', the last value of this option was used
[ 35%] Building CXX object CMakeFiles/lammps.dir/home/guest/palash/Granular-Chains-DEM/lammps/src/AMOEBA/improper_amoeba.cpp.o
nvcc warning : incompatible redefinition for option 'compiler-bindir', the last value of this option was used
[ 35%] Building CXX object CMakeFiles/lammps.dir/home/guest/palash/Granular-Chains-DEM/lammps/src/AMOEBA/pair_amoeba.cpp.o
[ 35%] Building CXX object CMakeFiles/lammps.dir/home/guest/palash/Granular-Chains-DEM/lammps/src/AMOEBA/pair_hippo.cpp.o
nvcc warning : incompatible redefinition for option 'compiler-bindir', the last value of this option was used
[ 35%] Building CXX object CMakeFiles/lammps.dir/home/guest/palash/Granular-Chains-DEM/lammps/src/ASPHERE/compute_erotate_asphere.cpp.o
[ 36%] Building CXX object CMakeFiles/lammps.dir/home/guest/palash/Granular-Chains-DEM/lammps/src/ASPHERE/compute_temp_asphere.cpp.o
nvcc warning : incompatible redefinition for option 'compiler-bindir', the last value of this option was used
nvcc warning : incompatible redefinition for option 'compiler-bindir', the last value of this option was used
[ 36%] Building CXX object CMakeFiles/lammps.dir/home/guest/palash/Granular-Chains-DEM/lammps/src/ASPHERE/fix_nh_asphere.cpp.o
nvcc warning : incompatible redefinition for option 'compiler-bindir', the last value of this option was used
nvcc warning : incompatible redefinition for option 'compiler-bindir', the last value of this option was used
nvcc warning : incompatible redefinition for option 'compiler-bindir', the last value of this option was used
nvcc warning : incompatible redefinition for option 'compiler-bindir', the last value of this option was used
nvcc warning : incompatible redefinition for option 'compiler-bindir', the last value of this option was used
[ 36%] Building CXX object CMakeFiles/lammps.dir/home/guest/palash/Granular-Chains-DEM/lammps/src/ASPHERE/fix_nph_asphere.cpp.o
nvcc warning : incompatible redefinition for option 'compiler-bindir', the last value of this option was used
[ 36%] Building CXX object CMakeFiles/lammps.dir/home/guest/palash/Granular-Chains-DEM/lammps/src/ASPHERE/fix_npt_asphere.cpp.o
nvcc warning : incompatible redefinition for option 'compiler-bindir', the last value of this option was used
nvcc warning : incompatible redefinition for option 'compiler-bindir', the last value of this option was used
nvcc warning : incompatible redefinition for option 'compiler-bindir', the last value of this option was used
[ 36%] Building CXX object CMakeFiles/lammps.dir/home/guest/palash/Granular-Chains-DEM/lammps/src/ASPHERE/fix_nve_asphere.cpp.o
nvcc warning : incompatible redefinition for option 'compiler-bindir', the last value of this option was used
nvcc warning : incompatible redefinition for option 'compiler-bindir', the last value of this option was used
[ 36%] Building CXX object CMakeFiles/lammps.dir/home/guest/palash/Granular-Chains-DEM/lammps/src/ASPHERE/fix_nve_asphere_noforce.cpp.o
nvcc warning : incompatible redefinition for option 'compiler-bindir', the last value of this option was used
nvcc warning : incompatible redefinition for option 'compiler-bindir', the last value of this option was used
nvcc warning : incompatible redefinition for option 'compiler-bindir', the last value of this option was used
[ 36%] Building CXX object CMakeFiles/lammps.dir/home/guest/palash/Granular-Chains-DEM/lammps/src/ASPHERE/fix_nve_line.cpp.o
nvcc warning : incompatible redefinition for option 'compiler-bindir', the last value of this option was used
nvcc warning : incompatible redefinition for option 'compiler-bindir', the last value of this option was used
[ 36%] Building CXX object CMakeFiles/lammps.dir/home/guest/palash/Granular-Chains-DEM/lammps/src/ASPHERE/fix_nve_tri.cpp.o
[ 36%] Building CXX object CMakeFiles/lammps.dir/home/guest/palash/Granular-Chains-DEM/lammps/src/ASPHERE/fix_nvt_asphere.cpp.o
nvcc warning : incompatible redefinition for option 'compiler-bindir', the last value of this option was used
[ 36%] Building CXX object CMakeFiles/lammps.dir/home/guest/palash/Granular-Chains-DEM/lammps/src/ASPHERE/pair_gayberne.cpp.o
[ 36%] Building CXX object CMakeFiles/lammps.dir/home/guest/palash/Granular-Chains-DEM/lammps/src/ASPHERE/pair_line_lj.cpp.o
nvcc warning : incompatible redefinition for option 'compiler-bindir', the last value of this option was used
nvcc warning : incompatible redefinition for option 'compiler-bindir', the last value of this option was used
nvcc warning : incompatible redefinition for option 'compiler-bindir', the last value of this option was used
nvcc warning : incompatible redefinition for option 'compiler-bindir', the last value of this option was used
nvcc warning : incompatible redefinition for option 'compiler-bindir', the last value of this option was used
nvcc warning : incompatible redefinition for option 'compiler-bindir', the last value of this option was used
[ 36%] Building CXX object CMakeFiles/lammps.dir/home/guest/palash/Granular-Chains-DEM/lammps/src/ASPHERE/pair_resquared.cpp.o
nvcc warning : incompatible redefinition for option 'compiler-bindir', the last value of this option was used
nvcc warning : incompatible redefinition for option 'compiler-bindir', the last value of this option was used
nvcc warning : incompatible redefinition for option 'compiler-bindir', the last value of this option was used
nvcc warning : incompatible redefinition for option 'compiler-bindir', the last value of this option was used
nvcc warning : incompatible redefinition for option 'compiler-bindir', the last value of this option was used
[ 36%] Building CXX object CMakeFiles/lammps.dir/home/guest/palash/Granular-Chains-DEM/lammps/src/ASPHERE/pair_tri_lj.cpp.o
nvcc warning : incompatible redefinition for option 'compiler-bindir', the last value of this option was used
[ 36%] Building CXX object CMakeFiles/lammps.dir/home/guest/palash/Granular-Chains-DEM/lammps/src/ASPHERE/pair_ylz.cpp.o
nvcc warning : incompatible redefinition for option 'compiler-bindir', the last value of this option was used
nvcc warning : incompatible redefinition for option 'compiler-bindir', the last value of this option was used
nvcc warning : incompatible redefinition for option 'compiler-bindir', the last value of this option was used
nvcc warning : incompatible redefinition for option 'compiler-bindir', the last value of this option was used
[ 36%] Building CXX object CMakeFiles/lammps.dir/home/guest/palash/Granular-Chains-DEM/lammps/src/BOCS/compute_pressure_bocs.cpp.o
[ 36%] Building CXX object CMakeFiles/lammps.dir/home/guest/palash/Granular-Chains-DEM/lammps/src/BOCS/fix_bocs.cpp.o
[ 36%] Building CXX object CMakeFiles/lammps.dir/home/guest/palash/Granular-Chains-DEM/lammps/src/BODY/body_nparticle.cpp.o
nvcc warning : incompatible redefinition for option 'compiler-bindir', the last value of this option was used
nvcc warning : incompatible redefinition for option 'compiler-bindir', the last value of this option was used
nvcc warning : incompatible redefinition for option 'compiler-bindir', the last value of this option was used
nvcc warning : incompatible redefinition for option 'compiler-bindir', the last value of this option was used
nvcc warning : incompatible redefinition for option 'compiler-bindir', the last value of this option was used
nvcc warning : incompatible redefinition for option 'compiler-bindir', the last value of this option was used
nvcc warning : incompatible redefinition for option 'compiler-bindir', the last value of this option was used
[ 36%] Building CXX object CMakeFiles/lammps.dir/home/guest/palash/Granular-Chains-DEM/lammps/src/BODY/body_rounded_polygon.cpp.o
[ 36%] Building CXX object CMakeFiles/lammps.dir/home/guest/palash/Granular-Chains-DEM/lammps/src/BODY/body_rounded_polyhedron.cpp.o
nvcc warning : incompatible redefinition for option 'compiler-bindir', the last value of this option was used
nvcc warning : incompatible redefinition for option 'compiler-bindir', the last value of this option was used
nvcc warning : incompatible redefinition for option 'compiler-bindir', the last value of this option was used
nvcc warning : incompatible redefinition for option 'compiler-bindir', the last value of this option was used
[ 37%] Building CXX object CMakeFiles/lammps.dir/home/guest/palash/Granular-Chains-DEM/lammps/src/BODY/compute_body_local.cpp.o
[ 37%] Building CXX object CMakeFiles/lammps.dir/home/guest/palash/Granular-Chains-DEM/lammps/src/BODY/compute_temp_body.cpp.o
nvcc warning : incompatible redefinition for option 'compiler-bindir', the last value of this option was used
/home/guest/palash/Granular-Chains-DEM/lammps/src/info.cpp(509): warning #177-D: variable "ngroup" was declared but never referenced
      int ngroup = group->ngroup;
          ^

Remark: The warnings can be suppressed with "-diag-suppress <warning-number>"

[ 37%] Building CXX object CMakeFiles/lammps.dir/home/guest/palash/Granular-Chains-DEM/lammps/src/BODY/fix_nh_body.cpp.o
[ 37%] Building CXX object CMakeFiles/lammps.dir/home/guest/palash/Granular-Chains-DEM/lammps/src/BODY/fix_nph_body.cpp.o
nvcc warning : incompatible redefinition for option 'compiler-bindir', the last value of this option was used
nvcc warning : incompatible redefinition for option 'compiler-bindir', the last value of this option was used
[ 37%] Building CXX object CMakeFiles/lammps.dir/home/guest/palash/Granular-Chains-DEM/lammps/src/BODY/fix_npt_body.cpp.o
[ 37%] Building CXX object CMakeFiles/lammps.dir/home/guest/palash/Granular-Chains-DEM/lammps/src/BODY/fix_nve_body.cpp.o
nvcc warning : incompatible redefinition for option 'compiler-bindir', the last value of this option was used
nvcc warning : incompatible redefinition for option 'compiler-bindir', the last value of this option was used
nvcc warning : incompatible redefinition for option 'compiler-bindir', the last value of this option was used
nvcc warning : incompatible redefinition for option 'compiler-bindir', the last value of this option was used
nvcc warning : incompatible redefinition for option 'compiler-bindir', the last value of this option was used
nvcc warning : incompatible redefinition for option 'compiler-bindir', the last value of this option was used
nvcc warning : incompatible redefinition for option 'compiler-bindir', the last value of this option was used
[ 37%] Building CXX object CMakeFiles/lammps.dir/home/guest/palash/Granular-Chains-DEM/lammps/src/BODY/fix_nvt_body.cpp.o
nvcc warning : incompatible redefinition for option 'compiler-bindir', the last value of this option was used
nvcc warning : incompatible redefinition for option 'compiler-bindir', the last value of this option was used
[ 37%] Building CXX object CMakeFiles/lammps.dir/home/guest/palash/Granular-Chains-DEM/lammps/src/BODY/fix_wall_body_polygon.cpp.o
nvcc warning : incompatible redefinition for option 'compiler-bindir', the last value of this option was used
nvcc warning : incompatible redefinition for option 'compiler-bindir', the last value of this option was used
nvcc warning : incompatible redefinition for option 'compiler-bindir', the last value of this option was used
nvcc warning : incompatible redefinition for option 'compiler-bindir', the last value of this option was used
nvcc warning : incompatible redefinition for option 'compiler-bindir', the last value of this option was used
nvcc warning : incompatible redefinition for option 'compiler-bindir', the last value of this option was used
nvcc warning : incompatible redefinition for option 'compiler-bindir', the last value of this option was used
[ 37%] Building CXX object CMakeFiles/lammps.dir/home/guest/palash/Granular-Chains-DEM/lammps/src/BODY/fix_wall_body_polyhedron.cpp.o
[ 37%] Building CXX object CMakeFiles/lammps.dir/home/guest/palash/Granular-Chains-DEM/lammps/src/BODY/pair_body_nparticle.cpp.o
nvcc warning : incompatible redefinition for option 'compiler-bindir', the last value of this option was used
nvcc warning : incompatible redefinition for option 'compiler-bindir', the last value of this option was used
nvcc warning : incompatible redefinition for option 'compiler-bindir', the last value of this option was used
nvcc warning : incompatible redefinition for option 'compiler-bindir', the last value of this option was used
[ 37%] Building CXX object CMakeFiles/lammps.dir/home/guest/palash/Granular-Chains-DEM/lammps/src/BODY/pair_body_rounded_polygon.cpp.o
[ 37%] Building CXX object CMakeFiles/lammps.dir/home/guest/palash/Granular-Chains-DEM/lammps/src/BODY/pair_body_rounded_polyhedron.cpp.o
nvcc warning : incompatible redefinition for option 'compiler-bindir', the last value of this option was used
nvcc warning : incompatible redefinition for option 'compiler-bindir', the last value of this option was used
nvcc warning : incompatible redefinition for option 'compiler-bindir', the last value of this option was used
[ 37%] Building CXX object CMakeFiles/lammps.dir/home/guest/palash/Granular-Chains-DEM/lammps/src/BPM/atom_vec_bpm_sphere.cpp.o
nvcc warning : incompatible redefinition for option 'compiler-bindir', the last value of this option was used
nvcc warning : incompatible redefinition for option 'compiler-bindir', the last value of this option was used
[ 37%] Building CXX object CMakeFiles/lammps.dir/home/guest/palash/Granular-Chains-DEM/lammps/src/BPM/bond_bpm.cpp.o
nvcc warning : incompatible redefinition for option 'compiler-bindir', the last value of this option was used
nvcc warning : incompatible redefinition for option 'compiler-bindir', the last value of this option was used
[ 37%] Building CXX object CMakeFiles/lammps.dir/home/guest/palash/Granular-Chains-DEM/lammps/src/BPM/bond_bpm_rotational.cpp.o
[ 37%] Building CXX object CMakeFiles/lammps.dir/home/guest/palash/Granular-Chains-DEM/lammps/src/BPM/bond_bpm_spring.cpp.o
nvcc warning : incompatible redefinition for option 'compiler-bindir', the last value of this option was used
nvcc warning : incompatible redefinition for option 'compiler-bindir', the last value of this option was used
nvcc warning : incompatible redefinition for option 'compiler-bindir', the last value of this option was used
nvcc warning : incompatible redefinition for option 'compiler-bindir', the last value of this option was used
[ 37%] Building CXX object CMakeFiles/lammps.dir/home/guest/palash/Granular-Chains-DEM/lammps/src/BPM/bond_bpm_spring_plastic.cpp.o
[ 37%] Building CXX object CMakeFiles/lammps.dir/home/guest/palash/Granular-Chains-DEM/lammps/src/BPM/compute_nbond_atom.cpp.o
nvcc warning : incompatible redefinition for option 'compiler-bindir', the last value of this option was used
[ 37%] Building CXX object CMakeFiles/lammps.dir/home/guest/palash/Granular-Chains-DEM/lammps/src/BPM/fix_update_special_bonds.cpp.o
[ 37%] Building CXX object CMakeFiles/lammps.dir/home/guest/palash/Granular-Chains-DEM/lammps/src/BPM/fix_nve_bpm_sphere.cpp.o
[ 38%] Building CXX object CMakeFiles/lammps.dir/home/guest/palash/Granular-Chains-DEM/lammps/src/BPM/pair_bpm_spring.cpp.o
nvcc warning : incompatible redefinition for option 'compiler-bindir', the last value of this option was used
[ 38%] Building CXX object CMakeFiles/lammps.dir/home/guest/palash/Granular-Chains-DEM/lammps/src/BROWNIAN/fix_brownian.cpp.o
nvcc warning : incompatible redefinition for option 'compiler-bindir', the last value of this option was used
[ 38%] Building CXX object CMakeFiles/lammps.dir/home/guest/palash/Granular-Chains-DEM/lammps/src/BROWNIAN/fix_brownian_asphere.cpp.o
nvcc warning : incompatible redefinition for option 'compiler-bindir', the last value of this option was used
nvcc warning : incompatible redefinition for option 'compiler-bindir', the last value of this option was used
nvcc warning : incompatible redefinition for option 'compiler-bindir', the last value of this option was used
nvcc warning : incompatible redefinition for option 'compiler-bindir', the last value of this option was used
nvcc warning : incompatible redefinition for option 'compiler-bindir', the last value of this option was used
nvcc warning : incompatible redefinition for option 'compiler-bindir', the last value of this option was used
nvcc warning : incompatible redefinition for option 'compiler-bindir', the last value of this option was used
nvcc warning : incompatible redefinition for option 'compiler-bindir', the last value of this option was used
nvcc warning : incompatible redefinition for option 'compiler-bindir', the last value of this option was used
nvcc warning : incompatible redefinition for option 'compiler-bindir', the last value of this option was used
nvcc warning : incompatible redefinition for option 'compiler-bindir', the last value of this option was used
[ 38%] Building CXX object CMakeFiles/lammps.dir/home/guest/palash/Granular-Chains-DEM/lammps/src/BROWNIAN/fix_brownian_base.cpp.o
nvcc warning : incompatible redefinition for option 'compiler-bindir', the last value of this option was used
nvcc warning : incompatible redefinition for option 'compiler-bindir', the last value of this option was used
[ 38%] Building CXX object CMakeFiles/lammps.dir/home/guest/palash/Granular-Chains-DEM/lammps/src/BROWNIAN/fix_brownian_sphere.cpp.o
nvcc warning : incompatible redefinition for option 'compiler-bindir', the last value of this option was used
nvcc warning : incompatible redefinition for option 'compiler-bindir', the last value of this option was used
[ 38%] Building CXX object CMakeFiles/lammps.dir/home/guest/palash/Granular-Chains-DEM/lammps/src/BROWNIAN/fix_propel_self.cpp.o
[ 38%] Building CXX object CMakeFiles/lammps.dir/home/guest/palash/Granular-Chains-DEM/lammps/src/CG-DNA/atom_vec_oxdna.cpp.o
[ 38%] Building CXX object CMakeFiles/lammps.dir/home/guest/palash/Granular-Chains-DEM/lammps/src/CG-DNA/bond_oxdna2_fene.cpp.o
[ 38%] Building CXX object CMakeFiles/lammps.dir/home/guest/palash/Granular-Chains-DEM/lammps/src/CG-DNA/bond_oxdna_fene.cpp.o
nvcc warning : incompatible redefinition for option 'compiler-bindir', the last value of this option was used
nvcc warning : incompatible redefinition for option 'compiler-bindir', the last value of this option was used
[ 38%] Building CXX object CMakeFiles/lammps.dir/home/guest/palash/Granular-Chains-DEM/lammps/src/CG-DNA/bond_oxrna2_fene.cpp.o
nvcc warning : incompatible redefinition for option 'compiler-bindir', the last value of this option was used
nvcc warning : incompatible redefinition for option 'compiler-bindir', the last value of this option was used
[ 38%] Building CXX object CMakeFiles/lammps.dir/home/guest/palash/Granular-Chains-DEM/lammps/src/CG-DNA/constants_oxdna.cpp.o
[ 38%] Building CXX object CMakeFiles/lammps.dir/home/guest/palash/Granular-Chains-DEM/lammps/src/CG-DNA/fix_nve_dot.cpp.o
nvcc warning : incompatible redefinition for option 'compiler-bindir', the last value of this option was used
[ 38%] Building CXX object CMakeFiles/lammps.dir/home/guest/palash/Granular-Chains-DEM/lammps/src/CG-DNA/fix_nve_dotc_langevin.cpp.o
[ 38%] Building CXX object CMakeFiles/lammps.dir/home/guest/palash/Granular-Chains-DEM/lammps/src/CG-DNA/pair_oxdna2_coaxstk.cpp.o
nvcc warning : incompatible redefinition for option 'compiler-bindir', the last value of this option was used
[ 38%] Building CXX object CMakeFiles/lammps.dir/home/guest/palash/Granular-Chains-DEM/lammps/src/CG-DNA/pair_oxdna2_dh.cpp.o
nvcc warning : incompatible redefinition for option 'compiler-bindir', the last value of this option was used
[ 38%] Building CXX object CMakeFiles/lammps.dir/home/guest/palash/Granular-Chains-DEM/lammps/src/CG-DNA/pair_oxdna2_excv.cpp.o
nvcc warning : incompatible redefinition for option 'compiler-bindir', the last value of this option was used
nvcc warning : incompatible redefinition for option 'compiler-bindir', the last value of this option was used
nvcc warning : incompatible redefinition for option 'compiler-bindir', the last value of this option was used
nvcc warning : incompatible redefinition for option 'compiler-bindir', the last value of this option was used
[ 38%] Building CXX object CMakeFiles/lammps.dir/home/guest/palash/Granular-Chains-DEM/lammps/src/CG-DNA/pair_oxdna_coaxstk.cpp.o
nvcc warning : incompatible redefinition for option 'compiler-bindir', the last value of this option was used
nvcc warning : incompatible redefinition for option 'compiler-bindir', the last value of this option was used
nvcc warning : incompatible redefinition for option 'compiler-bindir', the last value of this option was used
[ 38%] Building CXX object CMakeFiles/lammps.dir/home/guest/palash/Granular-Chains-DEM/lammps/src/CG-DNA/pair_oxdna_excv.cpp.o
nvcc warning : incompatible redefinition for option 'compiler-bindir', the last value of this option was used
[ 38%] Building CXX object CMakeFiles/lammps.dir/home/guest/palash/Granular-Chains-DEM/lammps/src/CG-DNA/pair_oxdna_hbond.cpp.o
nvcc warning : incompatible redefinition for option 'compiler-bindir', the last value of this option was used
nvcc warning : incompatible redefinition for option 'compiler-bindir', the last value of this option was used
nvcc warning : incompatible redefinition for option 'compiler-bindir', the last value of this option was used
nvcc warning : incompatible redefinition for option 'compiler-bindir', the last value of this option was used
[ 39%] Building CXX object CMakeFiles/lammps.dir/home/guest/palash/Granular-Chains-DEM/lammps/src/CG-DNA/pair_oxdna_stk.cpp.o
nvcc warning : incompatible redefinition for option 'compiler-bindir', the last value of this option was used
nvcc warning : incompatible redefinition for option 'compiler-bindir', the last value of this option was used
nvcc warning : incompatible redefinition for option 'compiler-bindir', the last value of this option was used
nvcc warning : incompatible redefinition for option 'compiler-bindir', the last value of this option was used
[ 39%] Building CXX object CMakeFiles/lammps.dir/home/guest/palash/Granular-Chains-DEM/lammps/src/CG-DNA/pair_oxdna_xstk.cpp.o
nvcc warning : incompatible redefinition for option 'compiler-bindir', the last value of this option was used
nvcc warning : incompatible redefinition for option 'compiler-bindir', the last value of this option was used
[ 39%] Building CXX object CMakeFiles/lammps.dir/home/guest/palash/Granular-Chains-DEM/lammps/src/CG-DNA/pair_oxrna2_dh.cpp.o
[ 39%] Building CXX object CMakeFiles/lammps.dir/home/guest/palash/Granular-Chains-DEM/lammps/src/CG-DNA/pair_oxrna2_excv.cpp.o
nvcc warning : incompatible redefinition for option 'compiler-bindir', the last value of this option was used
nvcc warning : incompatible redefinition for option 'compiler-bindir', the last value of this option was used
[ 39%] Building CXX object CMakeFiles/lammps.dir/home/guest/palash/Granular-Chains-DEM/lammps/src/CG-DNA/pair_oxrna2_hbond.cpp.o
nvcc warning : incompatible redefinition for option 'compiler-bindir', the last value of this option was used
nvcc warning : incompatible redefinition for option 'compiler-bindir', the last value of this option was used
[ 39%] Building CXX object CMakeFiles/lammps.dir/home/guest/palash/Granular-Chains-DEM/lammps/src/CG-DNA/pair_oxrna2_stk.cpp.o
nvcc warning : incompatible redefinition for option 'compiler-bindir', the last value of this option was used
nvcc warning : incompatible redefinition for option 'compiler-bindir', the last value of this option was used
nvcc warning : incompatible redefinition for option 'compiler-bindir', the last value of this option was used
nvcc warning : incompatible redefinition for option 'compiler-bindir', the last value of this option was used
nvcc warning : incompatible redefinition for option 'compiler-bindir', the last value of this option was used
[ 39%] Building CXX object CMakeFiles/lammps.dir/home/guest/palash/Granular-Chains-DEM/lammps/src/CG-DNA/pair_oxrna2_xstk.cpp.o
nvcc warning : incompatible redefinition for option 'compiler-bindir', the last value of this option was used
nvcc warning : incompatible redefinition for option 'compiler-bindir', the last value of this option was used
nvcc warning : incompatible redefinition for option 'compiler-bindir', the last value of this option was used
nvcc warning : incompatible redefinition for option 'compiler-bindir', the last value of this option was used
nvcc warning : incompatible redefinition for option 'compiler-bindir', the last value of this option was used
nvcc warning : incompatible redefinition for option 'compiler-bindir', the last value of this option was used
nvcc warning : incompatible redefinition for option 'compiler-bindir', the last value of this option was used
[ 39%] Building CXX object CMakeFiles/lammps.dir/home/guest/palash/Granular-Chains-DEM/lammps/src/CG-SPICA/angle_spica.cpp.o
[ 39%] Building CXX object CMakeFiles/lammps.dir/home/guest/palash/Granular-Chains-DEM/lammps/src/CG-SPICA/pair_lj_spica.cpp.o
nvcc warning : incompatible redefinition for option 'compiler-bindir', the last value of this option was used
nvcc warning : incompatible redefinition for option 'compiler-bindir', the last value of this option was used
[ 39%] Building CXX object CMakeFiles/lammps.dir/home/guest/palash/Granular-Chains-DEM/lammps/src/CG-SPICA/pair_lj_spica_coul_long.cpp.o
[ 39%] Building CXX object CMakeFiles/lammps.dir/home/guest/palash/Granular-Chains-DEM/lammps/src/CG-SPICA/pair_lj_spica_coul_msm.cpp.o
[ 39%] Building CXX object CMakeFiles/lammps.dir/home/guest/palash/Granular-Chains-DEM/lammps/src/CLASS2/angle_class2.cpp.o
[ 39%] Building CXX object CMakeFiles/lammps.dir/home/guest/palash/Granular-Chains-DEM/lammps/src/CLASS2/bond_class2.cpp.o
[ 39%] Building CXX object CMakeFiles/lammps.dir/home/guest/palash/Granular-Chains-DEM/lammps/src/CLASS2/dihedral_class2.cpp.o
[ 39%] Building CXX object CMakeFiles/lammps.dir/home/guest/palash/Granular-Chains-DEM/lammps/src/CLASS2/improper_class2.cpp.o
[ 39%] Building CXX object CMakeFiles/lammps.dir/home/guest/palash/Granular-Chains-DEM/lammps/src/CLASS2/pair_lj_class2.cpp.o
[ 39%] Building CXX object CMakeFiles/lammps.dir/home/guest/palash/Granular-Chains-DEM/lammps/src/CLASS2/pair_lj_class2_coul_cut.cpp.o
nvcc warning : incompatible redefinition for option 'compiler-bindir', the last value of this option was used
nvcc warning : incompatible redefinition for option 'compiler-bindir', the last value of this option was used
nvcc warning : incompatible redefinition for option 'compiler-bindir', the last value of this option was used
nvcc warning : incompatible redefinition for option 'compiler-bindir', the last value of this option was used
[ 39%] Building CXX object CMakeFiles/lammps.dir/home/guest/palash/Granular-Chains-DEM/lammps/src/CLASS2/pair_lj_class2_coul_long.cpp.o
nvcc warning : incompatible redefinition for option 'compiler-bindir', the last value of this option was used
nvcc warning : incompatible redefinition for option 'compiler-bindir', the last value of this option was used
nvcc warning : incompatible redefinition for option 'compiler-bindir', the last value of this option was used
nvcc warning : incompatible redefinition for option 'compiler-bindir', the last value of this option was used
nvcc warning : incompatible redefinition for option 'compiler-bindir', the last value of this option was used
nvcc warning : incompatible redefinition for option 'compiler-bindir', the last value of this option was used
nvcc warning : incompatible redefinition for option 'compiler-bindir', the last value of this option was used
nvcc warning : incompatible redefinition for option 'compiler-bindir', the last value of this option was used
nvcc warning : incompatible redefinition for option 'compiler-bindir', the last value of this option was used
nvcc warning : incompatible redefinition for option 'compiler-bindir', the last value of this option was used
nvcc warning : incompatible redefinition for option 'compiler-bindir', the last value of this option was used
nvcc warning : incompatible redefinition for option 'compiler-bindir', the last value of this option was used
nvcc warning : incompatible redefinition for option 'compiler-bindir', the last value of this option was used
nvcc warning : incompatible redefinition for option 'compiler-bindir', the last value of this option was used
nvcc warning : incompatible redefinition for option 'compiler-bindir', the last value of this option was used
nvcc warning : incompatible redefinition for option 'compiler-bindir', the last value of this option was used
[ 39%] Building CXX object CMakeFiles/lammps.dir/home/guest/palash/Granular-Chains-DEM/lammps/src/COLLOID/fix_wall_colloid.cpp.o
nvcc warning : incompatible redefinition for option 'compiler-bindir', the last value of this option was used
nvcc warning : incompatible redefinition for option 'compiler-bindir', the last value of this option was used
nvcc warning : incompatible redefinition for option 'compiler-bindir', the last value of this option was used
nvcc warning : incompatible redefinition for option 'compiler-bindir', the last value of this option was used
[ 40%] Building CXX object CMakeFiles/lammps.dir/home/guest/palash/Granular-Chains-DEM/lammps/src/COLLOID/pair_brownian.cpp.o
nvcc warning : incompatible redefinition for option 'compiler-bindir', the last value of this option was used
nvcc warning : incompatible redefinition for option 'compiler-bindir', the last value of this option was used
nvcc warning : incompatible redefinition for option 'compiler-bindir', the last value of this option was used
[ 40%] Building CXX object CMakeFiles/lammps.dir/home/guest/palash/Granular-Chains-DEM/lammps/src/COLLOID/pair_brownian_poly.cpp.o
nvcc warning : incompatible redefinition for option 'compiler-bindir', the last value of this option was used
nvcc warning : incompatible redefinition for option 'compiler-bindir', the last value of this option was used
[ 40%] Building CXX object CMakeFiles/lammps.dir/home/guest/palash/Granular-Chains-DEM/lammps/src/COLLOID/pair_colloid.cpp.o
nvcc warning : incompatible redefinition for option 'compiler-bindir', the last value of this option was used
nvcc warning : incompatible redefinition for option 'compiler-bindir', the last value of this option was used
nvcc warning : incompatible redefinition for option 'compiler-bindir', the last value of this option was used
[ 40%] Building CXX object CMakeFiles/lammps.dir/home/guest/palash/Granular-Chains-DEM/lammps/src/COLLOID/pair_lubricate.cpp.o
nvcc warning : incompatible redefinition for option 'compiler-bindir', the last value of this option was used
nvcc warning : incompatible redefinition for option 'compiler-bindir', the last value of this option was used
[ 40%] Building CXX object CMakeFiles/lammps.dir/home/guest/palash/Granular-Chains-DEM/lammps/src/COLLOID/pair_lubricateU.cpp.o
[ 40%] Building CXX object CMakeFiles/lammps.dir/home/guest/palash/Granular-Chains-DEM/lammps/src/COLLOID/pair_lubricateU_poly.cpp.o
[ 40%] Building CXX object CMakeFiles/lammps.dir/home/guest/palash/Granular-Chains-DEM/lammps/src/COLLOID/pair_lubricate_poly.cpp.o
[ 40%] Building CXX object CMakeFiles/lammps.dir/home/guest/palash/Granular-Chains-DEM/lammps/src/COLLOID/pair_yukawa_colloid.cpp.o
[ 40%] Building CXX object CMakeFiles/lammps.dir/home/guest/palash/Granular-Chains-DEM/lammps/src/COLVARS/colvarproxy_lammps.cpp.o
[ 40%] Building CXX object CMakeFiles/lammps.dir/home/guest/palash/Granular-Chains-DEM/lammps/src/COLVARS/fix_colvars.cpp.o
nvcc warning : incompatible redefinition for option 'compiler-bindir', the last value of this option was used
nvcc warning : incompatible redefinition for option 'compiler-bindir', the last value of this option was used
nvcc warning : incompatible redefinition for option 'compiler-bindir', the last value of this option was used
nvcc warning : incompatible redefinition for option 'compiler-bindir', the last value of this option was used
[ 40%] Building CXX object CMakeFiles/lammps.dir/home/guest/palash/Granular-Chains-DEM/lammps/src/COLVARS/inthash.cpp.o
nvcc warning : incompatible redefinition for option 'compiler-bindir', the last value of this option was used
nvcc warning : incompatible redefinition for option 'compiler-bindir', the last value of this option was used
nvcc warning : incompatible redefinition for option 'compiler-bindir', the last value of this option was used
nvcc warning : incompatible redefinition for option 'compiler-bindir', the last value of this option was used
[ 40%] Building CXX object CMakeFiles/lammps.dir/home/guest/palash/Granular-Chains-DEM/lammps/src/COMPRESS/dump_atom_gz.cpp.o
nvcc warning : incompatible redefinition for option 'compiler-bindir', the last value of this option was used
nvcc warning : incompatible redefinition for option 'compiler-bindir', the last value of this option was used
nvcc warning : incompatible redefinition for option 'compiler-bindir', the last value of this option was used
nvcc warning : incompatible redefinition for option 'compiler-bindir', the last value of this option was used
[ 40%] Building CXX object CMakeFiles/lammps.dir/home/guest/palash/Granular-Chains-DEM/lammps/src/COMPRESS/dump_atom_zstd.cpp.o
nvcc warning : incompatible redefinition for option 'compiler-bindir', the last value of this option was used
[ 40%] Building CXX object CMakeFiles/lammps.dir/home/guest/palash/Granular-Chains-DEM/lammps/src/COMPRESS/dump_cfg_gz.cpp.o
nvcc warning : incompatible redefinition for option 'compiler-bindir', the last value of this option was used
[ 40%] Building CXX object CMakeFiles/lammps.dir/home/guest/palash/Granular-Chains-DEM/lammps/src/COMPRESS/dump_cfg_zstd.cpp.o
nvcc warning : incompatible redefinition for option 'compiler-bindir', the last value of this option was used
nvcc warning : incompatible redefinition for option 'compiler-bindir', the last value of this option was used
[ 40%] Building CXX object CMakeFiles/lammps.dir/home/guest/palash/Granular-Chains-DEM/lammps/src/COMPRESS/dump_custom_gz.cpp.o
[ 40%] Building CXX object CMakeFiles/lammps.dir/home/guest/palash/Granular-Chains-DEM/lammps/src/COMPRESS/dump_custom_zstd.cpp.o
[ 40%] Building CXX object CMakeFiles/lammps.dir/home/guest/palash/Granular-Chains-DEM/lammps/src/COMPRESS/dump_local_gz.cpp.o
nvcc warning : incompatible redefinition for option 'compiler-bindir', the last value of this option was used
[ 40%] Building CXX object CMakeFiles/lammps.dir/home/guest/palash/Granular-Chains-DEM/lammps/src/COMPRESS/dump_local_zstd.cpp.o
[ 41%] Building CXX object CMakeFiles/lammps.dir/home/guest/palash/Granular-Chains-DEM/lammps/src/COMPRESS/dump_xyz_gz.cpp.o
nvcc warning : incompatible redefinition for option 'compiler-bindir', the last value of this option was used
nvcc warning : incompatible redefinition for option 'compiler-bindir', the last value of this option was used
[ 41%] Building CXX object CMakeFiles/lammps.dir/home/guest/palash/Granular-Chains-DEM/lammps/src/COMPRESS/dump_xyz_zstd.cpp.o
nvcc warning : incompatible redefinition for option 'compiler-bindir', the last value of this option was used
nvcc warning : incompatible redefinition for option 'compiler-bindir', the last value of this option was used
nvcc warning : incompatible redefinition for option 'compiler-bindir', the last value of this option was used
nvcc warning : incompatible redefinition for option 'compiler-bindir', the last value of this option was used
nvcc warning : incompatible redefinition for option 'compiler-bindir', the last value of this option was used
[ 41%] Building CXX object CMakeFiles/lammps.dir/home/guest/palash/Granular-Chains-DEM/lammps/src/COMPRESS/gz_file_writer.cpp.o
nvcc warning : incompatible redefinition for option 'compiler-bindir', the last value of this option was used
nvcc warning : incompatible redefinition for option 'compiler-bindir', the last value of this option was used
[ 41%] Building CXX object CMakeFiles/lammps.dir/home/guest/palash/Granular-Chains-DEM/lammps/src/COMPRESS/zstd_file_writer.cpp.o
nvcc warning : incompatible redefinition for option 'compiler-bindir', the last value of this option was used
[ 41%] Building CXX object CMakeFiles/lammps.dir/home/guest/palash/Granular-Chains-DEM/lammps/src/DIELECTRIC/atom_vec_dielectric.cpp.o
[ 41%] Building CXX object CMakeFiles/lammps.dir/home/guest/palash/Granular-Chains-DEM/lammps/src/DIELECTRIC/compute_efield_atom.cpp.o
[ 41%] Building CXX object CMakeFiles/lammps.dir/home/guest/palash/Granular-Chains-DEM/lammps/src/DIELECTRIC/fix_polarize_bem_gmres.cpp.o
nvcc warning : incompatible redefinition for option 'compiler-bindir', the last value of this option was used
nvcc warning : incompatible redefinition for option 'compiler-bindir', the last value of this option was used
[ 41%] Building CXX object CMakeFiles/lammps.dir/home/guest/palash/Granular-Chains-DEM/lammps/src/DIELECTRIC/fix_polarize_bem_icc.cpp.o
nvcc warning : incompatible redefinition for option 'compiler-bindir', the last value of this option was used
nvcc warning : incompatible redefinition for option 'compiler-bindir', the last value of this option was used
nvcc warning : incompatible redefinition for option 'compiler-bindir', the last value of this option was used
nvcc warning : incompatible redefinition for option 'compiler-bindir', the last value of this option was used
nvcc warning : incompatible redefinition for option 'compiler-bindir', the last value of this option was used
nvcc warning : incompatible redefinition for option 'compiler-bindir', the last value of this option was used
nvcc warning : incompatible redefinition for option 'compiler-bindir', the last value of this option was used
[ 41%] Building CXX object CMakeFiles/lammps.dir/home/guest/palash/Granular-Chains-DEM/lammps/src/DIELECTRIC/fix_polarize_functional.cpp.o
/home/guest/palash/Granular-Chains-DEM/lammps/src/COLVARS/colvarproxy_lammps.h(27): warning #611-D: overloaded virtual function "colvarproxy_atoms::init_atom" is only partially overridden in class "colvarproxy_lammps"
  class colvarproxy_lammps : public colvarproxy {
        ^

Remark: The warnings can be suppressed with "-diag-suppress <warning-number>"

/home/guest/palash/Granular-Chains-DEM/lammps/src/COLVARS/colvarproxy_lammps.h(27): warning #611-D: overloaded virtual function "colvarproxy_atoms::check_atom_id" is only partially overridden in class "colvarproxy_lammps"
  class colvarproxy_lammps : public colvarproxy {
        ^

nvcc warning : incompatible redefinition for option 'compiler-bindir', the last value of this option was used
nvcc warning : incompatible redefinition for option 'compiler-bindir', the last value of this option was used
[ 41%] Building CXX object CMakeFiles/lammps.dir/home/guest/palash/Granular-Chains-DEM/lammps/src/DIELECTRIC/msm_dielectric.cpp.o
nvcc warning : incompatible redefinition for option 'compiler-bindir', the last value of this option was used
[ 41%] Building CXX object CMakeFiles/lammps.dir/home/guest/palash/Granular-Chains-DEM/lammps/src/DIELECTRIC/pair_coul_cut_dielectric.cpp.o
/home/guest/palash/Granular-Chains-DEM/lammps/src/COLVARS/colvarproxy_lammps.h(27): warning #611-D: overloaded virtual function "colvarproxy_atoms::init_atom" is only partially overridden in class "colvarproxy_lammps"
  class colvarproxy_lammps : public colvarproxy {
        ^

Remark: The warnings can be suppressed with "-diag-suppress <warning-number>"

/home/guest/palash/Granular-Chains-DEM/lammps/src/COLVARS/colvarproxy_lammps.h(27): warning #611-D: overloaded virtual function "colvarproxy_atoms::check_atom_id" is only partially overridden in class "colvarproxy_lammps"
  class colvarproxy_lammps : public colvarproxy {
        ^

[ 41%] Building CXX object CMakeFiles/lammps.dir/home/guest/palash/Granular-Chains-DEM/lammps/src/DIELECTRIC/pair_coul_long_dielectric.cpp.o
nvcc warning : incompatible redefinition for option 'compiler-bindir', the last value of this option was used
nvcc warning : incompatible redefinition for option 'compiler-bindir', the last value of this option was used
nvcc warning : incompatible redefinition for option 'compiler-bindir', the last value of this option was used
nvcc warning : incompatible redefinition for option 'compiler-bindir', the last value of this option was used
nvcc warning : incompatible redefinition for option 'compiler-bindir', the last value of this option was used
[ 41%] Building CXX object CMakeFiles/lammps.dir/home/guest/palash/Granular-Chains-DEM/lammps/src/DIELECTRIC/pair_lj_cut_coul_cut_dielectric.cpp.o
[ 41%] Building CXX object CMakeFiles/lammps.dir/home/guest/palash/Granular-Chains-DEM/lammps/src/DIELECTRIC/pair_lj_cut_coul_debye_dielectric.cpp.o
nvcc warning : incompatible redefinition for option 'compiler-bindir', the last value of this option was used
nvcc warning : incompatible redefinition for option 'compiler-bindir', the last value of this option was used
[ 41%] Building CXX object CMakeFiles/lammps.dir/home/guest/palash/Granular-Chains-DEM/lammps/src/DIELECTRIC/pair_lj_cut_coul_long_dielectric.cpp.o
nvcc warning : incompatible redefinition for option 'compiler-bindir', the last value of this option was used
[ 41%] Building CXX object CMakeFiles/lammps.dir/home/guest/palash/Granular-Chains-DEM/lammps/src/DIELECTRIC/pair_lj_cut_coul_msm_dielectric.cpp.o
nvcc warning : incompatible redefinition for option 'compiler-bindir', the last value of this option was used
nvcc warning : incompatible redefinition for option 'compiler-bindir', the last value of this option was used
nvcc warning : incompatible redefinition for option 'compiler-bindir', the last value of this option was used
nvcc warning : incompatible redefinition for option 'compiler-bindir', the last value of this option was used
nvcc warning : incompatible redefinition for option 'compiler-bindir', the last value of this option was used
nvcc warning : incompatible redefinition for option 'compiler-bindir', the last value of this option was used
nvcc warning : incompatible redefinition for option 'compiler-bindir', the last value of this option was used
nvcc warning : incompatible redefinition for option 'compiler-bindir', the last value of this option was used
[ 41%] Building CXX object CMakeFiles/lammps.dir/home/guest/palash/Granular-Chains-DEM/lammps/src/DIELECTRIC/pair_lj_long_coul_long_dielectric.cpp.o
[ 41%] Building CXX object CMakeFiles/lammps.dir/home/guest/palash/Granular-Chains-DEM/lammps/src/DIELECTRIC/pppm_dielectric.cpp.o
nvcc warning : incompatible redefinition for option 'compiler-bindir', the last value of this option was used
[ 41%] Building CXX object CMakeFiles/lammps.dir/home/guest/palash/Granular-Chains-DEM/lammps/src/DIELECTRIC/pppm_disp_dielectric.cpp.o
nvcc warning : incompatible redefinition for option 'compiler-bindir', the last value of this option was used
nvcc warning : incompatible redefinition for option 'compiler-bindir', the last value of this option was used
[ 42%] Building CXX object CMakeFiles/lammps.dir/home/guest/palash/Granular-Chains-DEM/lammps/src/DIFFRACTION/compute_saed.cpp.o
nvcc warning : incompatible redefinition for option 'compiler-bindir', the last value of this option was used
/home/guest/palash/Granular-Chains-DEM/lammps/src/COLVARS/colvarproxy_lammps.h(27): warning #611-D: overloaded virtual function "colvarproxy_atoms::init_atom" is only partially overridden in class "colvarproxy_lammps"
  class colvarproxy_lammps : public colvarproxy {
        ^

Remark: The warnings can be suppressed with "-diag-suppress <warning-number>"

/home/guest/palash/Granular-Chains-DEM/lammps/src/COLVARS/colvarproxy_lammps.h(27): warning #611-D: overloaded virtual function "colvarproxy_atoms::check_atom_id" is only partially overridden in class "colvarproxy_lammps"
  class colvarproxy_lammps : public colvarproxy {
        ^

nvcc warning : incompatible redefinition for option 'compiler-bindir', the last value of this option was used
nvcc warning : incompatible redefinition for option 'compiler-bindir', the last value of this option was used
nvcc warning : incompatible redefinition for option 'compiler-bindir', the last value of this option was used
nvcc warning : incompatible redefinition for option 'compiler-bindir', the last value of this option was used
nvcc warning : incompatible redefinition for option 'compiler-bindir', the last value of this option was used
nvcc warning : incompatible redefinition for option 'compiler-bindir', the last value of this option was used
nvcc warning : incompatible redefinition for option 'compiler-bindir', the last value of this option was used
nvcc warning : incompatible redefinition for option 'compiler-bindir', the last value of this option was used
[ 42%] Building CXX object CMakeFiles/lammps.dir/home/guest/palash/Granular-Chains-DEM/lammps/src/DIFFRACTION/compute_xrd.cpp.o
nvcc warning : incompatible redefinition for option 'compiler-bindir', the last value of this option was used
[ 42%] Building CXX object CMakeFiles/lammps.dir/home/guest/palash/Granular-Chains-DEM/lammps/src/DIFFRACTION/fix_saed_vtk.cpp.o
/home/guest/palash/Granular-Chains-DEM/lammps/src/COLVARS/colvarproxy_lammps.h(27): warning #611-D: overloaded virtual function "colvarproxy_atoms::init_atom" is only partially overridden in class "colvarproxy_lammps"
  class colvarproxy_lammps : public colvarproxy {
        ^

Remark: The warnings can be suppressed with "-diag-suppress <warning-number>"

/home/guest/palash/Granular-Chains-DEM/lammps/src/COLVARS/colvarproxy_lammps.h(27): warning #611-D: overloaded virtual function "colvarproxy_atoms::check_atom_id" is only partially overridden in class "colvarproxy_lammps"
  class colvarproxy_lammps : public colvarproxy {
        ^

nvcc warning : incompatible redefinition for option 'compiler-bindir', the last value of this option was used
[ 42%] Building CXX object CMakeFiles/lammps.dir/home/guest/palash/Granular-Chains-DEM/lammps/src/DIPOLE/angle_dipole.cpp.o
[ 42%] Building CXX object CMakeFiles/lammps.dir/home/guest/palash/Granular-Chains-DEM/lammps/src/DIPOLE/atom_vec_dipole.cpp.o
nvcc warning : incompatible redefinition for option 'compiler-bindir', the last value of this option was used
nvcc warning : incompatible redefinition for option 'compiler-bindir', the last value of this option was used
[ 42%] Building CXX object CMakeFiles/lammps.dir/home/guest/palash/Granular-Chains-DEM/lammps/src/DIPOLE/pair_lj_cut_dipole_cut.cpp.o
[ 42%] Building CXX object CMakeFiles/lammps.dir/home/guest/palash/Granular-Chains-DEM/lammps/src/DIPOLE/pair_lj_cut_dipole_long.cpp.o
nvcc warning : incompatible redefinition for option 'compiler-bindir', the last value of this option was used
[ 42%] Building CXX object CMakeFiles/lammps.dir/home/guest/palash/Granular-Chains-DEM/lammps/src/DIPOLE/pair_lj_long_dipole_long.cpp.o
nvcc warning : incompatible redefinition for option 'compiler-bindir', the last value of this option was used
[ 42%] Building CXX object CMakeFiles/lammps.dir/home/guest/palash/Granular-Chains-DEM/lammps/src/DIPOLE/pair_lj_sf_dipole_sf.cpp.o
nvcc warning : incompatible redefinition for option 'compiler-bindir', the last value of this option was used
[ 42%] Building CXX object CMakeFiles/lammps.dir/home/guest/palash/Granular-Chains-DEM/lammps/src/DPD-BASIC/pair_dpd.cpp.o
[ 42%] Building CXX object CMakeFiles/lammps.dir/home/guest/palash/Granular-Chains-DEM/lammps/src/DPD-BASIC/pair_dpd_coul_slater_long.cpp.o
[ 42%] Building CXX object CMakeFiles/lammps.dir/home/guest/palash/Granular-Chains-DEM/lammps/src/DPD-BASIC/pair_dpd_ext.cpp.o
nvcc warning : incompatible redefinition for option 'compiler-bindir', the last value of this option was used
nvcc warning : incompatible redefinition for option 'compiler-bindir', the last value of this option was used
nvcc warning : incompatible redefinition for option 'compiler-bindir', the last value of this option was used
[ 42%] Building CXX object CMakeFiles/lammps.dir/home/guest/palash/Granular-Chains-DEM/lammps/src/DPD-BASIC/pair_dpd_ext_tstat.cpp.o
nvcc warning : incompatible redefinition for option 'compiler-bindir', the last value of this option was used
nvcc warning : incompatible redefinition for option 'compiler-bindir', the last value of this option was used
nvcc warning : incompatible redefinition for option 'compiler-bindir', the last value of this option was used
nvcc warning : incompatible redefinition for option 'compiler-bindir', the last value of this option was used
nvcc warning : incompatible redefinition for option 'compiler-bindir', the last value of this option was used
nvcc warning : incompatible redefinition for option 'compiler-bindir', the last value of this option was used
[ 42%] Building CXX object CMakeFiles/lammps.dir/home/guest/palash/Granular-Chains-DEM/lammps/src/DPD-BASIC/pair_dpd_tstat.cpp.o
nvcc warning : incompatible redefinition for option 'compiler-bindir', the last value of this option was used
[ 42%] Building CXX object CMakeFiles/lammps.dir/home/guest/palash/Granular-Chains-DEM/lammps/src/DPD-MESO/atom_vec_edpd.cpp.o
nvcc warning : incompatible redefinition for option 'compiler-bindir', the last value of this option was used
[ 42%] Building CXX object CMakeFiles/lammps.dir/home/guest/palash/Granular-Chains-DEM/lammps/src/DPD-MESO/atom_vec_mdpd.cpp.o
nvcc warning : incompatible redefinition for option 'compiler-bindir', the last value of this option was used
nvcc warning : incompatible redefinition for option 'compiler-bindir', the last value of this option was used
nvcc warning : incompatible redefinition for option 'compiler-bindir', the last value of this option was used
nvcc warning : incompatible redefinition for option 'compiler-bindir', the last value of this option was used
nvcc warning : incompatible redefinition for option 'compiler-bindir', the last value of this option was used
nvcc warning : incompatible redefinition for option 'compiler-bindir', the last value of this option was used
[ 42%] Building CXX object CMakeFiles/lammps.dir/home/guest/palash/Granular-Chains-DEM/lammps/src/DPD-MESO/atom_vec_tdpd.cpp.o
nvcc warning : incompatible redefinition for option 'compiler-bindir', the last value of this option was used
nvcc warning : incompatible redefinition for option 'compiler-bindir', the last value of this option was used
nvcc warning : incompatible redefinition for option 'compiler-bindir', the last value of this option was used
nvcc warning : incompatible redefinition for option 'compiler-bindir', the last value of this option was used
nvcc warning : incompatible redefinition for option 'compiler-bindir', the last value of this option was used
nvcc warning : incompatible redefinition for option 'compiler-bindir', the last value of this option was used
nvcc warning : incompatible redefinition for option 'compiler-bindir', the last value of this option was used
nvcc warning : incompatible redefinition for option 'compiler-bindir', the last value of this option was used
nvcc warning : incompatible redefinition for option 'compiler-bindir', the last value of this option was used
nvcc warning : incompatible redefinition for option 'compiler-bindir', the last value of this option was used
nvcc warning : incompatible redefinition for option 'compiler-bindir', the last value of this option was used
nvcc warning : incompatible redefinition for option 'compiler-bindir', the last value of this option was used
[ 42%] Building CXX object CMakeFiles/lammps.dir/home/guest/palash/Granular-Chains-DEM/lammps/src/DPD-MESO/compute_edpd_temp_atom.cpp.o
nvcc warning : incompatible redefinition for option 'compiler-bindir', the last value of this option was used
[ 42%] Building CXX object CMakeFiles/lammps.dir/home/guest/palash/Granular-Chains-DEM/lammps/src/DPD-MESO/compute_tdpd_cc_atom.cpp.o
[ 43%] Building CXX object CMakeFiles/lammps.dir/home/guest/palash/Granular-Chains-DEM/lammps/src/DPD-MESO/fix_edpd_source.cpp.o
[ 43%] Building CXX object CMakeFiles/lammps.dir/home/guest/palash/Granular-Chains-DEM/lammps/src/DPD-MESO/fix_mvv_dpd.cpp.o
nvcc warning : incompatible redefinition for option 'compiler-bindir', the last value of this option was used
[ 43%] Building CXX object CMakeFiles/lammps.dir/home/guest/palash/Granular-Chains-DEM/lammps/src/DPD-MESO/fix_mvv_edpd.cpp.o
nvcc warning : incompatible redefinition for option 'compiler-bindir', the last value of this option was used
[ 43%] Building CXX object CMakeFiles/lammps.dir/home/guest/palash/Granular-Chains-DEM/lammps/src/DPD-MESO/fix_mvv_tdpd.cpp.o
nvcc warning : incompatible redefinition for option 'compiler-bindir', the last value of this option was used
nvcc warning : incompatible redefinition for option 'compiler-bindir', the last value of this option was used
nvcc warning : incompatible redefinition for option 'compiler-bindir', the last value of this option was used
nvcc warning : incompatible redefinition for option 'compiler-bindir', the last value of this option was used
[ 43%] Building CXX object CMakeFiles/lammps.dir/home/guest/palash/Granular-Chains-DEM/lammps/src/DPD-MESO/fix_tdpd_source.cpp.o
nvcc warning : incompatible redefinition for option 'compiler-bindir', the last value of this option was used
nvcc warning : incompatible redefinition for option 'compiler-bindir', the last value of this option was used
[ 43%] Building CXX object CMakeFiles/lammps.dir/home/guest/palash/Granular-Chains-DEM/lammps/src/DPD-MESO/pair_edpd.cpp.o
nvcc warning : incompatible redefinition for option 'compiler-bindir', the last value of this option was used
[ 43%] Building CXX object CMakeFiles/lammps.dir/home/guest/palash/Granular-Chains-DEM/lammps/src/DPD-MESO/pair_mdpd.cpp.o
[ 43%] Building CXX object CMakeFiles/lammps.dir/home/guest/palash/Granular-Chains-DEM/lammps/src/DPD-MESO/pair_mdpd_rhosum.cpp.o
nvcc warning : incompatible redefinition for option 'compiler-bindir', the last value of this option was used
nvcc warning : incompatible redefinition for option 'compiler-bindir', the last value of this option was used
[ 43%] Building CXX object CMakeFiles/lammps.dir/home/guest/palash/Granular-Chains-DEM/lammps/src/DPD-MESO/pair_tdpd.cpp.o
[ 43%] Building CXX object CMakeFiles/lammps.dir/home/guest/palash/Granular-Chains-DEM/lammps/src/DPD-REACT/atom_vec_dpd.cpp.o
[ 43%] Building CXX object CMakeFiles/lammps.dir/home/guest/palash/Granular-Chains-DEM/lammps/src/DPD-REACT/compute_dpd.cpp.o
nvcc warning : incompatible redefinition for option 'compiler-bindir', the last value of this option was used
[ 43%] Building CXX object CMakeFiles/lammps.dir/home/guest/palash/Granular-Chains-DEM/lammps/src/DPD-REACT/compute_dpd_atom.cpp.o
[ 43%] Building CXX object CMakeFiles/lammps.dir/home/guest/palash/Granular-Chains-DEM/lammps/src/DPD-REACT/fix_dpd_energy.cpp.o
[ 43%] Building CXX object CMakeFiles/lammps.dir/home/guest/palash/Granular-Chains-DEM/lammps/src/DPD-REACT/fix_eos_cv.cpp.o
nvcc warning : incompatible redefinition for option 'compiler-bindir', the last value of this option was used
[ 43%] Building CXX object CMakeFiles/lammps.dir/home/guest/palash/Granular-Chains-DEM/lammps/src/DPD-REACT/fix_eos_table.cpp.o
nvcc warning : incompatible redefinition for option 'compiler-bindir', the last value of this option was used
nvcc warning : incompatible redefinition for option 'compiler-bindir', the last value of this option was used
nvcc warning : incompatible redefinition for option 'compiler-bindir', the last value of this option was used
nvcc warning : incompatible redefinition for option 'compiler-bindir', the last value of this option was used
nvcc warning : incompatible redefinition for option 'compiler-bindir', the last value of this option was used
nvcc warning : incompatible redefinition for option 'compiler-bindir', the last value of this option was used
nvcc warning : incompatible redefinition for option 'compiler-bindir', the last value of this option was used
nvcc warning : incompatible redefinition for option 'compiler-bindir', the last value of this option was used
nvcc warning : incompatible redefinition for option 'compiler-bindir', the last value of this option was used
nvcc warning : incompatible redefinition for option 'compiler-bindir', the last value of this option was used
nvcc warning : incompatible redefinition for option 'compiler-bindir', the last value of this option was used
nvcc warning : incompatible redefinition for option 'compiler-bindir', the last value of this option was used
[ 43%] Building CXX object CMakeFiles/lammps.dir/home/guest/palash/Granular-Chains-DEM/lammps/src/DPD-REACT/fix_eos_table_rx.cpp.o
nvcc warning : incompatible redefinition for option 'compiler-bindir', the last value of this option was used
nvcc warning : incompatible redefinition for option 'compiler-bindir', the last value of this option was used
nvcc warning : incompatible redefinition for option 'compiler-bindir', the last value of this option was used
[ 43%] Building CXX object CMakeFiles/lammps.dir/home/guest/palash/Granular-Chains-DEM/lammps/src/DPD-REACT/fix_rx.cpp.o
nvcc warning : incompatible redefinition for option 'compiler-bindir', the last value of this option was used
[ 43%] Building CXX object CMakeFiles/lammps.dir/home/guest/palash/Granular-Chains-DEM/lammps/src/DPD-REACT/fix_shardlow.cpp.o
[ 43%] Building CXX object CMakeFiles/lammps.dir/home/guest/palash/Granular-Chains-DEM/lammps/src/DPD-REACT/nbin_ssa.cpp.o
nvcc warning : incompatible redefinition for option 'compiler-bindir', the last value of this option was used
nvcc warning : incompatible redefinition for option 'compiler-bindir', the last value of this option was used
nvcc warning : incompatible redefinition for option 'compiler-bindir', the last value of this option was used
nvcc warning : incompatible redefinition for option 'compiler-bindir', the last value of this option was used
nvcc warning : incompatible redefinition for option 'compiler-bindir', the last value of this option was used
[ 44%] Building CXX object CMakeFiles/lammps.dir/home/guest/palash/Granular-Chains-DEM/lammps/src/DPD-REACT/npair_half_bin_newton_ssa.cpp.o
[ 44%] Building CXX object CMakeFiles/lammps.dir/home/guest/palash/Granular-Chains-DEM/lammps/src/DPD-REACT/nstencil_half_bin_2d_ssa.cpp.o
nvcc warning : incompatible redefinition for option 'compiler-bindir', the last value of this option was used
[ 44%] Building CXX object CMakeFiles/lammps.dir/home/guest/palash/Granular-Chains-DEM/lammps/src/DPD-REACT/nstencil_half_bin_3d_ssa.cpp.o
nvcc warning : incompatible redefinition for option 'compiler-bindir', the last value of this option was used
nvcc warning : incompatible redefinition for option 'compiler-bindir', the last value of this option was used
[ 44%] Building CXX object CMakeFiles/lammps.dir/home/guest/palash/Granular-Chains-DEM/lammps/src/DPD-REACT/pair_dpd_fdt.cpp.o
nvcc warning : incompatible redefinition for option 'compiler-bindir', the last value of this option was used
[ 44%] Building CXX object CMakeFiles/lammps.dir/home/guest/palash/Granular-Chains-DEM/lammps/src/DPD-REACT/pair_dpd_fdt_energy.cpp.o
[ 44%] Building CXX object CMakeFiles/lammps.dir/home/guest/palash/Granular-Chains-DEM/lammps/src/DPD-REACT/pair_exp6_rx.cpp.o
nvcc warning : incompatible redefinition for option 'compiler-bindir', the last value of this option was used
nvcc warning : incompatible redefinition for option 'compiler-bindir', the last value of this option was used
nvcc warning : incompatible redefinition for option 'compiler-bindir', the last value of this option was used
nvcc warning : incompatible redefinition for option 'compiler-bindir', the last value of this option was used
nvcc warning : incompatible redefinition for option 'compiler-bindir', the last value of this option was used
[ 44%] Building CXX object CMakeFiles/lammps.dir/home/guest/palash/Granular-Chains-DEM/lammps/src/DPD-REACT/pair_multi_lucy.cpp.o
nvcc warning : incompatible redefinition for option 'compiler-bindir', the last value of this option was used
nvcc warning : incompatible redefinition for option 'compiler-bindir', the last value of this option was used
/home/guest/palash/Granular-Chains-DEM/lammps/src/accelerator_omp.h(28): warning #611-D: overloaded virtual function "LAMMPS_NS::Domain::lamda2x" is only partially overridden in class "LAMMPS_NS::DomainOMP"
  class DomainOMP : public Domain {
        ^

Remark: The warnings can be suppressed with "-diag-suppress <warning-number>"

/home/guest/palash/Granular-Chains-DEM/lammps/src/accelerator_omp.h(28): warning #611-D: overloaded virtual function "LAMMPS_NS::Domain::x2lamda" is only partially overridden in class "LAMMPS_NS::DomainOMP"
  class DomainOMP : public Domain {
        ^

nvcc warning : incompatible redefinition for option 'compiler-bindir', the last value of this option was used
[ 44%] Building CXX object CMakeFiles/lammps.dir/home/guest/palash/Granular-Chains-DEM/lammps/src/DPD-REACT/pair_multi_lucy_rx.cpp.o
[ 44%] Building CXX object CMakeFiles/lammps.dir/home/guest/palash/Granular-Chains-DEM/lammps/src/DPD-REACT/pair_table_rx.cpp.o
[ 44%] Building CXX object CMakeFiles/lammps.dir/home/guest/palash/Granular-Chains-DEM/lammps/src/DPD-SMOOTH/fix_meso_move.cpp.o
nvcc warning : incompatible redefinition for option 'compiler-bindir', the last value of this option was used
[ 44%] Building CXX object CMakeFiles/lammps.dir/home/guest/palash/Granular-Chains-DEM/lammps/src/DPD-SMOOTH/fix_rigid_meso.cpp.o
nvcc warning : incompatible redefinition for option 'compiler-bindir', the last value of this option was used
nvcc warning : incompatible redefinition for option 'compiler-bindir', the last value of this option was used
nvcc warning : incompatible redefinition for option 'compiler-bindir', the last value of this option was used
nvcc warning : incompatible redefinition for option 'compiler-bindir', the last value of this option was used
[ 44%] Building CXX object CMakeFiles/lammps.dir/home/guest/palash/Granular-Chains-DEM/lammps/src/DPD-SMOOTH/pair_sdpd_taitwater_isothermal.cpp.o
[ 44%] Building CXX object CMakeFiles/lammps.dir/home/guest/palash/Granular-Chains-DEM/lammps/src/DRUDE/compute_temp_drude.cpp.o
nvcc warning : incompatible redefinition for option 'compiler-bindir', the last value of this option was used
nvcc warning : incompatible redefinition for option 'compiler-bindir', the last value of this option was used
nvcc warning : incompatible redefinition for option 'compiler-bindir', the last value of this option was used
nvcc warning : incompatible redefinition for option 'compiler-bindir', the last value of this option was used
nvcc warning : incompatible redefinition for option 'compiler-bindir', the last value of this option was used
[ 44%] Building CXX object CMakeFiles/lammps.dir/home/guest/palash/Granular-Chains-DEM/lammps/src/DRUDE/fix_drude.cpp.o
nvcc warning : incompatible redefinition for option 'compiler-bindir', the last value of this option was used
nvcc warning : incompatible redefinition for option 'compiler-bindir', the last value of this option was used
nvcc warning : incompatible redefinition for option 'compiler-bindir', the last value of this option was used
nvcc warning : incompatible redefinition for option 'compiler-bindir', the last value of this option was used
nvcc warning : incompatible redefinition for option 'compiler-bindir', the last value of this option was used
nvcc warning : incompatible redefinition for option 'compiler-bindir', the last value of this option was used
nvcc warning : incompatible redefinition for option 'compiler-bindir', the last value of this option was used
[ 44%] Building CXX object CMakeFiles/lammps.dir/home/guest/palash/Granular-Chains-DEM/lammps/src/DRUDE/fix_drude_transform.cpp.o
nvcc warning : incompatible redefinition for option 'compiler-bindir', the last value of this option was used
nvcc warning : incompatible redefinition for option 'compiler-bindir', the last value of this option was used
nvcc warning : incompatible redefinition for option 'compiler-bindir', the last value of this option was used
nvcc warning : incompatible redefinition for option 'compiler-bindir', the last value of this option was used
nvcc warning : incompatible redefinition for option 'compiler-bindir', the last value of this option was used
nvcc warning : incompatible redefinition for option 'compiler-bindir', the last value of this option was used
[ 44%] Building CXX object CMakeFiles/lammps.dir/home/guest/palash/Granular-Chains-DEM/lammps/src/DRUDE/fix_langevin_drude.cpp.o
nvcc warning : incompatible redefinition for option 'compiler-bindir', the last value of this option was used
nvcc warning : incompatible redefinition for option 'compiler-bindir', the last value of this option was used
[ 44%] Building CXX object CMakeFiles/lammps.dir/home/guest/palash/Granular-Chains-DEM/lammps/src/DRUDE/fix_tgnh_drude.cpp.o
nvcc warning : incompatible redefinition for option 'compiler-bindir', the last value of this option was used
[ 44%] Building CXX object CMakeFiles/lammps.dir/home/guest/palash/Granular-Chains-DEM/lammps/src/DRUDE/fix_tgnpt_drude.cpp.o
[ 44%] Building CXX object CMakeFiles/lammps.dir/home/guest/palash/Granular-Chains-DEM/lammps/src/DRUDE/fix_tgnvt_drude.cpp.o
[ 45%] Building CXX object CMakeFiles/lammps.dir/home/guest/palash/Granular-Chains-DEM/lammps/src/DRUDE/pair_coul_tt.cpp.o
[ 45%] Building CXX object CMakeFiles/lammps.dir/home/guest/palash/Granular-Chains-DEM/lammps/src/DRUDE/pair_lj_cut_thole_long.cpp.o
[ 45%] Building CXX object CMakeFiles/lammps.dir/home/guest/palash/Granular-Chains-DEM/lammps/src/DRUDE/pair_thole.cpp.o
nvcc warning : incompatible redefinition for option 'compiler-bindir', the last value of this option was used
nvcc warning : incompatible redefinition for option 'compiler-bindir', the last value of this option was used
[ 45%] Building CXX object CMakeFiles/lammps.dir/home/guest/palash/Granular-Chains-DEM/lammps/src/EFF/atom_vec_electron.cpp.o
nvcc warning : incompatible redefinition for option 'compiler-bindir', the last value of this option was used
nvcc warning : incompatible redefinition for option 'compiler-bindir', the last value of this option was used
nvcc warning : incompatible redefinition for option 'compiler-bindir', the last value of this option was used
[ 45%] Building CXX object CMakeFiles/lammps.dir/home/guest/palash/Granular-Chains-DEM/lammps/src/EFF/compute_ke_atom_eff.cpp.o
nvcc warning : incompatible redefinition for option 'compiler-bindir', the last value of this option was used
nvcc warning : incompatible redefinition for option 'compiler-bindir', the last value of this option was used
nvcc warning : incompatible redefinition for option 'compiler-bindir', the last value of this option was used
[ 45%] Building CXX object CMakeFiles/lammps.dir/home/guest/palash/Granular-Chains-DEM/lammps/src/EFF/compute_ke_eff.cpp.o
[ 45%] Building CXX object CMakeFiles/lammps.dir/home/guest/palash/Granular-Chains-DEM/lammps/src/EFF/compute_temp_deform_eff.cpp.o
[ 45%] Building CXX object CMakeFiles/lammps.dir/home/guest/palash/Granular-Chains-DEM/lammps/src/EFF/compute_temp_eff.cpp.o
nvcc warning : incompatible redefinition for option 'compiler-bindir', the last value of this option was used
[ 45%] Building CXX object CMakeFiles/lammps.dir/home/guest/palash/Granular-Chains-DEM/lammps/src/EFF/compute_temp_region_eff.cpp.o
nvcc warning : incompatible redefinition for option 'compiler-bindir', the last value of this option was used
nvcc warning : incompatible redefinition for option 'compiler-bindir', the last value of this option was used
[ 45%] Building CXX object CMakeFiles/lammps.dir/home/guest/palash/Granular-Chains-DEM/lammps/src/EFF/fix_langevin_eff.cpp.o
[ 45%] Building CXX object CMakeFiles/lammps.dir/home/guest/palash/Granular-Chains-DEM/lammps/src/EFF/fix_nh_eff.cpp.o
nvcc warning : incompatible redefinition for option 'compiler-bindir', the last value of this option was used
nvcc warning : incompatible redefinition for option 'compiler-bindir', the last value of this option was used
nvcc warning : incompatible redefinition for option 'compiler-bindir', the last value of this option was used
nvcc warning : incompatible redefinition for option 'compiler-bindir', the last value of this option was used
[ 45%] Building CXX object CMakeFiles/lammps.dir/home/guest/palash/Granular-Chains-DEM/lammps/src/EFF/fix_nph_eff.cpp.o
nvcc warning : incompatible redefinition for option 'compiler-bindir', the last value of this option was used
nvcc warning : incompatible redefinition for option 'compiler-bindir', the last value of this option was used
nvcc warning : incompatible redefinition for option 'compiler-bindir', the last value of this option was used
nvcc warning : incompatible redefinition for option 'compiler-bindir', the last value of this option was used
nvcc warning : incompatible redefinition for option 'compiler-bindir', the last value of this option was used
[ 45%] Building CXX object CMakeFiles/lammps.dir/home/guest/palash/Granular-Chains-DEM/lammps/src/EFF/fix_npt_eff.cpp.o
[ 45%] Building CXX object CMakeFiles/lammps.dir/home/guest/palash/Granular-Chains-DEM/lammps/src/EFF/fix_nve_eff.cpp.o
nvcc warning : incompatible redefinition for option 'compiler-bindir', the last value of this option was used
nvcc warning : incompatible redefinition for option 'compiler-bindir', the last value of this option was used
nvcc warning : incompatible redefinition for option 'compiler-bindir', the last value of this option was used
nvcc warning : incompatible redefinition for option 'compiler-bindir', the last value of this option was used
nvcc warning : incompatible redefinition for option 'compiler-bindir', the last value of this option was used
nvcc warning : incompatible redefinition for option 'compiler-bindir', the last value of this option was used
[ 45%] Building CXX object CMakeFiles/lammps.dir/home/guest/palash/Granular-Chains-DEM/lammps/src/EFF/fix_nvt_eff.cpp.o
nvcc warning : incompatible redefinition for option 'compiler-bindir', the last value of this option was used
nvcc warning : incompatible redefinition for option 'compiler-bindir', the last value of this option was used
nvcc warning : incompatible redefinition for option 'compiler-bindir', the last value of this option was used
nvcc warning : incompatible redefinition for option 'compiler-bindir', the last value of this option was used
nvcc warning : incompatible redefinition for option 'compiler-bindir', the last value of this option was used
nvcc warning : incompatible redefinition for option 'compiler-bindir', the last value of this option was used
[ 45%] Building CXX object CMakeFiles/lammps.dir/home/guest/palash/Granular-Chains-DEM/lammps/src/EFF/fix_nvt_sllod_eff.cpp.o
[ 45%] Building CXX object CMakeFiles/lammps.dir/home/guest/palash/Granular-Chains-DEM/lammps/src/EFF/fix_temp_rescale_eff.cpp.o
nvcc warning : incompatible redefinition for option 'compiler-bindir', the last value of this option was used
nvcc warning : incompatible redefinition for option 'compiler-bindir', the last value of this option was used
nvcc warning : incompatible redefinition for option 'compiler-bindir', the last value of this option was used
nvcc warning : incompatible redefinition for option 'compiler-bindir', the last value of this option was used
nvcc warning : incompatible redefinition for option 'compiler-bindir', the last value of this option was used
nvcc warning : incompatible redefinition for option 'compiler-bindir', the last value of this option was used
nvcc warning : incompatible redefinition for option 'compiler-bindir', the last value of this option was used
[ 45%] Building CXX object CMakeFiles/lammps.dir/home/guest/palash/Granular-Chains-DEM/lammps/src/EFF/pair_eff_cut.cpp.o
nvcc warning : incompatible redefinition for option 'compiler-bindir', the last value of this option was used
nvcc warning : incompatible redefinition for option 'compiler-bindir', the last value of this option was used
nvcc warning : incompatible redefinition for option 'compiler-bindir', the last value of this option was used
[ 45%] Building CXX object CMakeFiles/lammps.dir/home/guest/palash/Granular-Chains-DEM/lammps/src/ELECTRODE/boundary_correction.cpp.o
nvcc warning : incompatible redefinition for option 'compiler-bindir', the last value of this option was used
[ 46%] Building CXX object CMakeFiles/lammps.dir/home/guest/palash/Granular-Chains-DEM/lammps/src/ELECTRODE/electrode_matrix.cpp.o
[ 46%] Building CXX object CMakeFiles/lammps.dir/home/guest/palash/Granular-Chains-DEM/lammps/src/ELECTRODE/electrode_vector.cpp.o
nvcc warning : incompatible redefinition for option 'compiler-bindir', the last value of this option was used
[ 46%] Building CXX object CMakeFiles/lammps.dir/home/guest/palash/Granular-Chains-DEM/lammps/src/ELECTRODE/ewald_electrode.cpp.o
nvcc warning : incompatible redefinition for option 'compiler-bindir', the last value of this option was used
[ 46%] Building CXX object CMakeFiles/lammps.dir/home/guest/palash/Granular-Chains-DEM/lammps/src/ELECTRODE/fix_electrode_conp.cpp.o
nvcc warning : incompatible redefinition for option 'compiler-bindir', the last value of this option was used
[ 46%] Building CXX object CMakeFiles/lammps.dir/home/guest/palash/Granular-Chains-DEM/lammps/src/ELECTRODE/fix_electrode_conq.cpp.o
nvcc warning : incompatible redefinition for option 'compiler-bindir', the last value of this option was used
nvcc warning : incompatible redefinition for option 'compiler-bindir', the last value of this option was used
nvcc warning : incompatible redefinition for option 'compiler-bindir', the last value of this option was used
nvcc warning : incompatible redefinition for option 'compiler-bindir', the last value of this option was used
[ 46%] Building CXX object CMakeFiles/lammps.dir/home/guest/palash/Granular-Chains-DEM/lammps/src/ELECTRODE/fix_electrode_thermo.cpp.o
[ 46%] Building CXX object CMakeFiles/lammps.dir/home/guest/palash/Granular-Chains-DEM/lammps/src/ELECTRODE/pppm_electrode.cpp.o
[ 46%] Building CXX object CMakeFiles/lammps.dir/home/guest/palash/Granular-Chains-DEM/lammps/src/ELECTRODE/slab_2d.cpp.o
nvcc warning : incompatible redefinition for option 'compiler-bindir', the last value of this option was used
[ 46%] Building CXX object CMakeFiles/lammps.dir/home/guest/palash/Granular-Chains-DEM/lammps/src/ELECTRODE/slab_dipole.cpp.o
nvcc warning : incompatible redefinition for option 'compiler-bindir', the last value of this option was used
[ 46%] Building CXX object CMakeFiles/lammps.dir/home/guest/palash/Granular-Chains-DEM/lammps/src/ELECTRODE/wire_dipole.cpp.o
[ 46%] Building CXX object CMakeFiles/lammps.dir/home/guest/palash/Granular-Chains-DEM/lammps/src/EXTRA-COMMAND/geturl.cpp.o
nvcc warning : incompatible redefinition for option 'compiler-bindir', the last value of this option was used
[ 46%] Building CXX object CMakeFiles/lammps.dir/home/guest/palash/Granular-Chains-DEM/lammps/src/EXTRA-COMMAND/group2ndx.cpp.o
nvcc warning : incompatible redefinition for option 'compiler-bindir', the last value of this option was used
nvcc warning : incompatible redefinition for option 'compiler-bindir', the last value of this option was used
[ 46%] Building CXX object CMakeFiles/lammps.dir/home/guest/palash/Granular-Chains-DEM/lammps/src/EXTRA-COMMAND/ndx2group.cpp.o
nvcc warning : incompatible redefinition for option 'compiler-bindir', the last value of this option was used
[ 46%] Building CXX object CMakeFiles/lammps.dir/home/guest/palash/Granular-Chains-DEM/lammps/src/EXTRA-COMMAND/region2vmd.cpp.o
nvcc warning : incompatible redefinition for option 'compiler-bindir', the last value of this option was used
nvcc warning : incompatible redefinition for option 'compiler-bindir', the last value of this option was used
nvcc warning : incompatible redefinition for option 'compiler-bindir', the last value of this option was used
nvcc warning : incompatible redefinition for option 'compiler-bindir', the last value of this option was used
nvcc warning : incompatible redefinition for option 'compiler-bindir', the last value of this option was used
nvcc warning : incompatible redefinition for option 'compiler-bindir', the last value of this option was used
nvcc warning : incompatible redefinition for option 'compiler-bindir', the last value of this option was used
nvcc warning : incompatible redefinition for option 'compiler-bindir', the last value of this option was used
nvcc warning : incompatible redefinition for option 'compiler-bindir', the last value of this option was used
[ 46%] Building CXX object CMakeFiles/lammps.dir/home/guest/palash/Granular-Chains-DEM/lammps/src/EXTRA-COMPUTE/compute_ackland_atom.cpp.o
[ 46%] Building CXX object CMakeFiles/lammps.dir/home/guest/palash/Granular-Chains-DEM/lammps/src/EXTRA-COMPUTE/compute_adf.cpp.o
nvcc warning : incompatible redefinition for option 'compiler-bindir', the last value of this option was used
nvcc warning : incompatible redefinition for option 'compiler-bindir', the last value of this option was used
nvcc warning : incompatible redefinition for option 'compiler-bindir', the last value of this option was used
[ 46%] Building CXX object CMakeFiles/lammps.dir/home/guest/palash/Granular-Chains-DEM/lammps/src/EXTRA-COMPUTE/compute_ave_sphere_atom.cpp.o
nvcc warning : incompatible redefinition for option 'compiler-bindir', the last value of this option was used
nvcc warning : incompatible redefinition for option 'compiler-bindir', the last value of this option was used
[ 46%] Building CXX object CMakeFiles/lammps.dir/home/guest/palash/Granular-Chains-DEM/lammps/src/EXTRA-COMPUTE/compute_basal_atom.cpp.o
[ 46%] Building CXX object CMakeFiles/lammps.dir/home/guest/palash/Granular-Chains-DEM/lammps/src/EXTRA-COMPUTE/compute_born_matrix.cpp.o
[ 46%] Building CXX object CMakeFiles/lammps.dir/home/guest/palash/Granular-Chains-DEM/lammps/src/EXTRA-COMPUTE/compute_cnp_atom.cpp.o
nvcc warning : incompatible redefinition for option 'compiler-bindir', the last value of this option was used
nvcc warning : incompatible redefinition for option 'compiler-bindir', the last value of this option was used
nvcc warning : incompatible redefinition for option 'compiler-bindir', the last value of this option was used
[ 47%] Building CXX object CMakeFiles/lammps.dir/home/guest/palash/Granular-Chains-DEM/lammps/src/EXTRA-COMPUTE/compute_composition_atom.cpp.o
nvcc warning : incompatible redefinition for option 'compiler-bindir', the last value of this option was used
nvcc warning : incompatible redefinition for option 'compiler-bindir', the last value of this option was used
nvcc warning : incompatible redefinition for option 'compiler-bindir', the last value of this option was used
nvcc warning : incompatible redefinition for option 'compiler-bindir', the last value of this option was used
nvcc warning : incompatible redefinition for option 'compiler-bindir', the last value of this option was used
nvcc warning : incompatible redefinition for option 'compiler-bindir', the last value of this option was used
nvcc warning : incompatible redefinition for option 'compiler-bindir', the last value of this option was used
nvcc warning : incompatible redefinition for option 'compiler-bindir', the last value of this option was used
[ 47%] Building CXX object CMakeFiles/lammps.dir/home/guest/palash/Granular-Chains-DEM/lammps/src/EXTRA-COMPUTE/compute_dipole_tip4p.cpp.o
[ 47%] Building CXX object CMakeFiles/lammps.dir/home/guest/palash/Granular-Chains-DEM/lammps/src/EXTRA-COMPUTE/compute_dipole_tip4p_chunk.cpp.o
[ 47%] Building CXX object CMakeFiles/lammps.dir/home/guest/palash/Granular-Chains-DEM/lammps/src/EXTRA-COMPUTE/compute_efield_wolf_atom.cpp.o
nvcc warning : incompatible redefinition for option 'compiler-bindir', the last value of this option was used
nvcc warning : incompatible redefinition for option 'compiler-bindir', the last value of this option was used
[ 47%] Building CXX object CMakeFiles/lammps.dir/home/guest/palash/Granular-Chains-DEM/lammps/src/EXTRA-COMPUTE/compute_entropy_atom.cpp.o
nvcc warning : incompatible redefinition for option 'compiler-bindir', the last value of this option was used
nvcc warning : incompatible redefinition for option 'compiler-bindir', the last value of this option was used
[ 47%] Building CXX object CMakeFiles/lammps.dir/home/guest/palash/Granular-Chains-DEM/lammps/src/EXTRA-COMPUTE/compute_gyration_shape.cpp.o
nvcc warning : incompatible redefinition for option 'compiler-bindir', the last value of this option was used
[ 47%] Building CXX object CMakeFiles/lammps.dir/home/guest/palash/Granular-Chains-DEM/lammps/src/EXTRA-COMPUTE/compute_gyration_shape_chunk.cpp.o
[ 47%] Building CXX object CMakeFiles/lammps.dir/home/guest/palash/Granular-Chains-DEM/lammps/src/EXTRA-COMPUTE/compute_hexorder_atom.cpp.o
[ 47%] Building CXX object CMakeFiles/lammps.dir/home/guest/palash/Granular-Chains-DEM/lammps/src/EXTRA-COMPUTE/compute_hma.cpp.o
nvcc warning : incompatible redefinition for option 'compiler-bindir', the last value of this option was used
nvcc warning : incompatible redefinition for option 'compiler-bindir', the last value of this option was used
nvcc warning : incompatible redefinition for option 'compiler-bindir', the last value of this option was used
nvcc warning : incompatible redefinition for option 'compiler-bindir', the last value of this option was used
nvcc warning : incompatible redefinition for option 'compiler-bindir', the last value of this option was used
nvcc warning : incompatible redefinition for option 'compiler-bindir', the last value of this option was used
[ 47%] Building CXX object CMakeFiles/lammps.dir/home/guest/palash/Granular-Chains-DEM/lammps/src/EXTRA-COMPUTE/compute_momentum.cpp.o
nvcc warning : incompatible redefinition for option 'compiler-bindir', the last value of this option was used
nvcc warning : incompatible redefinition for option 'compiler-bindir', the last value of this option was used
nvcc warning : incompatible redefinition for option 'compiler-bindir', the last value of this option was used
nvcc warning : incompatible redefinition for option 'compiler-bindir', the last value of this option was used
nvcc warning : incompatible redefinition for option 'compiler-bindir', the last value of this option was used
[ 47%] Building CXX object CMakeFiles/lammps.dir/home/guest/palash/Granular-Chains-DEM/lammps/src/EXTRA-COMPUTE/compute_msd_nongauss.cpp.o
nvcc warning : incompatible redefinition for option 'compiler-bindir', the last value of this option was used
nvcc warning : incompatible redefinition for option 'compiler-bindir', the last value of this option was used
nvcc warning : incompatible redefinition for option 'compiler-bindir', the last value of this option was used
nvcc warning : incompatible redefinition for option 'compiler-bindir', the last value of this option was used
[ 47%] Building CXX object CMakeFiles/lammps.dir/home/guest/palash/Granular-Chains-DEM/lammps/src/EXTRA-COMPUTE/compute_rattlers_atom.cpp.o
nvcc warning : incompatible redefinition for option 'compiler-bindir', the last value of this option was used
nvcc warning : incompatible redefinition for option 'compiler-bindir', the last value of this option was used
[ 47%] Building CXX object CMakeFiles/lammps.dir/home/guest/palash/Granular-Chains-DEM/lammps/src/EXTRA-COMPUTE/compute_slcsa_atom.cpp.o
nvcc warning : incompatible redefinition for option 'compiler-bindir', the last value of this option was used
nvcc warning : incompatible redefinition for option 'compiler-bindir', the last value of this option was used
nvcc warning : incompatible redefinition for option 'compiler-bindir', the last value of this option was used
nvcc warning : incompatible redefinition for option 'compiler-bindir', the last value of this option was used
nvcc warning : incompatible redefinition for option 'compiler-bindir', the last value of this option was used
nvcc warning : incompatible redefinition for option 'compiler-bindir', the last value of this option was used
nvcc warning : incompatible redefinition for option 'compiler-bindir', the last value of this option was used
nvcc warning : incompatible redefinition for option 'compiler-bindir', the last value of this option was used
[ 47%] Building CXX object CMakeFiles/lammps.dir/home/guest/palash/Granular-Chains-DEM/lammps/src/EXTRA-COMPUTE/compute_stress_cartesian.cpp.o
nvcc warning : incompatible redefinition for option 'compiler-bindir', the last value of this option was used
nvcc warning : incompatible redefinition for option 'compiler-bindir', the last value of this option was used
nvcc warning : incompatible redefinition for option 'compiler-bindir', the last value of this option was used
[ 47%] Building CXX object CMakeFiles/lammps.dir/home/guest/palash/Granular-Chains-DEM/lammps/src/EXTRA-COMPUTE/compute_stress_cylinder.cpp.o
[ 47%] Building CXX object CMakeFiles/lammps.dir/home/guest/palash/Granular-Chains-DEM/lammps/src/EXTRA-COMPUTE/compute_stress_mop.cpp.o
[ 47%] Building CXX object CMakeFiles/lammps.dir/home/guest/palash/Granular-Chains-DEM/lammps/src/EXTRA-COMPUTE/compute_stress_mop_profile.cpp.o
nvcc warning : incompatible redefinition for option 'compiler-bindir', the last value of this option was used
[ 47%] Building CXX object CMakeFiles/lammps.dir/home/guest/palash/Granular-Chains-DEM/lammps/src/EXTRA-COMPUTE/compute_stress_spherical.cpp.o
[ 47%] Building CXX object CMakeFiles/lammps.dir/home/guest/palash/Granular-Chains-DEM/lammps/src/EXTRA-COMPUTE/compute_temp_rotate.cpp.o
nvcc warning : incompatible redefinition for option 'compiler-bindir', the last value of this option was used
nvcc warning : incompatible redefinition for option 'compiler-bindir', the last value of this option was used
nvcc warning : incompatible redefinition for option 'compiler-bindir', the last value of this option was used
[ 48%] Building CXX object CMakeFiles/lammps.dir/home/guest/palash/Granular-Chains-DEM/lammps/src/EXTRA-COMPUTE/compute_ti.cpp.o
nvcc warning : incompatible redefinition for option 'compiler-bindir', the last value of this option was used
[ 48%] Building CXX object CMakeFiles/lammps.dir/home/guest/palash/Granular-Chains-DEM/lammps/src/EXTRA-DUMP/dump_dcd.cpp.o
[ 48%] Building CXX object CMakeFiles/lammps.dir/home/guest/palash/Granular-Chains-DEM/lammps/src/EXTRA-DUMP/dump_extxyz.cpp.o
nvcc warning : incompatible redefinition for option 'compiler-bindir', the last value of this option was used
[ 48%] Building CXX object CMakeFiles/lammps.dir/home/guest/palash/Granular-Chains-DEM/lammps/src/EXTRA-DUMP/dump_xtc.cpp.o
[ 48%] Building CXX object CMakeFiles/lammps.dir/home/guest/palash/Granular-Chains-DEM/lammps/src/EXTRA-DUMP/dump_yaml.cpp.o
nvcc warning : incompatible redefinition for option 'compiler-bindir', the last value of this option was used
[ 48%] Building CXX object CMakeFiles/lammps.dir/home/guest/palash/Granular-Chains-DEM/lammps/src/EXTRA-DUMP/xdr_compat.cpp.o
[ 48%] Building CXX object CMakeFiles/lammps.dir/home/guest/palash/Granular-Chains-DEM/lammps/src/EXTRA-FIX/fix_addtorque.cpp.o
nvcc warning : incompatible redefinition for option 'compiler-bindir', the last value of this option was used
[ 48%] Building CXX object CMakeFiles/lammps.dir/home/guest/palash/Granular-Chains-DEM/lammps/src/EXTRA-FIX/fix_ave_correlate_long.cpp.o
nvcc warning : incompatible redefinition for option 'compiler-bindir', the last value of this option was used
nvcc warning : incompatible redefinition for option 'compiler-bindir', the last value of this option was used
nvcc warning : incompatible redefinition for option 'compiler-bindir', the last value of this option was used
nvcc warning : incompatible redefinition for option 'compiler-bindir', the last value of this option was used
[ 48%] Building CXX object CMakeFiles/lammps.dir/home/guest/palash/Granular-Chains-DEM/lammps/src/EXTRA-FIX/fix_ave_moments.cpp.o
nvcc warning : incompatible redefinition for option 'compiler-bindir', the last value of this option was used
nvcc warning : incompatible redefinition for option 'compiler-bindir', the last value of this option was used
[ 48%] Building CXX object CMakeFiles/lammps.dir/home/guest/palash/Granular-Chains-DEM/lammps/src/EXTRA-FIX/fix_controller.cpp.o
nvcc warning : incompatible redefinition for option 'compiler-bindir', the last value of this option was used
nvcc warning : incompatible redefinition for option 'compiler-bindir', the last value of this option was used
nvcc warning : incompatible redefinition for option 'compiler-bindir', the last value of this option was used
[ 48%] Building CXX object CMakeFiles/lammps.dir/home/guest/palash/Granular-Chains-DEM/lammps/src/EXTRA-FIX/fix_deform_pressure.cpp.o
nvcc warning : incompatible redefinition for option 'compiler-bindir', the last value of this option was used
nvcc warning : incompatible redefinition for option 'compiler-bindir', the last value of this option was used
[ 48%] Building CXX object CMakeFiles/lammps.dir/home/guest/palash/Granular-Chains-DEM/lammps/src/EXTRA-FIX/fix_drag.cpp.o
nvcc warning : incompatible redefinition for option 'compiler-bindir', the last value of this option was used
nvcc warning : incompatible redefinition for option 'compiler-bindir', the last value of this option was used
nvcc warning : incompatible redefinition for option 'compiler-bindir', the last value of this option was used
nvcc warning : incompatible redefinition for option 'compiler-bindir', the last value of this option was used
nvcc warning : incompatible redefinition for option 'compiler-bindir', the last value of this option was used
nvcc warning : incompatible redefinition for option 'compiler-bindir', the last value of this option was used
[ 48%] Building CXX object CMakeFiles/lammps.dir/home/guest/palash/Granular-Chains-DEM/lammps/src/EXTRA-FIX/fix_efield_tip4p.cpp.o
nvcc warning : incompatible redefinition for option 'compiler-bindir', the last value of this option was used
nvcc warning : incompatible redefinition for option 'compiler-bindir', the last value of this option was used
nvcc warning : incompatible redefinition for option 'compiler-bindir', the last value of this option was used
nvcc warning : incompatible redefinition for option 'compiler-bindir', the last value of this option was used
nvcc warning : incompatible redefinition for option 'compiler-bindir', the last value of this option was used
nvcc warning : incompatible redefinition for option 'compiler-bindir', the last value of this option was used
[ 48%] Building CXX object CMakeFiles/lammps.dir/home/guest/palash/Granular-Chains-DEM/lammps/src/EXTRA-FIX/fix_electron_stopping.cpp.o
nvcc warning : incompatible redefinition for option 'compiler-bindir', the last value of this option was used
[ 48%] Building CXX object CMakeFiles/lammps.dir/home/guest/palash/Granular-Chains-DEM/lammps/src/EXTRA-FIX/fix_electron_stopping_fit.cpp.o
[ 48%] Building CXX object CMakeFiles/lammps.dir/home/guest/palash/Granular-Chains-DEM/lammps/src/EXTRA-FIX/fix_ffl.cpp.o
nvcc warning : incompatible redefinition for option 'compiler-bindir', the last value of this option was used
[ 48%] Building CXX object CMakeFiles/lammps.dir/home/guest/palash/Granular-Chains-DEM/lammps/src/EXTRA-FIX/fix_filter_corotate.cpp.o
nvcc warning : incompatible redefinition for option 'compiler-bindir', the last value of this option was used
[ 48%] Building CXX object CMakeFiles/lammps.dir/home/guest/palash/Granular-Chains-DEM/lammps/src/EXTRA-FIX/fix_flow_gauss.cpp.o
nvcc warning : incompatible redefinition for option 'compiler-bindir', the last value of this option was used
nvcc warning : incompatible redefinition for option 'compiler-bindir', the last value of this option was used
nvcc warning : incompatible redefinition for option 'compiler-bindir', the last value of this option was used
nvcc warning : incompatible redefinition for option 'compiler-bindir', the last value of this option was used
nvcc warning : incompatible redefinition for option 'compiler-bindir', the last value of this option was used
nvcc warning : incompatible redefinition for option 'compiler-bindir', the last value of this option was used
[ 48%] Building CXX object CMakeFiles/lammps.dir/home/guest/palash/Granular-Chains-DEM/lammps/src/EXTRA-FIX/fix_gjf.cpp.o
[ 49%] Building CXX object CMakeFiles/lammps.dir/home/guest/palash/Granular-Chains-DEM/lammps/src/EXTRA-FIX/fix_gld.cpp.o
[ 49%] Building CXX object CMakeFiles/lammps.dir/home/guest/palash/Granular-Chains-DEM/lammps/src/EXTRA-FIX/fix_gle.cpp.o
[ 49%] Building CXX object CMakeFiles/lammps.dir/home/guest/palash/Granular-Chains-DEM/lammps/src/EXTRA-FIX/fix_momentum_chunk.cpp.o
nvcc warning : incompatible redefinition for option 'compiler-bindir', the last value of this option was used
[ 49%] Building CXX object CMakeFiles/lammps.dir/home/guest/palash/Granular-Chains-DEM/lammps/src/EXTRA-FIX/fix_nonaffine_displacement.cpp.o
[ 49%] Building CXX object CMakeFiles/lammps.dir/home/guest/palash/Granular-Chains-DEM/lammps/src/EXTRA-FIX/fix_npt_cauchy.cpp.o
nvcc warning : incompatible redefinition for option 'compiler-bindir', the last value of this option was used
nvcc warning : incompatible redefinition for option 'compiler-bindir', the last value of this option was used
[ 49%] Building CXX object CMakeFiles/lammps.dir/home/guest/palash/Granular-Chains-DEM/lammps/src/EXTRA-FIX/fix_numdiff.cpp.o
nvcc warning : incompatible redefinition for option 'compiler-bindir', the last value of this option was used
nvcc warning : incompatible redefinition for option 'compiler-bindir', the last value of this option was used
nvcc warning : incompatible redefinition for option 'compiler-bindir', the last value of this option was used
nvcc warning : incompatible redefinition for option 'compiler-bindir', the last value of this option was used
nvcc warning : incompatible redefinition for option 'compiler-bindir', the last value of this option was used
[ 49%] Building CXX object CMakeFiles/lammps.dir/home/guest/palash/Granular-Chains-DEM/lammps/src/EXTRA-FIX/fix_numdiff_virial.cpp.o
nvcc warning : incompatible redefinition for option 'compiler-bindir', the last value of this option was used
[ 49%] Building CXX object CMakeFiles/lammps.dir/home/guest/palash/Granular-Chains-DEM/lammps/src/EXTRA-FIX/fix_nvk.cpp.o
nvcc warning : incompatible redefinition for option 'compiler-bindir', the last value of this option was used
nvcc warning : incompatible redefinition for option 'compiler-bindir', the last value of this option was used
nvcc warning : incompatible redefinition for option 'compiler-bindir', the last value of this option was used
[ 49%] Building CXX object CMakeFiles/lammps.dir/home/guest/palash/Granular-Chains-DEM/lammps/src/EXTRA-FIX/fix_oneway.cpp.o
nvcc warning : incompatible redefinition for option 'compiler-bindir', the last value of this option was used
nvcc warning : incompatible redefinition for option 'compiler-bindir', the last value of this option was used
nvcc warning : incompatible redefinition for option 'compiler-bindir', the last value of this option was used
[ 49%] Building CXX object CMakeFiles/lammps.dir/home/guest/palash/Granular-Chains-DEM/lammps/src/EXTRA-FIX/fix_pafi.cpp.o
nvcc warning : incompatible redefinition for option 'compiler-bindir', the last value of this option was used
nvcc warning : incompatible redefinition for option 'compiler-bindir', the last value of this option was used
nvcc warning : incompatible redefinition for option 'compiler-bindir', the last value of this option was used
[ 49%] Building CXX object CMakeFiles/lammps.dir/home/guest/palash/Granular-Chains-DEM/lammps/src/EXTRA-FIX/fix_rhok.cpp.o
nvcc warning : incompatible redefinition for option 'compiler-bindir', the last value of this option was used
nvcc warning : incompatible redefinition for option 'compiler-bindir', the last value of this option was used
nvcc warning : incompatible redefinition for option 'compiler-bindir', the last value of this option was used
nvcc warning : incompatible redefinition for option 'compiler-bindir', the last value of this option was used
nvcc warning : incompatible redefinition for option 'compiler-bindir', the last value of this option was used
[ 49%] Building CXX object CMakeFiles/lammps.dir/home/guest/palash/Granular-Chains-DEM/lammps/src/EXTRA-FIX/fix_smd.cpp.o
[ 49%] Building CXX object CMakeFiles/lammps.dir/home/guest/palash/Granular-Chains-DEM/lammps/src/EXTRA-FIX/fix_spring_rg.cpp.o
[ 49%] Building CXX object CMakeFiles/lammps.dir/home/guest/palash/Granular-Chains-DEM/lammps/src/EXTRA-FIX/fix_temp_csld.cpp.o
nvcc warning : incompatible redefinition for option 'compiler-bindir', the last value of this option was used
nvcc warning : incompatible redefinition for option 'compiler-bindir', the last value of this option was used
nvcc warning : incompatible redefinition for option 'compiler-bindir', the last value of this option was used
nvcc warning : incompatible redefinition for option 'compiler-bindir', the last value of this option was used
nvcc warning : incompatible redefinition for option 'compiler-bindir', the last value of this option was used
nvcc warning : incompatible redefinition for option 'compiler-bindir', the last value of this option was used
[ 49%] Building CXX object CMakeFiles/lammps.dir/home/guest/palash/Granular-Chains-DEM/lammps/src/EXTRA-FIX/fix_temp_csvr.cpp.o
nvcc warning : incompatible redefinition for option 'compiler-bindir', the last value of this option was used
nvcc warning : incompatible redefinition for option 'compiler-bindir', the last value of this option was used
[ 49%] Building CXX object CMakeFiles/lammps.dir/home/guest/palash/Granular-Chains-DEM/lammps/src/EXTRA-FIX/fix_ti_spring.cpp.o
[ 49%] Building CXX object CMakeFiles/lammps.dir/home/guest/palash/Granular-Chains-DEM/lammps/src/EXTRA-FIX/fix_tmd.cpp.o
nvcc warning : incompatible redefinition for option 'compiler-bindir', the last value of this option was used
[ 49%] Building CXX object CMakeFiles/lammps.dir/home/guest/palash/Granular-Chains-DEM/lammps/src/EXTRA-FIX/fix_ttm.cpp.o
nvcc warning : incompatible redefinition for option 'compiler-bindir', the last value of this option was used
nvcc warning : incompatible redefinition for option 'compiler-bindir', the last value of this option was used
nvcc warning : incompatible redefinition for option 'compiler-bindir', the last value of this option was used
nvcc warning : incompatible redefinition for option 'compiler-bindir', the last value of this option was used
nvcc warning : incompatible redefinition for option 'compiler-bindir', the last value of this option was used
[ 49%] Building CXX object CMakeFiles/lammps.dir/home/guest/palash/Granular-Chains-DEM/lammps/src/EXTRA-FIX/fix_ttm_grid.cpp.o
[ 50%] Building CXX object CMakeFiles/lammps.dir/home/guest/palash/Granular-Chains-DEM/lammps/src/EXTRA-FIX/fix_ttm_mod.cpp.o
nvcc warning : incompatible redefinition for option 'compiler-bindir', the last value of this option was used
nvcc warning : incompatible redefinition for option 'compiler-bindir', the last value of this option was used
[ 50%] Building CXX object CMakeFiles/lammps.dir/home/guest/palash/Granular-Chains-DEM/lammps/src/EXTRA-FIX/fix_viscosity.cpp.o
[ 50%] Building CXX object CMakeFiles/lammps.dir/home/guest/palash/Granular-Chains-DEM/lammps/src/EXTRA-FIX/fix_viscous_sphere.cpp.o
nvcc warning : incompatible redefinition for option 'compiler-bindir', the last value of this option was used
[ 50%] Building CXX object CMakeFiles/lammps.dir/home/guest/palash/Granular-Chains-DEM/lammps/src/EXTRA-FIX/fix_wall_ees.cpp.o
nvcc warning : incompatible redefinition for option 'compiler-bindir', the last value of this option was used
[ 50%] Building CXX object CMakeFiles/lammps.dir/home/guest/palash/Granular-Chains-DEM/lammps/src/EXTRA-FIX/fix_wall_flow.cpp.o
[ 50%] Building CXX object CMakeFiles/lammps.dir/home/guest/palash/Granular-Chains-DEM/lammps/src/EXTRA-FIX/fix_wall_reflect_stochastic.cpp.o
nvcc warning : incompatible redefinition for option 'compiler-bindir', the last value of this option was used
nvcc warning : incompatible redefinition for option 'compiler-bindir', the last value of this option was used
nvcc warning : incompatible redefinition for option 'compiler-bindir', the last value of this option was used
nvcc warning : incompatible redefinition for option 'compiler-bindir', the last value of this option was used
nvcc warning : incompatible redefinition for option 'compiler-bindir', the last value of this option was used
nvcc warning : incompatible redefinition for option 'compiler-bindir', the last value of this option was used
nvcc warning : incompatible redefinition for option 'compiler-bindir', the last value of this option was used
[ 50%] Building CXX object CMakeFiles/lammps.dir/home/guest/palash/Granular-Chains-DEM/lammps/src/EXTRA-FIX/fix_wall_region_ees.cpp.o
[ 50%] Building CXX object CMakeFiles/lammps.dir/home/guest/palash/Granular-Chains-DEM/lammps/src/EXTRA-MOLECULE/angle_cosine_delta.cpp.o
nvcc warning : incompatible redefinition for option 'compiler-bindir', the last value of this option was used
[ 50%] Building CXX object CMakeFiles/lammps.dir/home/guest/palash/Granular-Chains-DEM/lammps/src/EXTRA-MOLECULE/angle_cosine_periodic.cpp.o
[ 50%] Building CXX object CMakeFiles/lammps.dir/home/guest/palash/Granular-Chains-DEM/lammps/src/EXTRA-MOLECULE/angle_cosine_shift.cpp.o
nvcc warning : incompatible redefinition for option 'compiler-bindir', the last value of this option was used
nvcc warning : incompatible redefinition for option 'compiler-bindir', the last value of this option was used
nvcc warning : incompatible redefinition for option 'compiler-bindir', the last value of this option was used
[ 50%] Building CXX object CMakeFiles/lammps.dir/home/guest/palash/Granular-Chains-DEM/lammps/src/EXTRA-MOLECULE/angle_cosine_shift_exp.cpp.o
nvcc warning : incompatible redefinition for option 'compiler-bindir', the last value of this option was used
nvcc warning : incompatible redefinition for option 'compiler-bindir', the last value of this option was used
[ 50%] Building CXX object CMakeFiles/lammps.dir/home/guest/palash/Granular-Chains-DEM/lammps/src/EXTRA-MOLECULE/angle_cosine_squared_restricted.cpp.o
[ 50%] Building CXX object CMakeFiles/lammps.dir/home/guest/palash/Granular-Chains-DEM/lammps/src/EXTRA-MOLECULE/angle_fourier.cpp.o
nvcc warning : incompatible redefinition for option 'compiler-bindir', the last value of this option was used
nvcc warning : incompatible redefinition for option 'compiler-bindir', the last value of this option was used
nvcc warning : incompatible redefinition for option 'compiler-bindir', the last value of this option was used
nvcc warning : incompatible redefinition for option 'compiler-bindir', the last value of this option was used
nvcc warning : incompatible redefinition for option 'compiler-bindir', the last value of this option was used
nvcc warning : incompatible redefinition for option 'compiler-bindir', the last value of this option was used
nvcc warning : incompatible redefinition for option 'compiler-bindir', the last value of this option was used
nvcc warning : incompatible redefinition for option 'compiler-bindir', the last value of this option was used
nvcc warning : incompatible redefinition for option 'compiler-bindir', the last value of this option was used
[ 50%] Building CXX object CMakeFiles/lammps.dir/home/guest/palash/Granular-Chains-DEM/lammps/src/EXTRA-MOLECULE/angle_fourier_simple.cpp.o
nvcc warning : incompatible redefinition for option 'compiler-bindir', the last value of this option was used
nvcc warning : incompatible redefinition for option 'compiler-bindir', the last value of this option was used
[ 50%] Building CXX object CMakeFiles/lammps.dir/home/guest/palash/Granular-Chains-DEM/lammps/src/EXTRA-MOLECULE/angle_gaussian.cpp.o
nvcc warning : incompatible redefinition for option 'compiler-bindir', the last value of this option was used
nvcc warning : incompatible redefinition for option 'compiler-bindir', the last value of this option was used
[ 50%] Building CXX object CMakeFiles/lammps.dir/home/guest/palash/Granular-Chains-DEM/lammps/src/EXTRA-MOLECULE/angle_mwlc.cpp.o
nvcc warning : incompatible redefinition for option 'compiler-bindir', the last value of this option was used
nvcc warning : incompatible redefinition for option 'compiler-bindir', the last value of this option was used
nvcc warning : incompatible redefinition for option 'compiler-bindir', the last value of this option was used
nvcc warning : incompatible redefinition for option 'compiler-bindir', the last value of this option was used
nvcc warning : incompatible redefinition for option 'compiler-bindir', the last value of this option was used
nvcc warning : incompatible redefinition for option 'compiler-bindir', the last value of this option was used
[ 50%] Building CXX object CMakeFiles/lammps.dir/home/guest/palash/Granular-Chains-DEM/lammps/src/EXTRA-MOLECULE/angle_quartic.cpp.o
[ 50%] Building CXX object CMakeFiles/lammps.dir/home/guest/palash/Granular-Chains-DEM/lammps/src/EXTRA-MOLECULE/bond_fene_nm.cpp.o
[ 50%] Building CXX object CMakeFiles/lammps.dir/home/guest/palash/Granular-Chains-DEM/lammps/src/EXTRA-MOLECULE/bond_gaussian.cpp.o
[ 51%] Building CXX object CMakeFiles/lammps.dir/home/guest/palash/Granular-Chains-DEM/lammps/src/EXTRA-MOLECULE/bond_harmonic_restrain.cpp.o
[ 51%] Building CXX object CMakeFiles/lammps.dir/home/guest/palash/Granular-Chains-DEM/lammps/src/EXTRA-MOLECULE/bond_harmonic_shift.cpp.o
nvcc warning : incompatible redefinition for option 'compiler-bindir', the last value of this option was used
[ 51%] Building CXX object CMakeFiles/lammps.dir/home/guest/palash/Granular-Chains-DEM/lammps/src/EXTRA-MOLECULE/bond_harmonic_shift_cut.cpp.o
nvcc warning : incompatible redefinition for option 'compiler-bindir', the last value of this option was used
nvcc warning : incompatible redefinition for option 'compiler-bindir', the last value of this option was used
nvcc warning : incompatible redefinition for option 'compiler-bindir', the last value of this option was used
nvcc warning : incompatible redefinition for option 'compiler-bindir', the last value of this option was used
nvcc warning : incompatible redefinition for option 'compiler-bindir', the last value of this option was used
nvcc warning : incompatible redefinition for option 'compiler-bindir', the last value of this option was used
nvcc warning : incompatible redefinition for option 'compiler-bindir', the last value of this option was used
nvcc warning : incompatible redefinition for option 'compiler-bindir', the last value of this option was used
nvcc warning : incompatible redefinition for option 'compiler-bindir', the last value of this option was used
[ 51%] Building CXX object CMakeFiles/lammps.dir/home/guest/palash/Granular-Chains-DEM/lammps/src/EXTRA-MOLECULE/bond_nonlinear.cpp.o
[ 51%] Building CXX object CMakeFiles/lammps.dir/home/guest/palash/Granular-Chains-DEM/lammps/src/EXTRA-MOLECULE/dihedral_cosine_shift_exp.cpp.o
[ 51%] Building CXX object CMakeFiles/lammps.dir/home/guest/palash/Granular-Chains-DEM/lammps/src/EXTRA-MOLECULE/dihedral_cosine_squared_restricted.cpp.o
nvcc warning : incompatible redefinition for option 'compiler-bindir', the last value of this option was used
nvcc warning : incompatible redefinition for option 'compiler-bindir', the last value of this option was used
nvcc warning : incompatible redefinition for option 'compiler-bindir', the last value of this option was used
[ 51%] Building CXX object CMakeFiles/lammps.dir/home/guest/palash/Granular-Chains-DEM/lammps/src/EXTRA-MOLECULE/dihedral_fourier.cpp.o
nvcc warning : incompatible redefinition for option 'compiler-bindir', the last value of this option was used
[ 51%] Building CXX object CMakeFiles/lammps.dir/home/guest/palash/Granular-Chains-DEM/lammps/src/EXTRA-MOLECULE/dihedral_helix.cpp.o
nvcc warning : incompatible redefinition for option 'compiler-bindir', the last value of this option was used
nvcc warning : incompatible redefinition for option 'compiler-bindir', the last value of this option was used
nvcc warning : incompatible redefinition for option 'compiler-bindir', the last value of this option was used
nvcc warning : incompatible redefinition for option 'compiler-bindir', the last value of this option was used
nvcc warning : incompatible redefinition for option 'compiler-bindir', the last value of this option was used
nvcc warning : incompatible redefinition for option 'compiler-bindir', the last value of this option was used
[ 51%] Building CXX object CMakeFiles/lammps.dir/home/guest/palash/Granular-Chains-DEM/lammps/src/EXTRA-MOLECULE/dihedral_nharmonic.cpp.o
[ 51%] Building CXX object CMakeFiles/lammps.dir/home/guest/palash/Granular-Chains-DEM/lammps/src/EXTRA-MOLECULE/dihedral_quadratic.cpp.o
nvcc warning : incompatible redefinition for option 'compiler-bindir', the last value of this option was used
[ 51%] Building CXX object CMakeFiles/lammps.dir/home/guest/palash/Granular-Chains-DEM/lammps/src/EXTRA-MOLECULE/dihedral_spherical.cpp.o
[ 51%] Building CXX object CMakeFiles/lammps.dir/home/guest/palash/Granular-Chains-DEM/lammps/src/EXTRA-MOLECULE/dihedral_table_cut.cpp.o
nvcc warning : incompatible redefinition for option 'compiler-bindir', the last value of this option was used
nvcc warning : incompatible redefinition for option 'compiler-bindir', the last value of this option was used
nvcc warning : incompatible redefinition for option 'compiler-bindir', the last value of this option was used
nvcc warning : incompatible redefinition for option 'compiler-bindir', the last value of this option was used
[ 51%] Building CXX object CMakeFiles/lammps.dir/home/guest/palash/Granular-Chains-DEM/lammps/src/EXTRA-MOLECULE/improper_cossq.cpp.o
nvcc warning : incompatible redefinition for option 'compiler-bindir', the last value of this option was used
[ 51%] Building CXX object CMakeFiles/lammps.dir/home/guest/palash/Granular-Chains-DEM/lammps/src/EXTRA-MOLECULE/improper_distance.cpp.o
nvcc warning : incompatible redefinition for option 'compiler-bindir', the last value of this option was used
[ 51%] Building CXX object CMakeFiles/lammps.dir/home/guest/palash/Granular-Chains-DEM/lammps/src/EXTRA-MOLECULE/improper_fourier.cpp.o
nvcc warning : incompatible redefinition for option 'compiler-bindir', the last value of this option was used
nvcc warning : incompatible redefinition for option 'compiler-bindir', the last value of this option was used
[ 51%] Building CXX object CMakeFiles/lammps.dir/home/guest/palash/Granular-Chains-DEM/lammps/src/EXTRA-MOLECULE/improper_ring.cpp.o
[ 51%] Building CXX object CMakeFiles/lammps.dir/home/guest/palash/Granular-Chains-DEM/lammps/src/EXTRA-MOLECULE/pair_hbond_dreiding_lj_angleoffset.cpp.o
[ 51%] Building CXX object CMakeFiles/lammps.dir/home/guest/palash/Granular-Chains-DEM/lammps/src/EXTRA-MOLECULE/pair_hbond_dreiding_morse_angleoffset.cpp.o
nvcc warning : incompatible redefinition for option 'compiler-bindir', the last value of this option was used
nvcc warning : incompatible redefinition for option 'compiler-bindir', the last value of this option was used
nvcc warning : incompatible redefinition for option 'compiler-bindir', the last value of this option was used
nvcc warning : incompatible redefinition for option 'compiler-bindir', the last value of this option was used
nvcc warning : incompatible redefinition for option 'compiler-bindir', the last value of this option was used
nvcc warning : incompatible redefinition for option 'compiler-bindir', the last value of this option was used
nvcc warning : incompatible redefinition for option 'compiler-bindir', the last value of this option was used
nvcc warning : incompatible redefinition for option 'compiler-bindir', the last value of this option was used
nvcc warning : incompatible redefinition for option 'compiler-bindir', the last value of this option was used
nvcc warning : incompatible redefinition for option 'compiler-bindir', the last value of this option was used
nvcc warning : incompatible redefinition for option 'compiler-bindir', the last value of this option was used
[ 51%] Building CXX object CMakeFiles/lammps.dir/home/guest/palash/Granular-Chains-DEM/lammps/src/EXTRA-PAIR/pair_beck.cpp.o
[ 52%] Building CXX object CMakeFiles/lammps.dir/home/guest/palash/Granular-Chains-DEM/lammps/src/EXTRA-PAIR/pair_born_coul_dsf.cpp.o
nvcc warning : incompatible redefinition for option 'compiler-bindir', the last value of this option was used
nvcc warning : incompatible redefinition for option 'compiler-bindir', the last value of this option was used
nvcc warning : incompatible redefinition for option 'compiler-bindir', the last value of this option was used
[ 52%] Building CXX object CMakeFiles/lammps.dir/home/guest/palash/Granular-Chains-DEM/lammps/src/EXTRA-PAIR/pair_born_coul_wolf.cpp.o
[ 52%] Building CXX object CMakeFiles/lammps.dir/home/guest/palash/Granular-Chains-DEM/lammps/src/EXTRA-PAIR/pair_born_gauss.cpp.o
nvcc warning : incompatible redefinition for option 'compiler-bindir', the last value of this option was used
[ 52%] Building CXX object CMakeFiles/lammps.dir/home/guest/palash/Granular-Chains-DEM/lammps/src/EXTRA-PAIR/pair_buck_mdf.cpp.o
[ 52%] Building CXX object CMakeFiles/lammps.dir/home/guest/palash/Granular-Chains-DEM/lammps/src/EXTRA-PAIR/pair_cosine_squared.cpp.o
nvcc warning : incompatible redefinition for option 'compiler-bindir', the last value of this option was used
nvcc warning : incompatible redefinition for option 'compiler-bindir', the last value of this option was used
nvcc warning : incompatible redefinition for option 'compiler-bindir', the last value of this option was used
nvcc warning : incompatible redefinition for option 'compiler-bindir', the last value of this option was used
nvcc warning : incompatible redefinition for option 'compiler-bindir', the last value of this option was used
[ 52%] Building CXX object CMakeFiles/lammps.dir/home/guest/palash/Granular-Chains-DEM/lammps/src/EXTRA-PAIR/pair_coul_ctip.cpp.o
[ 52%] Building CXX object CMakeFiles/lammps.dir/home/guest/palash/Granular-Chains-DEM/lammps/src/EXTRA-PAIR/pair_coul_cut_global.cpp.o
nvcc warning : incompatible redefinition for option 'compiler-bindir', the last value of this option was used
[ 52%] Building CXX object CMakeFiles/lammps.dir/home/guest/palash/Granular-Chains-DEM/lammps/src/EXTRA-PAIR/pair_coul_diel.cpp.o
nvcc warning : incompatible redefinition for option 'compiler-bindir', the last value of this option was used
nvcc warning : incompatible redefinition for option 'compiler-bindir', the last value of this option was used
nvcc warning : incompatible redefinition for option 'compiler-bindir', the last value of this option was used
nvcc warning : incompatible redefinition for option 'compiler-bindir', the last value of this option was used
nvcc warning : incompatible redefinition for option 'compiler-bindir', the last value of this option was used
nvcc warning : incompatible redefinition for option 'compiler-bindir', the last value of this option was used
nvcc warning : incompatible redefinition for option 'compiler-bindir', the last value of this option was used
[ 52%] Building CXX object CMakeFiles/lammps.dir/home/guest/palash/Granular-Chains-DEM/lammps/src/EXTRA-PAIR/pair_coul_exclude.cpp.o
nvcc warning : incompatible redefinition for option 'compiler-bindir', the last value of this option was used
[ 52%] Building CXX object CMakeFiles/lammps.dir/home/guest/palash/Granular-Chains-DEM/lammps/src/EXTRA-PAIR/pair_coul_slater_cut.cpp.o
nvcc warning : incompatible redefinition for option 'compiler-bindir', the last value of this option was used
nvcc warning : incompatible redefinition for option 'compiler-bindir', the last value of this option was used
nvcc warning : incompatible redefinition for option 'compiler-bindir', the last value of this option was used
nvcc warning : incompatible redefinition for option 'compiler-bindir', the last value of this option was used
nvcc warning : incompatible redefinition for option 'compiler-bindir', the last value of this option was used
[ 52%] Building CXX object CMakeFiles/lammps.dir/home/guest/palash/Granular-Chains-DEM/lammps/src/EXTRA-PAIR/pair_coul_slater_long.cpp.o
nvcc warning : incompatible redefinition for option 'compiler-bindir', the last value of this option was used
nvcc warning : incompatible redefinition for option 'compiler-bindir', the last value of this option was used
[ 52%] Building CXX object CMakeFiles/lammps.dir/home/guest/palash/Granular-Chains-DEM/lammps/src/EXTRA-PAIR/pair_dispersion_d3.cpp.o
nvcc warning : incompatible redefinition for option 'compiler-bindir', the last value of this option was used
[ 52%] Building CXX object CMakeFiles/lammps.dir/home/guest/palash/Granular-Chains-DEM/lammps/src/EXTRA-PAIR/pair_e3b.cpp.o
[ 52%] Building CXX object CMakeFiles/lammps.dir/home/guest/palash/Granular-Chains-DEM/lammps/src/EXTRA-PAIR/pair_gauss.cpp.o
nvcc warning : incompatible redefinition for option 'compiler-bindir', the last value of this option was used
nvcc warning : incompatible redefinition for option 'compiler-bindir', the last value of this option was used
[ 52%] Building CXX object CMakeFiles/lammps.dir/home/guest/palash/Granular-Chains-DEM/lammps/src/EXTRA-PAIR/pair_gauss_cut.cpp.o
[ 52%] Building CXX object CMakeFiles/lammps.dir/home/guest/palash/Granular-Chains-DEM/lammps/src/EXTRA-PAIR/pair_harmonic_cut.cpp.o
nvcc warning : incompatible redefinition for option 'compiler-bindir', the last value of this option was used
nvcc warning : incompatible redefinition for option 'compiler-bindir', the last value of this option was used
nvcc warning : incompatible redefinition for option 'compiler-bindir', the last value of this option was used
nvcc warning : incompatible redefinition for option 'compiler-bindir', the last value of this option was used
nvcc warning : incompatible redefinition for option 'compiler-bindir', the last value of this option was used
[ 52%] Building CXX object CMakeFiles/lammps.dir/home/guest/palash/Granular-Chains-DEM/lammps/src/EXTRA-PAIR/pair_lennard_mdf.cpp.o
nvcc warning : incompatible redefinition for option 'compiler-bindir', the last value of this option was used
[ 52%] Building CXX object CMakeFiles/lammps.dir/home/guest/palash/Granular-Chains-DEM/lammps/src/EXTRA-PAIR/pair_lj96_cut.cpp.o
[ 52%] Building CXX object CMakeFiles/lammps.dir/home/guest/palash/Granular-Chains-DEM/lammps/src/EXTRA-PAIR/pair_lj_cubic.cpp.o
nvcc warning : incompatible redefinition for option 'compiler-bindir', the last value of this option was used
nvcc warning : incompatible redefinition for option 'compiler-bindir', the last value of this option was used
nvcc warning : incompatible redefinition for option 'compiler-bindir', the last value of this option was used
[ 53%] Building CXX object CMakeFiles/lammps.dir/home/guest/palash/Granular-Chains-DEM/lammps/src/EXTRA-PAIR/pair_lj_cut_coul_debye.cpp.o
nvcc warning : incompatible redefinition for option 'compiler-bindir', the last value of this option was used
nvcc warning : incompatible redefinition for option 'compiler-bindir', the last value of this option was used
nvcc warning : incompatible redefinition for option 'compiler-bindir', the last value of this option was used
nvcc warning : incompatible redefinition for option 'compiler-bindir', the last value of this option was used
nvcc warning : incompatible redefinition for option 'compiler-bindir', the last value of this option was used
nvcc warning : incompatible redefinition for option 'compiler-bindir', the last value of this option was used
[ 53%] Building CXX object CMakeFiles/lammps.dir/home/guest/palash/Granular-Chains-DEM/lammps/src/EXTRA-PAIR/pair_lj_cut_coul_dsf.cpp.o
nvcc warning : incompatible redefinition for option 'compiler-bindir', the last value of this option was used
[ 53%] Building CXX object CMakeFiles/lammps.dir/home/guest/palash/Granular-Chains-DEM/lammps/src/EXTRA-PAIR/pair_lj_cut_coul_wolf.cpp.o
[ 53%] Building CXX object CMakeFiles/lammps.dir/home/guest/palash/Granular-Chains-DEM/lammps/src/EXTRA-PAIR/pair_lj_cut_sphere.cpp.o
[ 53%] Building CXX object CMakeFiles/lammps.dir/home/guest/palash/Granular-Chains-DEM/lammps/src/EXTRA-PAIR/pair_lj_expand_coul_long.cpp.o
nvcc warning : incompatible redefinition for option 'compiler-bindir', the last value of this option was used
nvcc warning : incompatible redefinition for option 'compiler-bindir', the last value of this option was used
[ 53%] Building CXX object CMakeFiles/lammps.dir/home/guest/palash/Granular-Chains-DEM/lammps/src/EXTRA-PAIR/pair_lj_expand_sphere.cpp.o
nvcc warning : incompatible redefinition for option 'compiler-bindir', the last value of this option was used
[ 53%] Building CXX object CMakeFiles/lammps.dir/home/guest/palash/Granular-Chains-DEM/lammps/src/EXTRA-PAIR/pair_lj_gromacs.cpp.o
[ 53%] Building CXX object CMakeFiles/lammps.dir/home/guest/palash/Granular-Chains-DEM/lammps/src/EXTRA-PAIR/pair_lj_gromacs_coul_gromacs.cpp.o
nvcc warning : incompatible redefinition for option 'compiler-bindir', the last value of this option was used
nvcc warning : incompatible redefinition for option 'compiler-bindir', the last value of this option was used
[ 53%] Building CXX object CMakeFiles/lammps.dir/home/guest/palash/Granular-Chains-DEM/lammps/src/EXTRA-PAIR/pair_lj_mdf.cpp.o
nvcc warning : incompatible redefinition for option 'compiler-bindir', the last value of this option was used
nvcc warning : incompatible redefinition for option 'compiler-bindir', the last value of this option was used
nvcc warning : incompatible redefinition for option 'compiler-bindir', the last value of this option was used
nvcc warning : incompatible redefinition for option 'compiler-bindir', the last value of this option was used
nvcc warning : incompatible redefinition for option 'compiler-bindir', the last value of this option was used
[ 53%] Building CXX object CMakeFiles/lammps.dir/home/guest/palash/Granular-Chains-DEM/lammps/src/EXTRA-PAIR/pair_lj_pirani.cpp.o
[ 53%] Building CXX object CMakeFiles/lammps.dir/home/guest/palash/Granular-Chains-DEM/lammps/src/EXTRA-PAIR/pair_lj_relres.cpp.o
nvcc warning : incompatible redefinition for option 'compiler-bindir', the last value of this option was used
[ 53%] Building CXX object CMakeFiles/lammps.dir/home/guest/palash/Granular-Chains-DEM/lammps/src/EXTRA-PAIR/pair_lj_smooth.cpp.o
nvcc warning : incompatible redefinition for option 'compiler-bindir', the last value of this option was used
nvcc warning : incompatible redefinition for option 'compiler-bindir', the last value of this option was used
nvcc warning : incompatible redefinition for option 'compiler-bindir', the last value of this option was used
[ 53%] Building CXX object CMakeFiles/lammps.dir/home/guest/palash/Granular-Chains-DEM/lammps/src/EXTRA-PAIR/pair_lj_smooth_linear.cpp.o
nvcc warning : incompatible redefinition for option 'compiler-bindir', the last value of this option was used
[ 53%] Building CXX object CMakeFiles/lammps.dir/home/guest/palash/Granular-Chains-DEM/lammps/src/EXTRA-PAIR/pair_mie_cut.cpp.o
nvcc warning : incompatible redefinition for option 'compiler-bindir', the last value of this option was used
nvcc warning : incompatible redefinition for option 'compiler-bindir', the last value of this option was used
[ 53%] Building CXX object CMakeFiles/lammps.dir/home/guest/palash/Granular-Chains-DEM/lammps/src/EXTRA-PAIR/pair_momb.cpp.o
nvcc warning : incompatible redefinition for option 'compiler-bindir', the last value of this option was used
nvcc warning : incompatible redefinition for option 'compiler-bindir', the last value of this option was used
nvcc warning : incompatible redefinition for option 'compiler-bindir', the last value of this option was used
nvcc warning : incompatible redefinition for option 'compiler-bindir', the last value of this option was used
nvcc warning : incompatible redefinition for option 'compiler-bindir', the last value of this option was used
nvcc warning : incompatible redefinition for option 'compiler-bindir', the last value of this option was used
[ 53%] Building CXX object CMakeFiles/lammps.dir/home/guest/palash/Granular-Chains-DEM/lammps/src/EXTRA-PAIR/pair_morse_smooth_linear.cpp.o
[ 53%] Building CXX object CMakeFiles/lammps.dir/home/guest/palash/Granular-Chains-DEM/lammps/src/EXTRA-PAIR/pair_nm_cut.cpp.o
nvcc warning : incompatible redefinition for option 'compiler-bindir', the last value of this option was used
nvcc warning : incompatible redefinition for option 'compiler-bindir', the last value of this option was used
nvcc warning : incompatible redefinition for option 'compiler-bindir', the last value of this option was used
nvcc warning : incompatible redefinition for option 'compiler-bindir', the last value of this option was used
nvcc warning : incompatible redefinition for option 'compiler-bindir', the last value of this option was used
nvcc warning : incompatible redefinition for option 'compiler-bindir', the last value of this option was used
nvcc warning : incompatible redefinition for option 'compiler-bindir', the last value of this option was used
nvcc warning : incompatible redefinition for option 'compiler-bindir', the last value of this option was used
[ 53%] Building CXX object CMakeFiles/lammps.dir/home/guest/palash/Granular-Chains-DEM/lammps/src/EXTRA-PAIR/pair_nm_cut_coul_cut.cpp.o
[ 53%] Building CXX object CMakeFiles/lammps.dir/home/guest/palash/Granular-Chains-DEM/lammps/src/EXTRA-PAIR/pair_nm_cut_coul_long.cpp.o
nvcc warning : incompatible redefinition for option 'compiler-bindir', the last value of this option was used
[ 54%] Building CXX object CMakeFiles/lammps.dir/home/guest/palash/Granular-Chains-DEM/lammps/src/EXTRA-PAIR/pair_nm_cut_split.cpp.o
nvcc warning : incompatible redefinition for option 'compiler-bindir', the last value of this option was used
nvcc warning : incompatible redefinition for option 'compiler-bindir', the last value of this option was used
[ 54%] Building CXX object CMakeFiles/lammps.dir/home/guest/palash/Granular-Chains-DEM/lammps/src/EXTRA-PAIR/pair_pedone.cpp.o
[ 54%] Building CXX object CMakeFiles/lammps.dir/home/guest/palash/Granular-Chains-DEM/lammps/src/EXTRA-PAIR/pair_ufm.cpp.o
nvcc warning : incompatible redefinition for option 'compiler-bindir', the last value of this option was used
nvcc warning : incompatible redefinition for option 'compiler-bindir', the last value of this option was used
[ 54%] Building CXX object CMakeFiles/lammps.dir/home/guest/palash/Granular-Chains-DEM/lammps/src/EXTRA-PAIR/pair_wf_cut.cpp.o
nvcc warning : incompatible redefinition for option 'compiler-bindir', the last value of this option was used
[ 54%] Building CXX object CMakeFiles/lammps.dir/home/guest/palash/Granular-Chains-DEM/lammps/src/FEP/compute_fep.cpp.o
nvcc warning : incompatible redefinition for option 'compiler-bindir', the last value of this option was used
nvcc warning : incompatible redefinition for option 'compiler-bindir', the last value of this option was used
[ 54%] Building CXX object CMakeFiles/lammps.dir/home/guest/palash/Granular-Chains-DEM/lammps/src/FEP/compute_fep_ta.cpp.o
[ 54%] Building CXX object CMakeFiles/lammps.dir/home/guest/palash/Granular-Chains-DEM/lammps/src/FEP/fix_adapt_fep.cpp.o
[ 54%] Building CXX object CMakeFiles/lammps.dir/home/guest/palash/Granular-Chains-DEM/lammps/src/FEP/pair_coul_cut_soft.cpp.o
nvcc warning : incompatible redefinition for option 'compiler-bindir', the last value of this option was used
nvcc warning : incompatible redefinition for option 'compiler-bindir', the last value of this option was used
nvcc warning : incompatible redefinition for option 'compiler-bindir', the last value of this option was used
nvcc warning : incompatible redefinition for option 'compiler-bindir', the last value of this option was used
nvcc warning : incompatible redefinition for option 'compiler-bindir', the last value of this option was used
[ 54%] Building CXX object CMakeFiles/lammps.dir/home/guest/palash/Granular-Chains-DEM/lammps/src/FEP/pair_coul_long_soft.cpp.o
nvcc warning : incompatible redefinition for option 'compiler-bindir', the last value of this option was used
nvcc warning : incompatible redefinition for option 'compiler-bindir', the last value of this option was used
[ 54%] Building CXX object CMakeFiles/lammps.dir/home/guest/palash/Granular-Chains-DEM/lammps/src/FEP/pair_lj_charmm_coul_long_soft.cpp.o
nvcc warning : incompatible redefinition for option 'compiler-bindir', the last value of this option was used
nvcc warning : incompatible redefinition for option 'compiler-bindir', the last value of this option was used
nvcc warning : incompatible redefinition for option 'compiler-bindir', the last value of this option was used
nvcc warning : incompatible redefinition for option 'compiler-bindir', the last value of this option was used
nvcc warning : incompatible redefinition for option 'compiler-bindir', the last value of this option was used
nvcc warning : incompatible redefinition for option 'compiler-bindir', the last value of this option was used
nvcc warning : incompatible redefinition for option 'compiler-bindir', the last value of this option was used
nvcc warning : incompatible redefinition for option 'compiler-bindir', the last value of this option was used
nvcc warning : incompatible redefinition for option 'compiler-bindir', the last value of this option was used
[ 54%] Building CXX object CMakeFiles/lammps.dir/home/guest/palash/Granular-Chains-DEM/lammps/src/FEP/pair_lj_class2_coul_cut_soft.cpp.o
[ 54%] Building CXX object CMakeFiles/lammps.dir/home/guest/palash/Granular-Chains-DEM/lammps/src/FEP/pair_lj_class2_coul_long_soft.cpp.o
[ 54%] Building CXX object CMakeFiles/lammps.dir/home/guest/palash/Granular-Chains-DEM/lammps/src/FEP/pair_lj_class2_soft.cpp.o
nvcc warning : incompatible redefinition for option 'compiler-bindir', the last value of this option was used
[ 54%] Building CXX object CMakeFiles/lammps.dir/home/guest/palash/Granular-Chains-DEM/lammps/src/FEP/pair_lj_cut_coul_cut_soft.cpp.o
nvcc warning : incompatible redefinition for option 'compiler-bindir', the last value of this option was used
nvcc warning : incompatible redefinition for option 'compiler-bindir', the last value of this option was used
nvcc warning : incompatible redefinition for option 'compiler-bindir', the last value of this option was used
[ 54%] Building CXX object CMakeFiles/lammps.dir/home/guest/palash/Granular-Chains-DEM/lammps/src/FEP/pair_lj_cut_coul_long_soft.cpp.o
nvcc warning : incompatible redefinition for option 'compiler-bindir', the last value of this option was used
[ 54%] Building CXX object CMakeFiles/lammps.dir/home/guest/palash/Granular-Chains-DEM/lammps/src/FEP/pair_lj_cut_soft.cpp.o
[ 54%] Building CXX object CMakeFiles/lammps.dir/home/guest/palash/Granular-Chains-DEM/lammps/src/FEP/pair_lj_cut_tip4p_long_soft.cpp.o
nvcc warning : incompatible redefinition for option 'compiler-bindir', the last value of this option was used
nvcc warning : incompatible redefinition for option 'compiler-bindir', the last value of this option was used
nvcc warning : incompatible redefinition for option 'compiler-bindir', the last value of this option was used
[ 54%] Building CXX object CMakeFiles/lammps.dir/home/guest/palash/Granular-Chains-DEM/lammps/src/FEP/pair_morse_soft.cpp.o
nvcc warning : incompatible redefinition for option 'compiler-bindir', the last value of this option was used
nvcc warning : incompatible redefinition for option 'compiler-bindir', the last value of this option was used
nvcc warning : incompatible redefinition for option 'compiler-bindir', the last value of this option was used
[ 54%] Building CXX object CMakeFiles/lammps.dir/home/guest/palash/Granular-Chains-DEM/lammps/src/FEP/pair_tip4p_long_soft.cpp.o
nvcc warning : incompatible redefinition for option 'compiler-bindir', the last value of this option was used
[ 55%] Building CXX object CMakeFiles/lammps.dir/home/guest/palash/Granular-Chains-DEM/lammps/src/GRANULAR/compute_contact_atom.cpp.o
nvcc warning : incompatible redefinition for option 'compiler-bindir', the last value of this option was used
[ 55%] Building CXX object CMakeFiles/lammps.dir/home/guest/palash/Granular-Chains-DEM/lammps/src/GRANULAR/compute_fabric.cpp.o
nvcc warning : incompatible redefinition for option 'compiler-bindir', the last value of this option was used
nvcc warning : incompatible redefinition for option 'compiler-bindir', the last value of this option was used
nvcc warning : incompatible redefinition for option 'compiler-bindir', the last value of this option was used
[ 55%] Building CXX object CMakeFiles/lammps.dir/home/guest/palash/Granular-Chains-DEM/lammps/src/GRANULAR/fix_add_heat.cpp.o
nvcc warning : incompatible redefinition for option 'compiler-bindir', the last value of this option was used
nvcc warning : incompatible redefinition for option 'compiler-bindir', the last value of this option was used
nvcc warning : incompatible redefinition for option 'compiler-bindir', the last value of this option was used
nvcc warning : incompatible redefinition for option 'compiler-bindir', the last value of this option was used
nvcc warning : incompatible redefinition for option 'compiler-bindir', the last value of this option was used
nvcc warning : incompatible redefinition for option 'compiler-bindir', the last value of this option was used
nvcc warning : incompatible redefinition for option 'compiler-bindir', the last value of this option was used
[ 55%] Building CXX object CMakeFiles/lammps.dir/home/guest/palash/Granular-Chains-DEM/lammps/src/GRANULAR/fix_damping_cundall.cpp.o
nvcc warning : incompatible redefinition for option 'compiler-bindir', the last value of this option was used
nvcc warning : incompatible redefinition for option 'compiler-bindir', the last value of this option was used
[ 55%] Building CXX object CMakeFiles/lammps.dir/home/guest/palash/Granular-Chains-DEM/lammps/src/GRANULAR/fix_freeze.cpp.o
[ 55%] Building CXX object CMakeFiles/lammps.dir/home/guest/palash/Granular-Chains-DEM/lammps/src/GRANULAR/fix_granular_mdr.cpp.o
[ 55%] Building CXX object CMakeFiles/lammps.dir/home/guest/palash/Granular-Chains-DEM/lammps/src/GRANULAR/fix_heat_flow.cpp.o
[ 55%] Building CXX object CMakeFiles/lammps.dir/home/guest/palash/Granular-Chains-DEM/lammps/src/GRANULAR/fix_pour.cpp.o
[ 55%] Building CXX object CMakeFiles/lammps.dir/home/guest/palash/Granular-Chains-DEM/lammps/src/GRANULAR/fix_wall_gran.cpp.o
nvcc warning : incompatible redefinition for option 'compiler-bindir', the last value of this option was used
nvcc warning : incompatible redefinition for option 'compiler-bindir', the last value of this option was used
nvcc warning : incompatible redefinition for option 'compiler-bindir', the last value of this option was used
[ 55%] Building CXX object CMakeFiles/lammps.dir/home/guest/palash/Granular-Chains-DEM/lammps/src/GRANULAR/fix_wall_gran_region.cpp.o
[ 55%] Building CXX object CMakeFiles/lammps.dir/home/guest/palash/Granular-Chains-DEM/lammps/src/GRANULAR/gran_sub_mod.cpp.o
[ 55%] Building CXX object CMakeFiles/lammps.dir/home/guest/palash/Granular-Chains-DEM/lammps/src/GRANULAR/gran_sub_mod_damping.cpp.o
nvcc warning : incompatible redefinition for option 'compiler-bindir', the last value of this option was used
nvcc warning : incompatible redefinition for option 'compiler-bindir', the last value of this option was used
nvcc warning : incompatible redefinition for option 'compiler-bindir', the last value of this option was used
nvcc warning : incompatible redefinition for option 'compiler-bindir', the last value of this option was used
[ 55%] Building CXX object CMakeFiles/lammps.dir/home/guest/palash/Granular-Chains-DEM/lammps/src/GRANULAR/gran_sub_mod_heat.cpp.o
nvcc warning : incompatible redefinition for option 'compiler-bindir', the last value of this option was used
nvcc warning : incompatible redefinition for option 'compiler-bindir', the last value of this option was used
nvcc warning : incompatible redefinition for option 'compiler-bindir', the last value of this option was used
nvcc warning : incompatible redefinition for option 'compiler-bindir', the last value of this option was used
nvcc warning : incompatible redefinition for option 'compiler-bindir', the last value of this option was used
[ 55%] Building CXX object CMakeFiles/lammps.dir/home/guest/palash/Granular-Chains-DEM/lammps/src/GRANULAR/gran_sub_mod_normal.cpp.o
nvcc warning : incompatible redefinition for option 'compiler-bindir', the last value of this option was used
nvcc warning : incompatible redefinition for option 'compiler-bindir', the last value of this option was used
nvcc warning : incompatible redefinition for option 'compiler-bindir', the last value of this option was used
nvcc warning : incompatible redefinition for option 'compiler-bindir', the last value of this option was used
nvcc warning : incompatible redefinition for option 'compiler-bindir', the last value of this option was used
nvcc warning : incompatible redefinition for option 'compiler-bindir', the last value of this option was used
nvcc warning : incompatible redefinition for option 'compiler-bindir', the last value of this option was used
nvcc warning : incompatible redefinition for option 'compiler-bindir', the last value of this option was used
[ 55%] Building CXX object CMakeFiles/lammps.dir/home/guest/palash/Granular-Chains-DEM/lammps/src/GRANULAR/gran_sub_mod_rolling.cpp.o
[ 55%] Building CXX object CMakeFiles/lammps.dir/home/guest/palash/Granular-Chains-DEM/lammps/src/GRANULAR/gran_sub_mod_tangential.cpp.o
nvcc warning : incompatible redefinition for option 'compiler-bindir', the last value of this option was used
nvcc warning : incompatible redefinition for option 'compiler-bindir', the last value of this option was used
[ 55%] Building CXX object CMakeFiles/lammps.dir/home/guest/palash/Granular-Chains-DEM/lammps/src/GRANULAR/gran_sub_mod_twisting.cpp.o
[ 55%] Building CXX object CMakeFiles/lammps.dir/home/guest/palash/Granular-Chains-DEM/lammps/src/GRANULAR/granular_model.cpp.o
nvcc warning : incompatible redefinition for option 'compiler-bindir', the last value of this option was used
nvcc warning : incompatible redefinition for option 'compiler-bindir', the last value of this option was used
nvcc warning : incompatible redefinition for option 'compiler-bindir', the last value of this option was used
nvcc warning : incompatible redefinition for option 'compiler-bindir', the last value of this option was used
nvcc warning : incompatible redefinition for option 'compiler-bindir', the last value of this option was used
nvcc warning : incompatible redefinition for option 'compiler-bindir', the last value of this option was used
[ 55%] Building CXX object CMakeFiles/lammps.dir/home/guest/palash/Granular-Chains-DEM/lammps/src/GRANULAR/pair_gran_hertz_history.cpp.o
[ 55%] Building CXX object CMakeFiles/lammps.dir/home/guest/palash/Granular-Chains-DEM/lammps/src/GRANULAR/pair_gran_hooke.cpp.o
[ 56%] Building CXX object CMakeFiles/lammps.dir/home/guest/palash/Granular-Chains-DEM/lammps/src/GRANULAR/pair_gran_hooke_history.cpp.o
nvcc warning : incompatible redefinition for option 'compiler-bindir', the last value of this option was used
[ 56%] Building CXX object CMakeFiles/lammps.dir/home/guest/palash/Granular-Chains-DEM/lammps/src/GRANULAR/pair_granular.cpp.o
[ 56%] Building CXX object CMakeFiles/lammps.dir/home/guest/palash/Granular-Chains-DEM/lammps/src/INTERLAYER/pair_aip_water_2dm.cpp.o
nvcc warning : incompatible redefinition for option 'compiler-bindir', the last value of this option was used
nvcc warning : incompatible redefinition for option 'compiler-bindir', the last value of this option was used
nvcc warning : incompatible redefinition for option 'compiler-bindir', the last value of this option was used
nvcc warning : incompatible redefinition for option 'compiler-bindir', the last value of this option was used
[ 56%] Building CXX object CMakeFiles/lammps.dir/home/guest/palash/Granular-Chains-DEM/lammps/src/INTERLAYER/pair_coul_shield.cpp.o
[ 56%] Building CXX object CMakeFiles/lammps.dir/home/guest/palash/Granular-Chains-DEM/lammps/src/INTERLAYER/pair_drip.cpp.o
nvcc warning : incompatible redefinition for option 'compiler-bindir', the last value of this option was used
[ 56%] Building CXX object CMakeFiles/lammps.dir/home/guest/palash/Granular-Chains-DEM/lammps/src/INTERLAYER/pair_ilp_graphene_hbn.cpp.o
nvcc warning : incompatible redefinition for option 'compiler-bindir', the last value of this option was used
nvcc warning : incompatible redefinition for option 'compiler-bindir', the last value of this option was used
nvcc warning : incompatible redefinition for option 'compiler-bindir', the last value of this option was used
nvcc warning : incompatible redefinition for option 'compiler-bindir', the last value of this option was used
nvcc warning : incompatible redefinition for option 'compiler-bindir', the last value of this option was used
nvcc warning : incompatible redefinition for option 'compiler-bindir', the last value of this option was used
nvcc warning : incompatible redefinition for option 'compiler-bindir', the last value of this option was used
nvcc warning : incompatible redefinition for option 'compiler-bindir', the last value of this option was used
nvcc warning : incompatible redefinition for option 'compiler-bindir', the last value of this option was used
[ 56%] Building CXX object CMakeFiles/lammps.dir/home/guest/palash/Granular-Chains-DEM/lammps/src/INTERLAYER/pair_ilp_tmd.cpp.o
[ 56%] Building CXX object CMakeFiles/lammps.dir/home/guest/palash/Granular-Chains-DEM/lammps/src/INTERLAYER/pair_kolmogorov_crespi_full.cpp.o
nvcc warning : incompatible redefinition for option 'compiler-bindir', the last value of this option was used
[ 56%] Building CXX object CMakeFiles/lammps.dir/home/guest/palash/Granular-Chains-DEM/lammps/src/INTERLAYER/pair_kolmogorov_crespi_z.cpp.o
nvcc warning : incompatible redefinition for option 'compiler-bindir', the last value of this option was used
nvcc warning : incompatible redefinition for option 'compiler-bindir', the last value of this option was used
[ 56%] Building CXX object CMakeFiles/lammps.dir/home/guest/palash/Granular-Chains-DEM/lammps/src/INTERLAYER/pair_lebedeva_z.cpp.o
nvcc warning : incompatible redefinition for option 'compiler-bindir', the last value of this option was used
[ 56%] Building CXX object CMakeFiles/lammps.dir/home/guest/palash/Granular-Chains-DEM/lammps/src/INTERLAYER/pair_saip_metal.cpp.o
nvcc warning : incompatible redefinition for option 'compiler-bindir', the last value of this option was used
[ 56%] Building CXX object CMakeFiles/lammps.dir/home/guest/palash/Granular-Chains-DEM/lammps/src/KSPACE/ewald.cpp.o
[ 56%] Building CXX object CMakeFiles/lammps.dir/home/guest/palash/Granular-Chains-DEM/lammps/src/KSPACE/ewald_dipole.cpp.o
nvcc warning : incompatible redefinition for option 'compiler-bindir', the last value of this option was used
[ 56%] Building CXX object CMakeFiles/lammps.dir/home/guest/palash/Granular-Chains-DEM/lammps/src/KSPACE/ewald_dipole_spin.cpp.o
nvcc warning : incompatible redefinition for option 'compiler-bindir', the last value of this option was used
nvcc warning : incompatible redefinition for option 'compiler-bindir', the last value of this option was used
[ 56%] Building CXX object CMakeFiles/lammps.dir/home/guest/palash/Granular-Chains-DEM/lammps/src/KSPACE/ewald_disp.cpp.o
nvcc warning : incompatible redefinition for option 'compiler-bindir', the last value of this option was used
nvcc warning : incompatible redefinition for option 'compiler-bindir', the last value of this option was used
[ 56%] Building CXX object CMakeFiles/lammps.dir/home/guest/palash/Granular-Chains-DEM/lammps/src/KSPACE/fft3d.cpp.o
nvcc warning : incompatible redefinition for option 'compiler-bindir', the last value of this option was used
nvcc warning : incompatible redefinition for option 'compiler-bindir', the last value of this option was used
nvcc warning : incompatible redefinition for option 'compiler-bindir', the last value of this option was used
nvcc warning : incompatible redefinition for option 'compiler-bindir', the last value of this option was used
nvcc warning : incompatible redefinition for option 'compiler-bindir', the last value of this option was used
nvcc warning : incompatible redefinition for option 'compiler-bindir', the last value of this option was used
nvcc warning : incompatible redefinition for option 'compiler-bindir', the last value of this option was used
nvcc warning : incompatible redefinition for option 'compiler-bindir', the last value of this option was used
[ 56%] Building CXX object CMakeFiles/lammps.dir/home/guest/palash/Granular-Chains-DEM/lammps/src/KSPACE/fft3d_wrap.cpp.o
nvcc warning : incompatible redefinition for option 'compiler-bindir', the last value of this option was used
nvcc warning : incompatible redefinition for option 'compiler-bindir', the last value of this option was used
nvcc warning : incompatible redefinition for option 'compiler-bindir', the last value of this option was used
[ 56%] Building CXX object CMakeFiles/lammps.dir/home/guest/palash/Granular-Chains-DEM/lammps/src/KSPACE/fix_tune_kspace.cpp.o
nvcc warning : incompatible redefinition for option 'compiler-bindir', the last value of this option was used
nvcc warning : incompatible redefinition for option 'compiler-bindir', the last value of this option was used
[ 56%] Building CXX object CMakeFiles/lammps.dir/home/guest/palash/Granular-Chains-DEM/lammps/src/KSPACE/msm.cpp.o
[ 57%] Building CXX object CMakeFiles/lammps.dir/home/guest/palash/Granular-Chains-DEM/lammps/src/KSPACE/msm_cg.cpp.o
nvcc warning : incompatible redefinition for option 'compiler-bindir', the last value of this option was used
[ 57%] Building CXX object CMakeFiles/lammps.dir/home/guest/palash/Granular-Chains-DEM/lammps/src/KSPACE/pair_born_coul_long.cpp.o
[ 57%] Building CXX object CMakeFiles/lammps.dir/home/guest/palash/Granular-Chains-DEM/lammps/src/KSPACE/pair_born_coul_msm.cpp.o
nvcc warning : incompatible redefinition for option 'compiler-bindir', the last value of this option was used
nvcc warning : incompatible redefinition for option 'compiler-bindir', the last value of this option was used
nvcc warning : incompatible redefinition for option 'compiler-bindir', the last value of this option was used
[ 57%] Building CXX object CMakeFiles/lammps.dir/home/guest/palash/Granular-Chains-DEM/lammps/src/KSPACE/pair_buck_coul_long.cpp.o
nvcc warning : incompatible redefinition for option 'compiler-bindir', the last value of this option was used
nvcc warning : incompatible redefinition for option 'compiler-bindir', the last value of this option was used
[ 57%] Building CXX object CMakeFiles/lammps.dir/home/guest/palash/Granular-Chains-DEM/lammps/src/KSPACE/pair_buck_coul_msm.cpp.o
nvcc warning : incompatible redefinition for option 'compiler-bindir', the last value of this option was used
[ 57%] Building CXX object CMakeFiles/lammps.dir/home/guest/palash/Granular-Chains-DEM/lammps/src/KSPACE/pair_buck_long_coul_long.cpp.o
nvcc warning : incompatible redefinition for option 'compiler-bindir', the last value of this option was used
nvcc warning : incompatible redefinition for option 'compiler-bindir', the last value of this option was used
nvcc warning : incompatible redefinition for option 'compiler-bindir', the last value of this option was used
nvcc warning : incompatible redefinition for option 'compiler-bindir', the last value of this option was used
nvcc warning : incompatible redefinition for option 'compiler-bindir', the last value of this option was used
nvcc warning : incompatible redefinition for option 'compiler-bindir', the last value of this option was used
[ 57%] Building CXX object CMakeFiles/lammps.dir/home/guest/palash/Granular-Chains-DEM/lammps/src/KSPACE/pair_coul_long.cpp.o
[ 57%] Building CXX object CMakeFiles/lammps.dir/home/guest/palash/Granular-Chains-DEM/lammps/src/KSPACE/pair_coul_msm.cpp.o
nvcc warning : incompatible redefinition for option 'compiler-bindir', the last value of this option was used
nvcc warning : incompatible redefinition for option 'compiler-bindir', the last value of this option was used
nvcc warning : incompatible redefinition for option 'compiler-bindir', the last value of this option was used
nvcc warning : incompatible redefinition for option 'compiler-bindir', the last value of this option was used
nvcc warning : incompatible redefinition for option 'compiler-bindir', the last value of this option was used
nvcc warning : incompatible redefinition for option 'compiler-bindir', the last value of this option was used
nvcc warning : incompatible redefinition for option 'compiler-bindir', the last value of this option was used
nvcc warning : incompatible redefinition for option 'compiler-bindir', the last value of this option was used
[ 57%] Building CXX object CMakeFiles/lammps.dir/home/guest/palash/Granular-Chains-DEM/lammps/src/KSPACE/pair_coul_streitz.cpp.o
nvcc warning : incompatible redefinition for option 'compiler-bindir', the last value of this option was used
nvcc warning : incompatible redefinition for option 'compiler-bindir', the last value of this option was used
/home/guest/palash/Granular-Chains-DEM/lammps/src/KSPACE/fft3d.cpp(254): warning #550-D: variable "nthreads" was set but never used
    int me,nprocs,nthreads;
                  ^

Remark: The warnings can be suppressed with "-diag-suppress <warning-number>"

nvcc warning : incompatible redefinition for option 'compiler-bindir', the last value of this option was used
nvcc warning : incompatible redefinition for option 'compiler-bindir', the last value of this option was used
nvcc warning : incompatible redefinition for option 'compiler-bindir', the last value of this option was used
nvcc warning : incompatible redefinition for option 'compiler-bindir', the last value of this option was used
[ 57%] Building CXX object CMakeFiles/lammps.dir/home/guest/palash/Granular-Chains-DEM/lammps/src/KSPACE/pair_lj_charmm_coul_long.cpp.o
[ 57%] Building CXX object CMakeFiles/lammps.dir/home/guest/palash/Granular-Chains-DEM/lammps/src/KSPACE/pair_lj_charmm_coul_msm.cpp.o
[ 57%] Building CXX object CMakeFiles/lammps.dir/home/guest/palash/Granular-Chains-DEM/lammps/src/KSPACE/pair_lj_charmmfsw_coul_long.cpp.o
[ 57%] Building CXX object CMakeFiles/lammps.dir/home/guest/palash/Granular-Chains-DEM/lammps/src/KSPACE/pair_lj_cut_coul_long.cpp.o
nvcc warning : incompatible redefinition for option 'compiler-bindir', the last value of this option was used
[ 57%] Building CXX object CMakeFiles/lammps.dir/home/guest/palash/Granular-Chains-DEM/lammps/src/KSPACE/pair_lj_cut_coul_msm.cpp.o
nvcc warning : incompatible redefinition for option 'compiler-bindir', the last value of this option was used
nvcc warning : incompatible redefinition for option 'compiler-bindir', the last value of this option was used
[ 57%] Building CXX object CMakeFiles/lammps.dir/home/guest/palash/Granular-Chains-DEM/lammps/src/KSPACE/pair_lj_cut_tip4p_long.cpp.o
nvcc warning : incompatible redefinition for option 'compiler-bindir', the last value of this option was used
nvcc warning : incompatible redefinition for option 'compiler-bindir', the last value of this option was used
nvcc warning : incompatible redefinition for option 'compiler-bindir', the last value of this option was used
nvcc warning : incompatible redefinition for option 'compiler-bindir', the last value of this option was used
nvcc warning : incompatible redefinition for option 'compiler-bindir', the last value of this option was used
[ 57%] Building CXX object CMakeFiles/lammps.dir/home/guest/palash/Granular-Chains-DEM/lammps/src/KSPACE/pair_lj_long_coul_long.cpp.o
nvcc warning : incompatible redefinition for option 'compiler-bindir', the last value of this option was used
[ 57%] Building CXX object CMakeFiles/lammps.dir/home/guest/palash/Granular-Chains-DEM/lammps/src/KSPACE/pair_lj_long_tip4p_long.cpp.o
[ 57%] Building CXX object CMakeFiles/lammps.dir/home/guest/palash/Granular-Chains-DEM/lammps/src/KSPACE/pair_tip4p_long.cpp.o
nvcc warning : incompatible redefinition for option 'compiler-bindir', the last value of this option was used
nvcc warning : incompatible redefinition for option 'compiler-bindir', the last value of this option was used
nvcc warning : incompatible redefinition for option 'compiler-bindir', the last value of this option was used
[ 57%] Building CXX object CMakeFiles/lammps.dir/home/guest/palash/Granular-Chains-DEM/lammps/src/KSPACE/pppm.cpp.o
[ 58%] Building CXX object CMakeFiles/lammps.dir/home/guest/palash/Granular-Chains-DEM/lammps/src/KSPACE/pppm_cg.cpp.o
[ 58%] Building CXX object CMakeFiles/lammps.dir/home/guest/palash/Granular-Chains-DEM/lammps/src/KSPACE/pppm_dipole.cpp.o
nvcc warning : incompatible redefinition for option 'compiler-bindir', the last value of this option was used
nvcc warning : incompatible redefinition for option 'compiler-bindir', the last value of this option was used
nvcc warning : incompatible redefinition for option 'compiler-bindir', the last value of this option was used
[ 58%] Building CXX object CMakeFiles/lammps.dir/home/guest/palash/Granular-Chains-DEM/lammps/src/KSPACE/pppm_dipole_spin.cpp.o
nvcc warning : incompatible redefinition for option 'compiler-bindir', the last value of this option was used
nvcc warning : incompatible redefinition for option 'compiler-bindir', the last value of this option was used
[ 58%] Building CXX object CMakeFiles/lammps.dir/home/guest/palash/Granular-Chains-DEM/lammps/src/KSPACE/pppm_disp.cpp.o
nvcc warning : incompatible redefinition for option 'compiler-bindir', the last value of this option was used
nvcc warning : incompatible redefinition for option 'compiler-bindir', the last value of this option was used
nvcc warning : incompatible redefinition for option 'compiler-bindir', the last value of this option was used
[ 58%] Building CXX object CMakeFiles/lammps.dir/home/guest/palash/Granular-Chains-DEM/lammps/src/KSPACE/pppm_disp_tip4p.cpp.o
nvcc warning : incompatible redefinition for option 'compiler-bindir', the last value of this option was used
nvcc warning : incompatible redefinition for option 'compiler-bindir', the last value of this option was used
[ 58%] Building CXX object CMakeFiles/lammps.dir/home/guest/palash/Granular-Chains-DEM/lammps/src/KSPACE/pppm_stagger.cpp.o
[ 58%] Building CXX object CMakeFiles/lammps.dir/home/guest/palash/Granular-Chains-DEM/lammps/src/KSPACE/pppm_tip4p.cpp.o
[ 58%] Building CXX object CMakeFiles/lammps.dir/home/guest/palash/Granular-Chains-DEM/lammps/src/KSPACE/remap.cpp.o
nvcc warning : incompatible redefinition for option 'compiler-bindir', the last value of this option was used
[ 58%] Building CXX object CMakeFiles/lammps.dir/home/guest/palash/Granular-Chains-DEM/lammps/src/KSPACE/remap_wrap.cpp.o
nvcc warning : incompatible redefinition for option 'compiler-bindir', the last value of this option was used
nvcc warning : incompatible redefinition for option 'compiler-bindir', the last value of this option was used
nvcc warning : incompatible redefinition for option 'compiler-bindir', the last value of this option was used
nvcc warning : incompatible redefinition for option 'compiler-bindir', the last value of this option was used
nvcc warning : incompatible redefinition for option 'compiler-bindir', the last value of this option was used
nvcc warning : incompatible redefinition for option 'compiler-bindir', the last value of this option was used
nvcc warning : incompatible redefinition for option 'compiler-bindir', the last value of this option was used
[ 58%] Building CXX object CMakeFiles/lammps.dir/home/guest/palash/Granular-Chains-DEM/lammps/src/LEPTON/angle_lepton.cpp.o
nvcc warning : incompatible redefinition for option 'compiler-bindir', the last value of this option was used
nvcc warning : incompatible redefinition for option 'compiler-bindir', the last value of this option was used
nvcc warning : incompatible redefinition for option 'compiler-bindir', the last value of this option was used
[ 58%] Building CXX object CMakeFiles/lammps.dir/home/guest/palash/Granular-Chains-DEM/lammps/src/LEPTON/bond_lepton.cpp.o
nvcc warning : incompatible redefinition for option 'compiler-bindir', the last value of this option was used
[ 58%] Building CXX object CMakeFiles/lammps.dir/home/guest/palash/Granular-Chains-DEM/lammps/src/LEPTON/dihedral_lepton.cpp.o
nvcc warning : incompatible redefinition for option 'compiler-bindir', the last value of this option was used
[ 58%] Building CXX object CMakeFiles/lammps.dir/home/guest/palash/Granular-Chains-DEM/lammps/src/LEPTON/fix_efield_lepton.cpp.o
[ 58%] Building CXX object CMakeFiles/lammps.dir/home/guest/palash/Granular-Chains-DEM/lammps/src/LEPTON/fix_wall_lepton.cpp.o
nvcc warning : incompatible redefinition for option 'compiler-bindir', the last value of this option was used
nvcc warning : incompatible redefinition for option 'compiler-bindir', the last value of this option was used
[ 58%] Building CXX object CMakeFiles/lammps.dir/home/guest/palash/Granular-Chains-DEM/lammps/src/LEPTON/lepton_utils.cpp.o
nvcc warning : incompatible redefinition for option 'compiler-bindir', the last value of this option was used
nvcc warning : incompatible redefinition for option 'compiler-bindir', the last value of this option was used
nvcc warning : incompatible redefinition for option 'compiler-bindir', the last value of this option was used
nvcc warning : incompatible redefinition for option 'compiler-bindir', the last value of this option was used
nvcc warning : incompatible redefinition for option 'compiler-bindir', the last value of this option was used
nvcc warning : incompatible redefinition for option 'compiler-bindir', the last value of this option was used
[ 58%] Building CXX object CMakeFiles/lammps.dir/home/guest/palash/Granular-Chains-DEM/lammps/src/LEPTON/pair_lepton.cpp.o
nvcc warning : incompatible redefinition for option 'compiler-bindir', the last value of this option was used
nvcc warning : incompatible redefinition for option 'compiler-bindir', the last value of this option was used
nvcc warning : incompatible redefinition for option 'compiler-bindir', the last value of this option was used
[ 58%] Building CXX object CMakeFiles/lammps.dir/home/guest/palash/Granular-Chains-DEM/lammps/src/LEPTON/pair_lepton_coul.cpp.o
[ 58%] Building CXX object CMakeFiles/lammps.dir/home/guest/palash/Granular-Chains-DEM/lammps/src/LEPTON/pair_lepton_sphere.cpp.o
nvcc warning : incompatible redefinition for option 'compiler-bindir', the last value of this option was used
nvcc warning : incompatible redefinition for option 'compiler-bindir', the last value of this option was used
[ 58%] Building CXX object CMakeFiles/lammps.dir/home/guest/palash/Granular-Chains-DEM/lammps/src/MACHDYN/atom_vec_smd.cpp.o
nvcc warning : incompatible redefinition for option 'compiler-bindir', the last value of this option was used
[ 59%] Building CXX object CMakeFiles/lammps.dir/home/guest/palash/Granular-Chains-DEM/lammps/src/MACHDYN/compute_smd_contact_radius.cpp.o
nvcc warning : incompatible redefinition for option 'compiler-bindir', the last value of this option was used
nvcc warning : incompatible redefinition for option 'compiler-bindir', the last value of this option was used
[ 59%] Building CXX object CMakeFiles/lammps.dir/home/guest/palash/Granular-Chains-DEM/lammps/src/MACHDYN/compute_smd_damage.cpp.o
nvcc warning : incompatible redefinition for option 'compiler-bindir', the last value of this option was used
nvcc warning : incompatible redefinition for option 'compiler-bindir', the last value of this option was used
nvcc warning : incompatible redefinition for option 'compiler-bindir', the last value of this option was used
[ 59%] Building CXX object CMakeFiles/lammps.dir/home/guest/palash/Granular-Chains-DEM/lammps/src/MACHDYN/compute_smd_hourglass_error.cpp.o
nvcc warning : incompatible redefinition for option 'compiler-bindir', the last value of this option was used
[ 59%] Building CXX object CMakeFiles/lammps.dir/home/guest/palash/Granular-Chains-DEM/lammps/src/MACHDYN/compute_smd_internal_energy.cpp.o
[ 59%] Building CXX object CMakeFiles/lammps.dir/home/guest/palash/Granular-Chains-DEM/lammps/src/MACHDYN/compute_smd_plastic_strain.cpp.o
nvcc warning : incompatible redefinition for option 'compiler-bindir', the last value of this option was used
nvcc warning : incompatible redefinition for option 'compiler-bindir', the last value of this option was used
nvcc warning : incompatible redefinition for option 'compiler-bindir', the last value of this option was used
nvcc warning : incompatible redefinition for option 'compiler-bindir', the last value of this option was used
nvcc warning : incompatible redefinition for option 'compiler-bindir', the last value of this option was used
nvcc warning : incompatible redefinition for option 'compiler-bindir', the last value of this option was used
nvcc warning : incompatible redefinition for option 'compiler-bindir', the last value of this option was used
[ 59%] Building CXX object CMakeFiles/lammps.dir/home/guest/palash/Granular-Chains-DEM/lammps/src/MACHDYN/compute_smd_plastic_strain_rate.cpp.o
nvcc warning : incompatible redefinition for option 'compiler-bindir', the last value of this option was used
nvcc warning : incompatible redefinition for option 'compiler-bindir', the last value of this option was used
nvcc warning : incompatible redefinition for option 'compiler-bindir', the last value of this option was used
nvcc warning : incompatible redefinition for option 'compiler-bindir', the last value of this option was used
[ 59%] Building CXX object CMakeFiles/lammps.dir/home/guest/palash/Granular-Chains-DEM/lammps/src/MACHDYN/compute_smd_rho.cpp.o
[ 59%] Building CXX object CMakeFiles/lammps.dir/home/guest/palash/Granular-Chains-DEM/lammps/src/MACHDYN/compute_smd_tlsph_defgrad.cpp.o
[ 59%] Building CXX object CMakeFiles/lammps.dir/home/guest/palash/Granular-Chains-DEM/lammps/src/MACHDYN/compute_smd_tlsph_dt.cpp.o
[ 59%] Building CXX object CMakeFiles/lammps.dir/home/guest/palash/Granular-Chains-DEM/lammps/src/MACHDYN/compute_smd_tlsph_num_neighs.cpp.o
nvcc warning : incompatible redefinition for option 'compiler-bindir', the last value of this option was used
[ 59%] Building CXX object CMakeFiles/lammps.dir/home/guest/palash/Granular-Chains-DEM/lammps/src/MACHDYN/compute_smd_tlsph_shape.cpp.o
nvcc warning : incompatible redefinition for option 'compiler-bindir', the last value of this option was used
nvcc warning : incompatible redefinition for option 'compiler-bindir', the last value of this option was used
[ 59%] Building CXX object CMakeFiles/lammps.dir/home/guest/palash/Granular-Chains-DEM/lammps/src/MACHDYN/compute_smd_tlsph_strain.cpp.o
nvcc warning : incompatible redefinition for option 'compiler-bindir', the last value of this option was used
nvcc warning : incompatible redefinition for option 'compiler-bindir', the last value of this option was used
nvcc warning : incompatible redefinition for option 'compiler-bindir', the last value of this option was used
nvcc warning : incompatible redefinition for option 'compiler-bindir', the last value of this option was used
nvcc warning : incompatible redefinition for option 'compiler-bindir', the last value of this option was used
[ 59%] Building CXX object CMakeFiles/lammps.dir/home/guest/palash/Granular-Chains-DEM/lammps/src/MACHDYN/compute_smd_tlsph_strain_rate.cpp.o
nvcc warning : incompatible redefinition for option 'compiler-bindir', the last value of this option was used
[ 59%] Building CXX object CMakeFiles/lammps.dir/home/guest/palash/Granular-Chains-DEM/lammps/src/MACHDYN/compute_smd_tlsph_stress.cpp.o
[ 59%] Building CXX object CMakeFiles/lammps.dir/home/guest/palash/Granular-Chains-DEM/lammps/src/MACHDYN/compute_smd_triangle_vertices.cpp.o
nvcc warning : incompatible redefinition for option 'compiler-bindir', the last value of this option was used
nvcc warning : incompatible redefinition for option 'compiler-bindir', the last value of this option was used
nvcc warning : incompatible redefinition for option 'compiler-bindir', the last value of this option was used
nvcc warning : incompatible redefinition for option 'compiler-bindir', the last value of this option was used
nvcc warning : incompatible redefinition for option 'compiler-bindir', the last value of this option was used
[ 59%] Building CXX object CMakeFiles/lammps.dir/home/guest/palash/Granular-Chains-DEM/lammps/src/MACHDYN/compute_smd_ulsph_effm.cpp.o
nvcc warning : incompatible redefinition for option 'compiler-bindir', the last value of this option was used
nvcc warning : incompatible redefinition for option 'compiler-bindir', the last value of this option was used
nvcc warning : incompatible redefinition for option 'compiler-bindir', the last value of this option was used
nvcc warning : incompatible redefinition for option 'compiler-bindir', the last value of this option was used
[ 59%] Building CXX object CMakeFiles/lammps.dir/home/guest/palash/Granular-Chains-DEM/lammps/src/MACHDYN/compute_smd_ulsph_num_neighs.cpp.o
[ 59%] Building CXX object CMakeFiles/lammps.dir/home/guest/palash/Granular-Chains-DEM/lammps/src/MACHDYN/compute_smd_ulsph_strain.cpp.o
nvcc warning : incompatible redefinition for option 'compiler-bindir', the last value of this option was used
nvcc warning : incompatible redefinition for option 'compiler-bindir', the last value of this option was used
nvcc warning : incompatible redefinition for option 'compiler-bindir', the last value of this option was used
nvcc warning : incompatible redefinition for option 'compiler-bindir', the last value of this option was used
nvcc warning : incompatible redefinition for option 'compiler-bindir', the last value of this option was used
nvcc warning : incompatible redefinition for option 'compiler-bindir', the last value of this option was used
nvcc warning : incompatible redefinition for option 'compiler-bindir', the last value of this option was used
nvcc warning : incompatible redefinition for option 'compiler-bindir', the last value of this option was used
[ 59%] Building CXX object CMakeFiles/lammps.dir/home/guest/palash/Granular-Chains-DEM/lammps/src/MACHDYN/compute_smd_ulsph_strain_rate.cpp.o
[ 60%] Building CXX object CMakeFiles/lammps.dir/home/guest/palash/Granular-Chains-DEM/lammps/src/MACHDYN/compute_smd_ulsph_stress.cpp.o
[ 60%] Building CXX object CMakeFiles/lammps.dir/home/guest/palash/Granular-Chains-DEM/lammps/src/MACHDYN/compute_smd_vol.cpp.o
nvcc warning : incompatible redefinition for option 'compiler-bindir', the last value of this option was used
[ 60%] Building CXX object CMakeFiles/lammps.dir/home/guest/palash/Granular-Chains-DEM/lammps/src/MACHDYN/fix_smd_adjust_dt.cpp.o
nvcc warning : incompatible redefinition for option 'compiler-bindir', the last value of this option was used
[ 60%] Building CXX object CMakeFiles/lammps.dir/home/guest/palash/Granular-Chains-DEM/lammps/src/MACHDYN/fix_smd_integrate_tlsph.cpp.o
nvcc warning : incompatible redefinition for option 'compiler-bindir', the last value of this option was used
nvcc warning : incompatible redefinition for option 'compiler-bindir', the last value of this option was used
nvcc warning : incompatible redefinition for option 'compiler-bindir', the last value of this option was used
[ 60%] Building CXX object CMakeFiles/lammps.dir/home/guest/palash/Granular-Chains-DEM/lammps/src/MACHDYN/fix_smd_integrate_ulsph.cpp.o
nvcc warning : incompatible redefinition for option 'compiler-bindir', the last value of this option was used
[ 60%] Building CXX object CMakeFiles/lammps.dir/home/guest/palash/Granular-Chains-DEM/lammps/src/MACHDYN/fix_smd_move_triangulated_surface.cpp.o
nvcc warning : incompatible redefinition for option 'compiler-bindir', the last value of this option was used
nvcc warning : incompatible redefinition for option 'compiler-bindir', the last value of this option was used
nvcc warning : incompatible redefinition for option 'compiler-bindir', the last value of this option was used
[ 60%] Building CXX object CMakeFiles/lammps.dir/home/guest/palash/Granular-Chains-DEM/lammps/src/MACHDYN/fix_smd_setvel.cpp.o
[ 60%] Building CXX object CMakeFiles/lammps.dir/home/guest/palash/Granular-Chains-DEM/lammps/src/MACHDYN/fix_smd_tlsph_reference_configuration.cpp.o
[ 60%] Building CXX object CMakeFiles/lammps.dir/home/guest/palash/Granular-Chains-DEM/lammps/src/MACHDYN/fix_smd_wall_surface.cpp.o
nvcc warning : incompatible redefinition for option 'compiler-bindir', the last value of this option was used
nvcc warning : incompatible redefinition for option 'compiler-bindir', the last value of this option was used
nvcc warning : incompatible redefinition for option 'compiler-bindir', the last value of this option was used
nvcc warning : incompatible redefinition for option 'compiler-bindir', the last value of this option was used
nvcc warning : incompatible redefinition for option 'compiler-bindir', the last value of this option was used
nvcc warning : incompatible redefinition for option 'compiler-bindir', the last value of this option was used
[ 60%] Building CXX object CMakeFiles/lammps.dir/home/guest/palash/Granular-Chains-DEM/lammps/src/MACHDYN/pair_smd_hertz.cpp.o
nvcc warning : incompatible redefinition for option 'compiler-bindir', the last value of this option was used
nvcc warning : incompatible redefinition for option 'compiler-bindir', the last value of this option was used
nvcc warning : incompatible redefinition for option 'compiler-bindir', the last value of this option was used
nvcc warning : incompatible redefinition for option 'compiler-bindir', the last value of this option was used
nvcc warning : incompatible redefinition for option 'compiler-bindir', the last value of this option was used
nvcc warning : incompatible redefinition for option 'compiler-bindir', the last value of this option was used
[ 60%] Building CXX object CMakeFiles/lammps.dir/home/guest/palash/Granular-Chains-DEM/lammps/src/MACHDYN/pair_smd_tlsph.cpp.o
nvcc warning : incompatible redefinition for option 'compiler-bindir', the last value of this option was used
[ 60%] Building CXX object CMakeFiles/lammps.dir/home/guest/palash/Granular-Chains-DEM/lammps/src/MACHDYN/pair_smd_triangulated_surface.cpp.o
[ 60%] Building CXX object CMakeFiles/lammps.dir/home/guest/palash/Granular-Chains-DEM/lammps/src/MACHDYN/pair_smd_ulsph.cpp.o
nvcc warning : incompatible redefinition for option 'compiler-bindir', the last value of this option was used
nvcc warning : incompatible redefinition for option 'compiler-bindir', the last value of this option was used
nvcc warning : incompatible redefinition for option 'compiler-bindir', the last value of this option was used
nvcc warning : incompatible redefinition for option 'compiler-bindir', the last value of this option was used
[ 60%] Building CXX object CMakeFiles/lammps.dir/home/guest/palash/Granular-Chains-DEM/lammps/src/MACHDYN/smd_material_models.cpp.o
[ 60%] Building CXX object CMakeFiles/lammps.dir/home/guest/palash/Granular-Chains-DEM/lammps/src/MANYBODY/fix_qeq_comb.cpp.o
[ 60%] Building CXX object CMakeFiles/lammps.dir/home/guest/palash/Granular-Chains-DEM/lammps/src/MANYBODY/pair_adp.cpp.o
nvcc warning : incompatible redefinition for option 'compiler-bindir', the last value of this option was used
nvcc warning : incompatible redefinition for option 'compiler-bindir', the last value of this option was used
[ 60%] Building CXX object CMakeFiles/lammps.dir/home/guest/palash/Granular-Chains-DEM/lammps/src/MANYBODY/pair_airebo.cpp.o
nvcc warning : incompatible redefinition for option 'compiler-bindir', the last value of this option was used
[ 60%] Building CXX object CMakeFiles/lammps.dir/home/guest/palash/Granular-Chains-DEM/lammps/src/MANYBODY/pair_airebo_morse.cpp.o
[ 60%] Building CXX object CMakeFiles/lammps.dir/home/guest/palash/Granular-Chains-DEM/lammps/src/MANYBODY/pair_atm.cpp.o
nvcc warning : incompatible redefinition for option 'compiler-bindir', the last value of this option was used
nvcc warning : incompatible redefinition for option 'compiler-bindir', the last value of this option was used
nvcc warning : incompatible redefinition for option 'compiler-bindir', the last value of this option was used
nvcc warning : incompatible redefinition for option 'compiler-bindir', the last value of this option was used
[ 61%] Building CXX object CMakeFiles/lammps.dir/home/guest/palash/Granular-Chains-DEM/lammps/src/MANYBODY/pair_bop.cpp.o
nvcc warning : incompatible redefinition for option 'compiler-bindir', the last value of this option was used
nvcc warning : incompatible redefinition for option 'compiler-bindir', the last value of this option was used
nvcc warning : incompatible redefinition for option 'compiler-bindir', the last value of this option was used
[ 61%] Building CXX object CMakeFiles/lammps.dir/home/guest/palash/Granular-Chains-DEM/lammps/src/MANYBODY/pair_comb.cpp.o
nvcc warning : incompatible redefinition for option 'compiler-bindir', the last value of this option was used
nvcc warning : incompatible redefinition for option 'compiler-bindir', the last value of this option was used
nvcc warning : incompatible redefinition for option 'compiler-bindir', the last value of this option was used
nvcc warning : incompatible redefinition for option 'compiler-bindir', the last value of this option was used
nvcc warning : incompatible redefinition for option 'compiler-bindir', the last value of this option was used
[ 61%] Building CXX object CMakeFiles/lammps.dir/home/guest/palash/Granular-Chains-DEM/lammps/src/MANYBODY/pair_comb3.cpp.o
[ 61%] Building CXX object CMakeFiles/lammps.dir/home/guest/palash/Granular-Chains-DEM/lammps/src/MANYBODY/pair_eam.cpp.o
nvcc warning : incompatible redefinition for option 'compiler-bindir', the last value of this option was used
[ 61%] Building CXX object CMakeFiles/lammps.dir/home/guest/palash/Granular-Chains-DEM/lammps/src/MANYBODY/pair_eam_alloy.cpp.o
nvcc warning : incompatible redefinition for option 'compiler-bindir', the last value of this option was used
nvcc warning : incompatible redefinition for option 'compiler-bindir', the last value of this option was used
nvcc warning : incompatible redefinition for option 'compiler-bindir', the last value of this option was used
[ 61%] Building CXX object CMakeFiles/lammps.dir/home/guest/palash/Granular-Chains-DEM/lammps/src/MANYBODY/pair_eam_cd.cpp.o
nvcc warning : incompatible redefinition for option 'compiler-bindir', the last value of this option was used
nvcc warning : incompatible redefinition for option 'compiler-bindir', the last value of this option was used
nvcc warning : incompatible redefinition for option 'compiler-bindir', the last value of this option was used
nvcc warning : incompatible redefinition for option 'compiler-bindir', the last value of this option was used
nvcc warning : incompatible redefinition for option 'compiler-bindir', the last value of this option was used
nvcc warning : incompatible redefinition for option 'compiler-bindir', the last value of this option was used
[ 61%] Building CXX object CMakeFiles/lammps.dir/home/guest/palash/Granular-Chains-DEM/lammps/src/MANYBODY/pair_eam_fs.cpp.o
[ 61%] Building CXX object CMakeFiles/lammps.dir/home/guest/palash/Granular-Chains-DEM/lammps/src/MANYBODY/pair_eam_he.cpp.o
nvcc warning : incompatible redefinition for option 'compiler-bindir', the last value of this option was used
[ 61%] Building CXX object CMakeFiles/lammps.dir/home/guest/palash/Granular-Chains-DEM/lammps/src/MANYBODY/pair_edip.cpp.o
nvcc warning : incompatible redefinition for option 'compiler-bindir', the last value of this option was used
nvcc warning : incompatible redefinition for option 'compiler-bindir', the last value of this option was used
[ 61%] Building CXX object CMakeFiles/lammps.dir/home/guest/palash/Granular-Chains-DEM/lammps/src/MANYBODY/pair_edip_multi.cpp.o
nvcc warning : incompatible redefinition for option 'compiler-bindir', the last value of this option was used
[ 61%] Building CXX object CMakeFiles/lammps.dir/home/guest/palash/Granular-Chains-DEM/lammps/src/MANYBODY/pair_eim.cpp.o
nvcc warning : incompatible redefinition for option 'compiler-bindir', the last value of this option was used
nvcc warning : incompatible redefinition for option 'compiler-bindir', the last value of this option was used
[ 61%] Building CXX object CMakeFiles/lammps.dir/home/guest/palash/Granular-Chains-DEM/lammps/src/MANYBODY/pair_extep.cpp.o
[ 61%] Building CXX object CMakeFiles/lammps.dir/home/guest/palash/Granular-Chains-DEM/lammps/src/MANYBODY/pair_gw.cpp.o
[ 61%] Building CXX object CMakeFiles/lammps.dir/home/guest/palash/Granular-Chains-DEM/lammps/src/MANYBODY/pair_gw_zbl.cpp.o
nvcc warning : incompatible redefinition for option 'compiler-bindir', the last value of this option was used
[ 61%] Building CXX object CMakeFiles/lammps.dir/home/guest/palash/Granular-Chains-DEM/lammps/src/MANYBODY/pair_lcbop.cpp.o
nvcc warning : incompatible redefinition for option 'compiler-bindir', the last value of this option was used
nvcc warning : incompatible redefinition for option 'compiler-bindir', the last value of this option was used
nvcc warning : incompatible redefinition for option 'compiler-bindir', the last value of this option was used
nvcc warning : incompatible redefinition for option 'compiler-bindir', the last value of this option was used
nvcc warning : incompatible redefinition for option 'compiler-bindir', the last value of this option was used
nvcc warning : incompatible redefinition for option 'compiler-bindir', the last value of this option was used
[ 61%] Building CXX object CMakeFiles/lammps.dir/home/guest/palash/Granular-Chains-DEM/lammps/src/MANYBODY/pair_local_density.cpp.o
[ 61%] Building CXX object CMakeFiles/lammps.dir/home/guest/palash/Granular-Chains-DEM/lammps/src/MANYBODY/pair_meam_spline.cpp.o
[ 61%] Building CXX object CMakeFiles/lammps.dir/home/guest/palash/Granular-Chains-DEM/lammps/src/MANYBODY/pair_meam_sw_spline.cpp.o
nvcc warning : incompatible redefinition for option 'compiler-bindir', the last value of this option was used
nvcc warning : incompatible redefinition for option 'compiler-bindir', the last value of this option was used
nvcc warning : incompatible redefinition for option 'compiler-bindir', the last value of this option was used
[ 61%] Building CXX object CMakeFiles/lammps.dir/home/guest/palash/Granular-Chains-DEM/lammps/src/MANYBODY/pair_nb3b_harmonic.cpp.o
[ 62%] Building CXX object CMakeFiles/lammps.dir/home/guest/palash/Granular-Chains-DEM/lammps/src/MANYBODY/pair_nb3b_screened.cpp.o
nvcc warning : incompatible redefinition for option 'compiler-bindir', the last value of this option was used
nvcc warning : incompatible redefinition for option 'compiler-bindir', the last value of this option was used
nvcc warning : incompatible redefinition for option 'compiler-bindir', the last value of this option was used
nvcc warning : incompatible redefinition for option 'compiler-bindir', the last value of this option was used
nvcc warning : incompatible redefinition for option 'compiler-bindir', the last value of this option was used
nvcc warning : incompatible redefinition for option 'compiler-bindir', the last value of this option was used
[ 62%] Building CXX object CMakeFiles/lammps.dir/home/guest/palash/Granular-Chains-DEM/lammps/src/MANYBODY/pair_polymorphic.cpp.o
nvcc warning : incompatible redefinition for option 'compiler-bindir', the last value of this option was used
nvcc warning : incompatible redefinition for option 'compiler-bindir', the last value of this option was used
nvcc warning : incompatible redefinition for option 'compiler-bindir', the last value of this option was used
[ 62%] Building CXX object CMakeFiles/lammps.dir/home/guest/palash/Granular-Chains-DEM/lammps/src/MANYBODY/pair_rebo.cpp.o
[ 62%] Building CXX object CMakeFiles/lammps.dir/home/guest/palash/Granular-Chains-DEM/lammps/src/MANYBODY/pair_rebomos.cpp.o
nvcc warning : incompatible redefinition for option 'compiler-bindir', the last value of this option was used
nvcc warning : incompatible redefinition for option 'compiler-bindir', the last value of this option was used
[ 62%] Building CXX object CMakeFiles/lammps.dir/home/guest/palash/Granular-Chains-DEM/lammps/src/MANYBODY/pair_sw.cpp.o
nvcc warning : incompatible redefinition for option 'compiler-bindir', the last value of this option was used
nvcc warning : incompatible redefinition for option 'compiler-bindir', the last value of this option was used
[ 62%] Building CXX object CMakeFiles/lammps.dir/home/guest/palash/Granular-Chains-DEM/lammps/src/MANYBODY/pair_sw_angle_table.cpp.o
[ 62%] Building CXX object CMakeFiles/lammps.dir/home/guest/palash/Granular-Chains-DEM/lammps/src/MANYBODY/pair_sw_mod.cpp.o
nvcc warning : incompatible redefinition for option 'compiler-bindir', the last value of this option was used
nvcc warning : incompatible redefinition for option 'compiler-bindir', the last value of this option was used
[ 62%] Building CXX object CMakeFiles/lammps.dir/home/guest/palash/Granular-Chains-DEM/lammps/src/MANYBODY/pair_tersoff.cpp.o
nvcc warning : incompatible redefinition for option 'compiler-bindir', the last value of this option was used
[ 62%] Building CXX object CMakeFiles/lammps.dir/home/guest/palash/Granular-Chains-DEM/lammps/src/MANYBODY/pair_tersoff_mod.cpp.o
[ 62%] Building CXX object CMakeFiles/lammps.dir/home/guest/palash/Granular-Chains-DEM/lammps/src/MANYBODY/pair_tersoff_mod_c.cpp.o
nvcc warning : incompatible redefinition for option 'compiler-bindir', the last value of this option was used
[ 62%] Building CXX object CMakeFiles/lammps.dir/home/guest/palash/Granular-Chains-DEM/lammps/src/MANYBODY/pair_tersoff_table.cpp.o
nvcc warning : incompatible redefinition for option 'compiler-bindir', the last value of this option was used
nvcc warning : incompatible redefinition for option 'compiler-bindir', the last value of this option was used
nvcc warning : incompatible redefinition for option 'compiler-bindir', the last value of this option was used
nvcc warning : incompatible redefinition for option 'compiler-bindir', the last value of this option was used
nvcc warning : incompatible redefinition for option 'compiler-bindir', the last value of this option was used
nvcc warning : incompatible redefinition for option 'compiler-bindir', the last value of this option was used
[ 62%] Building CXX object CMakeFiles/lammps.dir/home/guest/palash/Granular-Chains-DEM/lammps/src/MANYBODY/pair_tersoff_zbl.cpp.o
nvcc warning : incompatible redefinition for option 'compiler-bindir', the last value of this option was used
[ 62%] Building CXX object CMakeFiles/lammps.dir/home/guest/palash/Granular-Chains-DEM/lammps/src/MANYBODY/pair_threebody_table.cpp.o
[ 62%] Building CXX object CMakeFiles/lammps.dir/home/guest/palash/Granular-Chains-DEM/lammps/src/MANYBODY/pair_vashishta.cpp.o
nvcc warning : incompatible redefinition for option 'compiler-bindir', the last value of this option was used
nvcc warning : incompatible redefinition for option 'compiler-bindir', the last value of this option was used
nvcc warning : incompatible redefinition for option 'compiler-bindir', the last value of this option was used
nvcc warning : incompatible redefinition for option 'compiler-bindir', the last value of this option was used
nvcc warning : incompatible redefinition for option 'compiler-bindir', the last value of this option was used
[ 62%] Building CXX object CMakeFiles/lammps.dir/home/guest/palash/Granular-Chains-DEM/lammps/src/MANYBODY/pair_vashishta_table.cpp.o
[ 62%] Building CXX object CMakeFiles/lammps.dir/home/guest/palash/Granular-Chains-DEM/lammps/src/MC/fix_atom_swap.cpp.o
nvcc warning : incompatible redefinition for option 'compiler-bindir', the last value of this option was used
nvcc warning : incompatible redefinition for option 'compiler-bindir', the last value of this option was used
nvcc warning : incompatible redefinition for option 'compiler-bindir', the last value of this option was used
nvcc warning : incompatible redefinition for option 'compiler-bindir', the last value of this option was used
nvcc warning : incompatible redefinition for option 'compiler-bindir', the last value of this option was used
nvcc warning : incompatible redefinition for option 'compiler-bindir', the last value of this option was used
nvcc warning : incompatible redefinition for option 'compiler-bindir', the last value of this option was used
nvcc warning : incompatible redefinition for option 'compiler-bindir', the last value of this option was used
nvcc warning : incompatible redefinition for option 'compiler-bindir', the last value of this option was used
nvcc warning : incompatible redefinition for option 'compiler-bindir', the last value of this option was used
[ 62%] Building CXX object CMakeFiles/lammps.dir/home/guest/palash/Granular-Chains-DEM/lammps/src/MC/fix_bond_break.cpp.o
[ 62%] Building CXX object CMakeFiles/lammps.dir/home/guest/palash/Granular-Chains-DEM/lammps/src/MC/fix_bond_create.cpp.o
nvcc warning : incompatible redefinition for option 'compiler-bindir', the last value of this option was used
nvcc warning : incompatible redefinition for option 'compiler-bindir', the last value of this option was used
nvcc warning : incompatible redefinition for option 'compiler-bindir', the last value of this option was used
nvcc warning : incompatible redefinition for option 'compiler-bindir', the last value of this option was used
nvcc warning : incompatible redefinition for option 'compiler-bindir', the last value of this option was used
nvcc warning : incompatible redefinition for option 'compiler-bindir', the last value of this option was used
[ 62%] Building CXX object CMakeFiles/lammps.dir/home/guest/palash/Granular-Chains-DEM/lammps/src/MC/fix_bond_create_angle.cpp.o
[ 63%] Building CXX object CMakeFiles/lammps.dir/home/guest/palash/Granular-Chains-DEM/lammps/src/MC/fix_bond_swap.cpp.o
nvcc warning : incompatible redefinition for option 'compiler-bindir', the last value of this option was used
[ 63%] Building CXX object CMakeFiles/lammps.dir/home/guest/palash/Granular-Chains-DEM/lammps/src/MC/fix_charge_regulation.cpp.o
nvcc warning : incompatible redefinition for option 'compiler-bindir', the last value of this option was used
nvcc warning : incompatible redefinition for option 'compiler-bindir', the last value of this option was used
nvcc warning : incompatible redefinition for option 'compiler-bindir', the last value of this option was used
[ 63%] Building CXX object CMakeFiles/lammps.dir/home/guest/palash/Granular-Chains-DEM/lammps/src/MC/fix_gcmc.cpp.o
nvcc warning : incompatible redefinition for option 'compiler-bindir', the last value of this option was used
[ 63%] Building CXX object CMakeFiles/lammps.dir/home/guest/palash/Granular-Chains-DEM/lammps/src/MC/fix_hmc.cpp.o
[ 63%] Building CXX object CMakeFiles/lammps.dir/home/guest/palash/Granular-Chains-DEM/lammps/src/MC/fix_mol_swap.cpp.o
nvcc warning : incompatible redefinition for option 'compiler-bindir', the last value of this option was used
nvcc warning : incompatible redefinition for option 'compiler-bindir', the last value of this option was used
nvcc warning : incompatible redefinition for option 'compiler-bindir', the last value of this option was used
nvcc warning : incompatible redefinition for option 'compiler-bindir', the last value of this option was used
nvcc warning : incompatible redefinition for option 'compiler-bindir', the last value of this option was used
nvcc warning : incompatible redefinition for option 'compiler-bindir', the last value of this option was used
nvcc warning : incompatible redefinition for option 'compiler-bindir', the last value of this option was used
[ 63%] Building CXX object CMakeFiles/lammps.dir/home/guest/palash/Granular-Chains-DEM/lammps/src/MC/fix_neighbor_swap.cpp.o
nvcc warning : incompatible redefinition for option 'compiler-bindir', the last value of this option was used
nvcc warning : incompatible redefinition for option 'compiler-bindir', the last value of this option was used
nvcc warning : incompatible redefinition for option 'compiler-bindir', the last value of this option was used
nvcc warning : incompatible redefinition for option 'compiler-bindir', the last value of this option was used
[ 63%] Building CXX object CMakeFiles/lammps.dir/home/guest/palash/Granular-Chains-DEM/lammps/src/MC/fix_sgcmc.cpp.o
[ 63%] Building CXX object CMakeFiles/lammps.dir/home/guest/palash/Granular-Chains-DEM/lammps/src/MC/fix_tfmc.cpp.o
[ 63%] Building CXX object CMakeFiles/lammps.dir/home/guest/palash/Granular-Chains-DEM/lammps/src/MC/fix_widom.cpp.o
nvcc warning : incompatible redefinition for option 'compiler-bindir', the last value of this option was used
nvcc warning : incompatible redefinition for option 'compiler-bindir', the last value of this option was used
nvcc warning : incompatible redefinition for option 'compiler-bindir', the last value of this option was used
nvcc warning : incompatible redefinition for option 'compiler-bindir', the last value of this option was used
[ 63%] Building CXX object CMakeFiles/lammps.dir/home/guest/palash/Granular-Chains-DEM/lammps/src/MC/pair_dsmc.cpp.o
nvcc warning : incompatible redefinition for option 'compiler-bindir', the last value of this option was used
nvcc warning : incompatible redefinition for option 'compiler-bindir', the last value of this option was used
nvcc warning : incompatible redefinition for option 'compiler-bindir', the last value of this option was used
[ 63%] Building CXX object CMakeFiles/lammps.dir/home/guest/palash/Granular-Chains-DEM/lammps/src/MEAM/meam_dens_final.cpp.o
[ 63%] Building CXX object CMakeFiles/lammps.dir/home/guest/palash/Granular-Chains-DEM/lammps/src/MEAM/meam_dens_init.cpp.o
[ 63%] Building CXX object CMakeFiles/lammps.dir/home/guest/palash/Granular-Chains-DEM/lammps/src/MEAM/meam_force.cpp.o
[ 63%] Building CXX object CMakeFiles/lammps.dir/home/guest/palash/Granular-Chains-DEM/lammps/src/MEAM/meam_funcs.cpp.o
nvcc warning : incompatible redefinition for option 'compiler-bindir', the last value of this option was used
nvcc warning : incompatible redefinition for option 'compiler-bindir', the last value of this option was used
nvcc warning : incompatible redefinition for option 'compiler-bindir', the last value of this option was used
nvcc warning : incompatible redefinition for option 'compiler-bindir', the last value of this option was used
nvcc warning : incompatible redefinition for option 'compiler-bindir', the last value of this option was used
nvcc warning : incompatible redefinition for option 'compiler-bindir', the last value of this option was used
[ 63%] Building CXX object CMakeFiles/lammps.dir/home/guest/palash/Granular-Chains-DEM/lammps/src/MEAM/meam_impl.cpp.o
[ 63%] Building CXX object CMakeFiles/lammps.dir/home/guest/palash/Granular-Chains-DEM/lammps/src/MEAM/meam_setup_done.cpp.o
nvcc warning : incompatible redefinition for option 'compiler-bindir', the last value of this option was used
nvcc warning : incompatible redefinition for option 'compiler-bindir', the last value of this option was used
nvcc warning : incompatible redefinition for option 'compiler-bindir', the last value of this option was used
nvcc warning : incompatible redefinition for option 'compiler-bindir', the last value of this option was used
nvcc warning : incompatible redefinition for option 'compiler-bindir', the last value of this option was used
nvcc warning : incompatible redefinition for option 'compiler-bindir', the last value of this option was used
nvcc warning : incompatible redefinition for option 'compiler-bindir', the last value of this option was used
[ 63%] Building CXX object CMakeFiles/lammps.dir/home/guest/palash/Granular-Chains-DEM/lammps/src/MEAM/meam_setup_global.cpp.o
[ 63%] Building CXX object CMakeFiles/lammps.dir/home/guest/palash/Granular-Chains-DEM/lammps/src/MEAM/meam_setup_param.cpp.o
[ 63%] Building CXX object CMakeFiles/lammps.dir/home/guest/palash/Granular-Chains-DEM/lammps/src/MEAM/pair_meam.cpp.o
[ 64%] Building CXX object CMakeFiles/lammps.dir/home/guest/palash/Granular-Chains-DEM/lammps/src/MEAM/pair_meam_ms.cpp.o
[ 64%] Building CXX object CMakeFiles/lammps.dir/home/guest/palash/Granular-Chains-DEM/lammps/src/MESONT/angle_mesocnt.cpp.o
nvcc warning : incompatible redefinition for option 'compiler-bindir', the last value of this option was used
[ 64%] Building CXX object CMakeFiles/lammps.dir/home/guest/palash/Granular-Chains-DEM/lammps/src/MESONT/bond_mesocnt.cpp.o
[ 64%] Building CXX object CMakeFiles/lammps.dir/home/guest/palash/Granular-Chains-DEM/lammps/src/MESONT/pair_mesocnt.cpp.o
nvcc warning : incompatible redefinition for option 'compiler-bindir', the last value of this option was used
nvcc warning : incompatible redefinition for option 'compiler-bindir', the last value of this option was used
nvcc warning : incompatible redefinition for option 'compiler-bindir', the last value of this option was used
[ 64%] Building CXX object CMakeFiles/lammps.dir/home/guest/palash/Granular-Chains-DEM/lammps/src/MESONT/pair_mesocnt_viscous.cpp.o
nvcc warning : incompatible redefinition for option 'compiler-bindir', the last value of this option was used
nvcc warning : incompatible redefinition for option 'compiler-bindir', the last value of this option was used
nvcc warning : incompatible redefinition for option 'compiler-bindir', the last value of this option was used
[ 64%] Building CXX object CMakeFiles/lammps.dir/home/guest/palash/Granular-Chains-DEM/lammps/src/MISC/bond_special.cpp.o
nvcc warning : incompatible redefinition for option 'compiler-bindir', the last value of this option was used
nvcc warning : incompatible redefinition for option 'compiler-bindir', the last value of this option was used
nvcc warning : incompatible redefinition for option 'compiler-bindir', the last value of this option was used
nvcc warning : incompatible redefinition for option 'compiler-bindir', the last value of this option was used
nvcc warning : incompatible redefinition for option 'compiler-bindir', the last value of this option was used
nvcc warning : incompatible redefinition for option 'compiler-bindir', the last value of this option was used
nvcc warning : incompatible redefinition for option 'compiler-bindir', the last value of this option was used
[ 64%] Building CXX object CMakeFiles/lammps.dir/home/guest/palash/Granular-Chains-DEM/lammps/src/MISC/compute_viscosity_cos.cpp.o
nvcc warning : incompatible redefinition for option 'compiler-bindir', the last value of this option was used
nvcc warning : incompatible redefinition for option 'compiler-bindir', the last value of this option was used
[ 64%] Building CXX object CMakeFiles/lammps.dir/home/guest/palash/Granular-Chains-DEM/lammps/src/MISC/fix_imd.cpp.o
[ 64%] Building CXX object CMakeFiles/lammps.dir/home/guest/palash/Granular-Chains-DEM/lammps/src/MISC/fix_accelerate_cos.cpp.o
nvcc warning : incompatible redefinition for option 'compiler-bindir', the last value of this option was used
nvcc warning : incompatible redefinition for option 'compiler-bindir', the last value of this option was used
nvcc warning : incompatible redefinition for option 'compiler-bindir', the last value of this option was used
nvcc warning : incompatible redefinition for option 'compiler-bindir', the last value of this option was used
[ 64%] Building CXX object CMakeFiles/lammps.dir/home/guest/palash/Granular-Chains-DEM/lammps/src/MISC/fix_ipi.cpp.o
[ 64%] Building CXX object CMakeFiles/lammps.dir/home/guest/palash/Granular-Chains-DEM/lammps/src/MISC/fix_srp.cpp.o
[ 64%] Building CXX object CMakeFiles/lammps.dir/home/guest/palash/Granular-Chains-DEM/lammps/src/MISC/fix_srp_react.cpp.o
[ 64%] Building CXX object CMakeFiles/lammps.dir/home/guest/palash/Granular-Chains-DEM/lammps/src/MISC/pair_agni.cpp.o
nvcc warning : incompatible redefinition for option 'compiler-bindir', the last value of this option was used
[ 64%] Building CXX object CMakeFiles/lammps.dir/home/guest/palash/Granular-Chains-DEM/lammps/src/MISC/pair_list.cpp.o
[ 64%] Building CXX object CMakeFiles/lammps.dir/home/guest/palash/Granular-Chains-DEM/lammps/src/MISC/pair_srp.cpp.o
nvcc warning : incompatible redefinition for option 'compiler-bindir', the last value of this option was used
nvcc warning : incompatible redefinition for option 'compiler-bindir', the last value of this option was used
nvcc warning : incompatible redefinition for option 'compiler-bindir', the last value of this option was used
[ 64%] Building CXX object CMakeFiles/lammps.dir/home/guest/palash/Granular-Chains-DEM/lammps/src/MISC/pair_srp_react.cpp.o
nvcc warning : incompatible redefinition for option 'compiler-bindir', the last value of this option was used
nvcc warning : incompatible redefinition for option 'compiler-bindir', the last value of this option was used
[ 64%] Building CXX object CMakeFiles/lammps.dir/home/guest/palash/Granular-Chains-DEM/lammps/src/MISC/pair_tracker.cpp.o
nvcc warning : incompatible redefinition for option 'compiler-bindir', the last value of this option was used
nvcc warning : incompatible redefinition for option 'compiler-bindir', the last value of this option was used
nvcc warning : incompatible redefinition for option 'compiler-bindir', the last value of this option was used
nvcc warning : incompatible redefinition for option 'compiler-bindir', the last value of this option was used
nvcc warning : incompatible redefinition for option 'compiler-bindir', the last value of this option was used
nvcc warning : incompatible redefinition for option 'compiler-bindir', the last value of this option was used
nvcc warning : incompatible redefinition for option 'compiler-bindir', the last value of this option was used
[ 64%] Building CXX object CMakeFiles/lammps.dir/home/guest/palash/Granular-Chains-DEM/lammps/src/ML-IAP/compute_mliap.cpp.o
nvcc warning : incompatible redefinition for option 'compiler-bindir', the last value of this option was used
nvcc warning : incompatible redefinition for option 'compiler-bindir', the last value of this option was used
[ 64%] Building CXX object CMakeFiles/lammps.dir/home/guest/palash/Granular-Chains-DEM/lammps/src/ML-IAP/mliap_data.cpp.o
nvcc warning : incompatible redefinition for option 'compiler-bindir', the last value of this option was used
nvcc warning : incompatible redefinition for option 'compiler-bindir', the last value of this option was used
[ 64%] Building CXX object CMakeFiles/lammps.dir/home/guest/palash/Granular-Chains-DEM/lammps/src/ML-IAP/mliap_descriptor.cpp.o
nvcc warning : incompatible redefinition for option 'compiler-bindir', the last value of this option was used
nvcc warning : incompatible redefinition for option 'compiler-bindir', the last value of this option was used
nvcc warning : incompatible redefinition for option 'compiler-bindir', the last value of this option was used
[ 65%] Building CXX object CMakeFiles/lammps.dir/home/guest/palash/Granular-Chains-DEM/lammps/src/ML-IAP/mliap_descriptor_ace.cpp.o
nvcc warning : incompatible redefinition for option 'compiler-bindir', the last value of this option was used
nvcc warning : incompatible redefinition for option 'compiler-bindir', the last value of this option was used
nvcc warning : incompatible redefinition for option 'compiler-bindir', the last value of this option was used
[ 65%] Building CXX object CMakeFiles/lammps.dir/home/guest/palash/Granular-Chains-DEM/lammps/src/ML-IAP/mliap_descriptor_snap.cpp.o
nvcc warning : incompatible redefinition for option 'compiler-bindir', the last value of this option was used
nvcc warning : incompatible redefinition for option 'compiler-bindir', the last value of this option was used
[ 65%] Building CXX object CMakeFiles/lammps.dir/home/guest/palash/Granular-Chains-DEM/lammps/src/ML-IAP/mliap_descriptor_so3.cpp.o
nvcc warning : incompatible redefinition for option 'compiler-bindir', the last value of this option was used
[ 65%] Building CXX object CMakeFiles/lammps.dir/home/guest/palash/Granular-Chains-DEM/lammps/src/ML-IAP/mliap_model.cpp.o
[ 65%] Building CXX object CMakeFiles/lammps.dir/home/guest/palash/Granular-Chains-DEM/lammps/src/ML-IAP/mliap_model_linear.cpp.o
nvcc warning : incompatible redefinition for option 'compiler-bindir', the last value of this option was used
nvcc warning : incompatible redefinition for option 'compiler-bindir', the last value of this option was used
nvcc warning : incompatible redefinition for option 'compiler-bindir', the last value of this option was used
nvcc warning : incompatible redefinition for option 'compiler-bindir', the last value of this option was used
nvcc warning : incompatible redefinition for option 'compiler-bindir', the last value of this option was used
[ 65%] Building CXX object CMakeFiles/lammps.dir/home/guest/palash/Granular-Chains-DEM/lammps/src/ML-IAP/mliap_model_nn.cpp.o
nvcc warning : incompatible redefinition for option 'compiler-bindir', the last value of this option was used
nvcc warning : incompatible redefinition for option 'compiler-bindir', the last value of this option was used
nvcc warning : incompatible redefinition for option 'compiler-bindir', the last value of this option was used
nvcc warning : incompatible redefinition for option 'compiler-bindir', the last value of this option was used
[ 65%] Building CXX object CMakeFiles/lammps.dir/home/guest/palash/Granular-Chains-DEM/lammps/src/ML-IAP/mliap_model_python.cpp.o
nvcc warning : incompatible redefinition for option 'compiler-bindir', the last value of this option was used
[ 65%] Building CXX object CMakeFiles/lammps.dir/home/guest/palash/Granular-Chains-DEM/lammps/src/ML-IAP/mliap_model_quadratic.cpp.o
[ 65%] Building CXX object CMakeFiles/lammps.dir/home/guest/palash/Granular-Chains-DEM/lammps/src/ML-IAP/mliap_so3.cpp.o
nvcc warning : incompatible redefinition for option 'compiler-bindir', the last value of this option was used
nvcc warning : incompatible redefinition for option 'compiler-bindir', the last value of this option was used
nvcc warning : incompatible redefinition for option 'compiler-bindir', the last value of this option was used
nvcc warning : incompatible redefinition for option 'compiler-bindir', the last value of this option was used
nvcc warning : incompatible redefinition for option 'compiler-bindir', the last value of this option was used
nvcc warning : incompatible redefinition for option 'compiler-bindir', the last value of this option was used
[ 65%] Building CXX object CMakeFiles/lammps.dir/home/guest/palash/Granular-Chains-DEM/lammps/src/ML-IAP/mliap_unified.cpp.o
/home/guest/palash/Granular-Chains-DEM/lammps/src/MISC/fix_imd.cpp(2146): warning #177-D: function "imd_recv_energies" was declared but never referenced
  int imd_recv_energies(void *s, IMDEnergies *energies) {
      ^

Remark: The warnings can be suppressed with "-diag-suppress <warning-number>"

/home/guest/palash/Granular-Chains-DEM/lammps/src/MISC/fix_imd.cpp(2153): warning #177-D: function "imd_recv_fcoords" was declared but never referenced
  int imd_recv_fcoords(void *s, int32 n, float *coords) {
      ^

/home/guest/palash/Granular-Chains-DEM/lammps/src/MISC/fix_imd.cpp(1981): warning #177-D: function "imdsock_selwrite" was declared but never referenced
  int imdsock_selwrite(void *v, int sec) {
      ^

[ 65%] Building CXX object CMakeFiles/lammps.dir/home/guest/palash/Granular-Chains-DEM/lammps/src/ML-IAP/pair_mliap.cpp.o
[ 65%] Building CXX object CMakeFiles/lammps.dir/home/guest/palash/Granular-Chains-DEM/lammps/src/ML-POD/compute_pod_atom.cpp.o
nvcc warning : incompatible redefinition for option 'compiler-bindir', the last value of this option was used
nvcc warning : incompatible redefinition for option 'compiler-bindir', the last value of this option was used
nvcc warning : incompatible redefinition for option 'compiler-bindir', the last value of this option was used
nvcc warning : incompatible redefinition for option 'compiler-bindir', the last value of this option was used
nvcc warning : incompatible redefinition for option 'compiler-bindir', the last value of this option was used
[ 65%] Building CXX object CMakeFiles/lammps.dir/home/guest/palash/Granular-Chains-DEM/lammps/src/ML-POD/compute_pod_global.cpp.o
[ 65%] Building CXX object CMakeFiles/lammps.dir/home/guest/palash/Granular-Chains-DEM/lammps/src/ML-POD/compute_pod_local.cpp.o
nvcc warning : incompatible redefinition for option 'compiler-bindir', the last value of this option was used
nvcc warning : incompatible redefinition for option 'compiler-bindir', the last value of this option was used
[ 65%] Building CXX object CMakeFiles/lammps.dir/home/guest/palash/Granular-Chains-DEM/lammps/src/ML-POD/compute_podd_atom.cpp.o
[ 65%] Building CXX object CMakeFiles/lammps.dir/home/guest/palash/Granular-Chains-DEM/lammps/src/ML-POD/eapod.cpp.o
nvcc warning : incompatible redefinition for option 'compiler-bindir', the last value of this option was used
nvcc warning : incompatible redefinition for option 'compiler-bindir', the last value of this option was used
nvcc warning : incompatible redefinition for option 'compiler-bindir', the last value of this option was used
[ 65%] Building CXX object CMakeFiles/lammps.dir/home/guest/palash/Granular-Chains-DEM/lammps/src/ML-POD/fitpod_command.cpp.o
nvcc warning : incompatible redefinition for option 'compiler-bindir', the last value of this option was used
nvcc warning : incompatible redefinition for option 'compiler-bindir', the last value of this option was used
nvcc warning : incompatible redefinition for option 'compiler-bindir', the last value of this option was used
nvcc warning : incompatible redefinition for option 'compiler-bindir', the last value of this option was used
nvcc warning : incompatible redefinition for option 'compiler-bindir', the last value of this option was used
nvcc warning : incompatible redefinition for option 'compiler-bindir', the last value of this option was used
[ 65%] Building CXX object CMakeFiles/lammps.dir/home/guest/palash/Granular-Chains-DEM/lammps/src/ML-POD/pair_pod.cpp.o
nvcc warning : incompatible redefinition for option 'compiler-bindir', the last value of this option was used
[ 65%] Building CXX object CMakeFiles/lammps.dir/home/guest/palash/Granular-Chains-DEM/lammps/src/ML-SNAP/compute_gaussian_grid_local.cpp.o
[ 66%] Building CXX object CMakeFiles/lammps.dir/home/guest/palash/Granular-Chains-DEM/lammps/src/ML-SNAP/compute_grid.cpp.o
nvcc warning : incompatible redefinition for option 'compiler-bindir', the last value of this option was used
[ 66%] Building CXX object CMakeFiles/lammps.dir/home/guest/palash/Granular-Chains-DEM/lammps/src/ML-SNAP/compute_grid_local.cpp.o
nvcc warning : incompatible redefinition for option 'compiler-bindir', the last value of this option was used
nvcc warning : incompatible redefinition for option 'compiler-bindir', the last value of this option was used
nvcc warning : incompatible redefinition for option 'compiler-bindir', the last value of this option was used
nvcc warning : incompatible redefinition for option 'compiler-bindir', the last value of this option was used
nvcc warning : incompatible redefinition for option 'compiler-bindir', the last value of this option was used
nvcc warning : incompatible redefinition for option 'compiler-bindir', the last value of this option was used
nvcc warning : incompatible redefinition for option 'compiler-bindir', the last value of this option was used
[ 66%] Building CXX object CMakeFiles/lammps.dir/home/guest/palash/Granular-Chains-DEM/lammps/src/ML-SNAP/compute_sna_atom.cpp.o
[ 66%] Building CXX object CMakeFiles/lammps.dir/home/guest/palash/Granular-Chains-DEM/lammps/src/ML-SNAP/compute_sna_grid.cpp.o
nvcc warning : incompatible redefinition for option 'compiler-bindir', the last value of this option was used
nvcc warning : incompatible redefinition for option 'compiler-bindir', the last value of this option was used
[ 66%] Building CXX object CMakeFiles/lammps.dir/home/guest/palash/Granular-Chains-DEM/lammps/src/ML-SNAP/compute_sna_grid_local.cpp.o
nvcc warning : incompatible redefinition for option 'compiler-bindir', the last value of this option was used
[ 66%] Building CXX object CMakeFiles/lammps.dir/home/guest/palash/Granular-Chains-DEM/lammps/src/ML-SNAP/compute_snad_atom.cpp.o
nvcc warning : incompatible redefinition for option 'compiler-bindir', the last value of this option was used
[ 66%] Building CXX object CMakeFiles/lammps.dir/home/guest/palash/Granular-Chains-DEM/lammps/src/ML-SNAP/compute_snap.cpp.o
[ 66%] Building CXX object CMakeFiles/lammps.dir/home/guest/palash/Granular-Chains-DEM/lammps/src/ML-SNAP/compute_snav_atom.cpp.o
nvcc warning : incompatible redefinition for option 'compiler-bindir', the last value of this option was used
nvcc warning : incompatible redefinition for option 'compiler-bindir', the last value of this option was used
nvcc warning : incompatible redefinition for option 'compiler-bindir', the last value of this option was used
nvcc warning : incompatible redefinition for option 'compiler-bindir', the last value of this option was used
nvcc warning : incompatible redefinition for option 'compiler-bindir', the last value of this option was used
nvcc warning : incompatible redefinition for option 'compiler-bindir', the last value of this option was used
nvcc warning : incompatible redefinition for option 'compiler-bindir', the last value of this option was used
[ 66%] Building CXX object CMakeFiles/lammps.dir/home/guest/palash/Granular-Chains-DEM/lammps/src/ML-SNAP/pair_snap.cpp.o
[ 66%] Building CXX object CMakeFiles/lammps.dir/home/guest/palash/Granular-Chains-DEM/lammps/src/ML-SNAP/sna.cpp.o
nvcc warning : incompatible redefinition for option 'compiler-bindir', the last value of this option was used
nvcc warning : incompatible redefinition for option 'compiler-bindir', the last value of this option was used
[ 66%] Building CXX object CMakeFiles/lammps.dir/home/guest/palash/Granular-Chains-DEM/lammps/src/ML-UF3/pair_uf3.cpp.o
nvcc warning : incompatible redefinition for option 'compiler-bindir', the last value of this option was used
nvcc warning : incompatible redefinition for option 'compiler-bindir', the last value of this option was used
[ 66%] Building CXX object CMakeFiles/lammps.dir/home/guest/palash/Granular-Chains-DEM/lammps/src/ML-UF3/uf3_bspline_basis2.cpp.o
[ 66%] Building CXX object CMakeFiles/lammps.dir/home/guest/palash/Granular-Chains-DEM/lammps/src/ML-UF3/uf3_bspline_basis3.cpp.o
nvcc warning : incompatible redefinition for option 'compiler-bindir', the last value of this option was used
nvcc warning : incompatible redefinition for option 'compiler-bindir', the last value of this option was used
nvcc warning : incompatible redefinition for option 'compiler-bindir', the last value of this option was used
nvcc warning : incompatible redefinition for option 'compiler-bindir', the last value of this option was used
[ 66%] Building CXX object CMakeFiles/lammps.dir/home/guest/palash/Granular-Chains-DEM/lammps/src/MOFFF/angle_class2_p6.cpp.o
nvcc warning : incompatible redefinition for option 'compiler-bindir', the last value of this option was used
nvcc warning : incompatible redefinition for option 'compiler-bindir', the last value of this option was used
nvcc warning : incompatible redefinition for option 'compiler-bindir', the last value of this option was used
nvcc warning : incompatible redefinition for option 'compiler-bindir', the last value of this option was used
[ 66%] Building CXX object CMakeFiles/lammps.dir/home/guest/palash/Granular-Chains-DEM/lammps/src/MOFFF/angle_cosine_buck6d.cpp.o
[ 66%] Building CXX object CMakeFiles/lammps.dir/home/guest/palash/Granular-Chains-DEM/lammps/src/MOFFF/improper_inversion_harmonic.cpp.o
[ 66%] Building CXX object CMakeFiles/lammps.dir/home/guest/palash/Granular-Chains-DEM/lammps/src/MOFFF/pair_buck6d_coul_gauss_dsf.cpp.o
nvcc warning : incompatible redefinition for option 'compiler-bindir', the last value of this option was used
nvcc warning : incompatible redefinition for option 'compiler-bindir', the last value of this option was used
[ 66%] Building CXX object CMakeFiles/lammps.dir/home/guest/palash/Granular-Chains-DEM/lammps/src/MOFFF/pair_buck6d_coul_gauss_long.cpp.o
[ 66%] Building CXX object CMakeFiles/lammps.dir/home/guest/palash/Granular-Chains-DEM/lammps/src/MOLECULE/angle_charmm.cpp.o
[ 67%] Building CXX object CMakeFiles/lammps.dir/home/guest/palash/Granular-Chains-DEM/lammps/src/MOLECULE/angle_cosine.cpp.o
nvcc warning : incompatible redefinition for option 'compiler-bindir', the last value of this option was used
nvcc warning : incompatible redefinition for option 'compiler-bindir', the last value of this option was used
nvcc warning : incompatible redefinition for option 'compiler-bindir', the last value of this option was used
[ 67%] Building CXX object CMakeFiles/lammps.dir/home/guest/palash/Granular-Chains-DEM/lammps/src/MOLECULE/angle_cosine_squared.cpp.o
[ 67%] Building CXX object CMakeFiles/lammps.dir/home/guest/palash/Granular-Chains-DEM/lammps/src/MOLECULE/angle_harmonic.cpp.o
nvcc warning : incompatible redefinition for option 'compiler-bindir', the last value of this option was used
nvcc warning : incompatible redefinition for option 'compiler-bindir', the last value of this option was used
[ 67%] Building CXX object CMakeFiles/lammps.dir/home/guest/palash/Granular-Chains-DEM/lammps/src/MOLECULE/angle_table.cpp.o
nvcc warning : incompatible redefinition for option 'compiler-bindir', the last value of this option was used
nvcc warning : incompatible redefinition for option 'compiler-bindir', the last value of this option was used
nvcc warning : incompatible redefinition for option 'compiler-bindir', the last value of this option was used
nvcc warning : incompatible redefinition for option 'compiler-bindir', the last value of this option was used
nvcc warning : incompatible redefinition for option 'compiler-bindir', the last value of this option was used
nvcc warning : incompatible redefinition for option 'compiler-bindir', the last value of this option was used
nvcc warning : incompatible redefinition for option 'compiler-bindir', the last value of this option was used
nvcc warning : incompatible redefinition for option 'compiler-bindir', the last value of this option was used
nvcc warning : incompatible redefinition for option 'compiler-bindir', the last value of this option was used
nvcc warning : incompatible redefinition for option 'compiler-bindir', the last value of this option was used
nvcc warning : incompatible redefinition for option 'compiler-bindir', the last value of this option was used
nvcc warning : incompatible redefinition for option 'compiler-bindir', the last value of this option was used
nvcc warning : incompatible redefinition for option 'compiler-bindir', the last value of this option was used
[ 67%] Building CXX object CMakeFiles/lammps.dir/home/guest/palash/Granular-Chains-DEM/lammps/src/MOLECULE/atom_vec_angle.cpp.o
[ 67%] Building CXX object CMakeFiles/lammps.dir/home/guest/palash/Granular-Chains-DEM/lammps/src/MOLECULE/atom_vec_bond.cpp.o
nvcc warning : incompatible redefinition for option 'compiler-bindir', the last value of this option was used
[ 67%] Building CXX object CMakeFiles/lammps.dir/home/guest/palash/Granular-Chains-DEM/lammps/src/MOLECULE/atom_vec_full.cpp.o
nvcc warning : incompatible redefinition for option 'compiler-bindir', the last value of this option was used
[ 67%] Building CXX object CMakeFiles/lammps.dir/home/guest/palash/Granular-Chains-DEM/lammps/src/MOLECULE/atom_vec_molecular.cpp.o
nvcc warning : incompatible redefinition for option 'compiler-bindir', the last value of this option was used
nvcc warning : incompatible redefinition for option 'compiler-bindir', the last value of this option was used
nvcc warning : incompatible redefinition for option 'compiler-bindir', the last value of this option was used
nvcc warning : incompatible redefinition for option 'compiler-bindir', the last value of this option was used
[ 67%] Building CXX object CMakeFiles/lammps.dir/home/guest/palash/Granular-Chains-DEM/lammps/src/MOLECULE/atom_vec_template.cpp.o
nvcc warning : incompatible redefinition for option 'compiler-bindir', the last value of this option was used
nvcc warning : incompatible redefinition for option 'compiler-bindir', the last value of this option was used
nvcc warning : incompatible redefinition for option 'compiler-bindir', the last value of this option was used
nvcc warning : incompatible redefinition for option 'compiler-bindir', the last value of this option was used
[ 67%] Building CXX object CMakeFiles/lammps.dir/home/guest/palash/Granular-Chains-DEM/lammps/src/MOLECULE/bond_fene.cpp.o
[ 67%] Building CXX object CMakeFiles/lammps.dir/home/guest/palash/Granular-Chains-DEM/lammps/src/MOLECULE/bond_fene_expand.cpp.o
[ 67%] Building CXX object CMakeFiles/lammps.dir/home/guest/palash/Granular-Chains-DEM/lammps/src/MOLECULE/bond_gromos.cpp.o
nvcc warning : incompatible redefinition for option 'compiler-bindir', the last value of this option was used
[ 67%] Building CXX object CMakeFiles/lammps.dir/home/guest/palash/Granular-Chains-DEM/lammps/src/MOLECULE/bond_harmonic.cpp.o
[ 67%] Building CXX object CMakeFiles/lammps.dir/home/guest/palash/Granular-Chains-DEM/lammps/src/MOLECULE/bond_morse.cpp.o
[ 67%] Building CXX object CMakeFiles/lammps.dir/home/guest/palash/Granular-Chains-DEM/lammps/src/MOLECULE/bond_quartic.cpp.o
nvcc warning : incompatible redefinition for option 'compiler-bindir', the last value of this option was used
nvcc warning : incompatible redefinition for option 'compiler-bindir', the last value of this option was used
[ 67%] Building CXX object CMakeFiles/lammps.dir/home/guest/palash/Granular-Chains-DEM/lammps/src/MOLECULE/bond_table.cpp.o
nvcc warning : incompatible redefinition for option 'compiler-bindir', the last value of this option was used
nvcc warning : incompatible redefinition for option 'compiler-bindir', the last value of this option was used
nvcc warning : incompatible redefinition for option 'compiler-bindir', the last value of this option was used
nvcc warning : incompatible redefinition for option 'compiler-bindir', the last value of this option was used
[ 67%] Building CXX object CMakeFiles/lammps.dir/home/guest/palash/Granular-Chains-DEM/lammps/src/MOLECULE/dihedral_charmm.cpp.o
nvcc warning : incompatible redefinition for option 'compiler-bindir', the last value of this option was used
nvcc warning : incompatible redefinition for option 'compiler-bindir', the last value of this option was used
nvcc warning : incompatible redefinition for option 'compiler-bindir', the last value of this option was used
nvcc warning : incompatible redefinition for option 'compiler-bindir', the last value of this option was used
nvcc warning : incompatible redefinition for option 'compiler-bindir', the last value of this option was used
[ 67%] Building CXX object CMakeFiles/lammps.dir/home/guest/palash/Granular-Chains-DEM/lammps/src/MOLECULE/dihedral_charmmfsw.cpp.o
[ 67%] Building CXX object CMakeFiles/lammps.dir/home/guest/palash/Granular-Chains-DEM/lammps/src/MOLECULE/dihedral_harmonic.cpp.o
nvcc warning : incompatible redefinition for option 'compiler-bindir', the last value of this option was used
nvcc warning : incompatible redefinition for option 'compiler-bindir', the last value of this option was used
[ 68%] Building CXX object CMakeFiles/lammps.dir/home/guest/palash/Granular-Chains-DEM/lammps/src/MOLECULE/dihedral_multi_harmonic.cpp.o
nvcc warning : incompatible redefinition for option 'compiler-bindir', the last value of this option was used
nvcc warning : incompatible redefinition for option 'compiler-bindir', the last value of this option was used
nvcc warning : incompatible redefinition for option 'compiler-bindir', the last value of this option was used
nvcc warning : incompatible redefinition for option 'compiler-bindir', the last value of this option was used
nvcc warning : incompatible redefinition for option 'compiler-bindir', the last value of this option was used
nvcc warning : incompatible redefinition for option 'compiler-bindir', the last value of this option was used
[ 68%] Building CXX object CMakeFiles/lammps.dir/home/guest/palash/Granular-Chains-DEM/lammps/src/MOLECULE/dihedral_opls.cpp.o
[ 68%] Building CXX object CMakeFiles/lammps.dir/home/guest/palash/Granular-Chains-DEM/lammps/src/MOLECULE/dihedral_table.cpp.o
[ 68%] Building CXX object CMakeFiles/lammps.dir/home/guest/palash/Granular-Chains-DEM/lammps/src/MOLECULE/fix_cmap.cpp.o
nvcc warning : incompatible redefinition for option 'compiler-bindir', the last value of this option was used
[ 68%] Building CXX object CMakeFiles/lammps.dir/home/guest/palash/Granular-Chains-DEM/lammps/src/MOLECULE/improper_cvff.cpp.o
nvcc warning : incompatible redefinition for option 'compiler-bindir', the last value of this option was used
nvcc warning : incompatible redefinition for option 'compiler-bindir', the last value of this option was used
nvcc warning : incompatible redefinition for option 'compiler-bindir', the last value of this option was used
[ 68%] Building CXX object CMakeFiles/lammps.dir/home/guest/palash/Granular-Chains-DEM/lammps/src/MOLECULE/improper_harmonic.cpp.o
nvcc warning : incompatible redefinition for option 'compiler-bindir', the last value of this option was used
[ 68%] Building CXX object CMakeFiles/lammps.dir/home/guest/palash/Granular-Chains-DEM/lammps/src/MOLECULE/improper_umbrella.cpp.o
[ 68%] Building CXX object CMakeFiles/lammps.dir/home/guest/palash/Granular-Chains-DEM/lammps/src/MOLECULE/pair_hbond_dreiding_lj.cpp.o
nvcc warning : incompatible redefinition for option 'compiler-bindir', the last value of this option was used
[ 68%] Building CXX object CMakeFiles/lammps.dir/home/guest/palash/Granular-Chains-DEM/lammps/src/MOLECULE/pair_hbond_dreiding_morse.cpp.o
nvcc warning : incompatible redefinition for option 'compiler-bindir', the last value of this option was used
[ 68%] Building CXX object CMakeFiles/lammps.dir/home/guest/palash/Granular-Chains-DEM/lammps/src/MOLECULE/pair_lj_charmm_coul_charmm.cpp.o
nvcc warning : incompatible redefinition for option 'compiler-bindir', the last value of this option was used
nvcc warning : incompatible redefinition for option 'compiler-bindir', the last value of this option was used
[ 68%] Building CXX object CMakeFiles/lammps.dir/home/guest/palash/Granular-Chains-DEM/lammps/src/MOLECULE/pair_lj_charmm_coul_charmm_implicit.cpp.o
nvcc warning : incompatible redefinition for option 'compiler-bindir', the last value of this option was used
nvcc warning : incompatible redefinition for option 'compiler-bindir', the last value of this option was used
nvcc warning : incompatible redefinition for option 'compiler-bindir', the last value of this option was used
nvcc warning : incompatible redefinition for option 'compiler-bindir', the last value of this option was used
[ 68%] Building CXX object CMakeFiles/lammps.dir/home/guest/palash/Granular-Chains-DEM/lammps/src/MOLECULE/pair_lj_charmmfsw_coul_charmmfsh.cpp.o
nvcc warning : incompatible redefinition for option 'compiler-bindir', the last value of this option was used
[ 68%] Building CXX object CMakeFiles/lammps.dir/home/guest/palash/Granular-Chains-DEM/lammps/src/MOLECULE/pair_lj_cut_tip4p_cut.cpp.o
nvcc warning : incompatible redefinition for option 'compiler-bindir', the last value of this option was used
nvcc warning : incompatible redefinition for option 'compiler-bindir', the last value of this option was used
nvcc warning : incompatible redefinition for option 'compiler-bindir', the last value of this option was used
nvcc warning : incompatible redefinition for option 'compiler-bindir', the last value of this option was used
nvcc warning : incompatible redefinition for option 'compiler-bindir', the last value of this option was used
nvcc warning : incompatible redefinition for option 'compiler-bindir', the last value of this option was used
[ 68%] Building CXX object CMakeFiles/lammps.dir/home/guest/palash/Granular-Chains-DEM/lammps/src/MOLECULE/pair_tip4p_cut.cpp.o
nvcc warning : incompatible redefinition for option 'compiler-bindir', the last value of this option was used
[ 68%] Building CXX object CMakeFiles/lammps.dir/home/guest/palash/Granular-Chains-DEM/lammps/src/ORIENT/fix_orient_bcc.cpp.o
[ 68%] Building CXX object CMakeFiles/lammps.dir/home/guest/palash/Granular-Chains-DEM/lammps/src/ORIENT/fix_orient_eco.cpp.o
[ 68%] Building CXX object CMakeFiles/lammps.dir/home/guest/palash/Granular-Chains-DEM/lammps/src/ORIENT/fix_orient_fcc.cpp.o
nvcc warning : incompatible redefinition for option 'compiler-bindir', the last value of this option was used
[ 68%] Building CXX object CMakeFiles/lammps.dir/home/guest/palash/Granular-Chains-DEM/lammps/src/PERI/atom_vec_peri.cpp.o
nvcc warning : incompatible redefinition for option 'compiler-bindir', the last value of this option was used
nvcc warning : incompatible redefinition for option 'compiler-bindir', the last value of this option was used
[ 68%] Building CXX object CMakeFiles/lammps.dir/home/guest/palash/Granular-Chains-DEM/lammps/src/PERI/compute_damage_atom.cpp.o
[ 69%] Building CXX object CMakeFiles/lammps.dir/home/guest/palash/Granular-Chains-DEM/lammps/src/PERI/compute_dilatation_atom.cpp.o
nvcc warning : incompatible redefinition for option 'compiler-bindir', the last value of this option was used
nvcc warning : incompatible redefinition for option 'compiler-bindir', the last value of this option was used
nvcc warning : incompatible redefinition for option 'compiler-bindir', the last value of this option was used
nvcc warning : incompatible redefinition for option 'compiler-bindir', the last value of this option was used
nvcc warning : incompatible redefinition for option 'compiler-bindir', the last value of this option was used
nvcc warning : incompatible redefinition for option 'compiler-bindir', the last value of this option was used
nvcc warning : incompatible redefinition for option 'compiler-bindir', the last value of this option was used
nvcc warning : incompatible redefinition for option 'compiler-bindir', the last value of this option was used
[ 69%] Building CXX object CMakeFiles/lammps.dir/home/guest/palash/Granular-Chains-DEM/lammps/src/PERI/compute_plasticity_atom.cpp.o
nvcc warning : incompatible redefinition for option 'compiler-bindir', the last value of this option was used
nvcc warning : incompatible redefinition for option 'compiler-bindir', the last value of this option was used
nvcc warning : incompatible redefinition for option 'compiler-bindir', the last value of this option was used
nvcc warning : incompatible redefinition for option 'compiler-bindir', the last value of this option was used
[ 69%] Building CXX object CMakeFiles/lammps.dir/home/guest/palash/Granular-Chains-DEM/lammps/src/PERI/fix_peri_neigh.cpp.o
nvcc warning : incompatible redefinition for option 'compiler-bindir', the last value of this option was used
[ 69%] Building CXX object CMakeFiles/lammps.dir/home/guest/palash/Granular-Chains-DEM/lammps/src/PERI/pair_peri.cpp.o
[ 69%] Building CXX object CMakeFiles/lammps.dir/home/guest/palash/Granular-Chains-DEM/lammps/src/PERI/pair_peri_eps.cpp.o
nvcc warning : incompatible redefinition for option 'compiler-bindir', the last value of this option was used
[ 69%] Building CXX object CMakeFiles/lammps.dir/home/guest/palash/Granular-Chains-DEM/lammps/src/PERI/pair_peri_lps.cpp.o
nvcc warning : incompatible redefinition for option 'compiler-bindir', the last value of this option was used
nvcc warning : incompatible redefinition for option 'compiler-bindir', the last value of this option was used
nvcc warning : incompatible redefinition for option 'compiler-bindir', the last value of this option was used
[ 69%] Building CXX object CMakeFiles/lammps.dir/home/guest/palash/Granular-Chains-DEM/lammps/src/PERI/pair_peri_pmb.cpp.o
nvcc warning : incompatible redefinition for option 'compiler-bindir', the last value of this option was used
nvcc warning : incompatible redefinition for option 'compiler-bindir', the last value of this option was used
[ 69%] Building CXX object CMakeFiles/lammps.dir/home/guest/palash/Granular-Chains-DEM/lammps/src/PERI/pair_peri_ves.cpp.o
nvcc warning : incompatible redefinition for option 'compiler-bindir', the last value of this option was used
nvcc warning : incompatible redefinition for option 'compiler-bindir', the last value of this option was used
nvcc warning : incompatible redefinition for option 'compiler-bindir', the last value of this option was used
nvcc warning : incompatible redefinition for option 'compiler-bindir', the last value of this option was used
nvcc warning : incompatible redefinition for option 'compiler-bindir', the last value of this option was used
nvcc warning : incompatible redefinition for option 'compiler-bindir', the last value of this option was used
nvcc warning : incompatible redefinition for option 'compiler-bindir', the last value of this option was used
nvcc warning : incompatible redefinition for option 'compiler-bindir', the last value of this option was used
[ 69%] Building CXX object CMakeFiles/lammps.dir/home/guest/palash/Granular-Chains-DEM/lammps/src/PHONON/dynamical_matrix.cpp.o
nvcc warning : incompatible redefinition for option 'compiler-bindir', the last value of this option was used
[ 69%] Building CXX object CMakeFiles/lammps.dir/home/guest/palash/Granular-Chains-DEM/lammps/src/PHONON/fix_phonon.cpp.o
nvcc warning : incompatible redefinition for option 'compiler-bindir', the last value of this option was used
nvcc warning : incompatible redefinition for option 'compiler-bindir', the last value of this option was used
nvcc warning : incompatible redefinition for option 'compiler-bindir', the last value of this option was used
nvcc warning : incompatible redefinition for option 'compiler-bindir', the last value of this option was used
[ 69%] Building CXX object CMakeFiles/lammps.dir/home/guest/palash/Granular-Chains-DEM/lammps/src/PHONON/third_order.cpp.o
nvcc warning : incompatible redefinition for option 'compiler-bindir', the last value of this option was used
nvcc warning : incompatible redefinition for option 'compiler-bindir', the last value of this option was used
nvcc warning : incompatible redefinition for option 'compiler-bindir', the last value of this option was used
nvcc warning : incompatible redefinition for option 'compiler-bindir', the last value of this option was used
nvcc warning : incompatible redefinition for option 'compiler-bindir', the last value of this option was used
nvcc warning : incompatible redefinition for option 'compiler-bindir', the last value of this option was used
[ 69%] Building CXX object CMakeFiles/lammps.dir/home/guest/palash/Granular-Chains-DEM/lammps/src/PLUGIN/plugin.cpp.o
[ 69%] Building CXX object CMakeFiles/lammps.dir/home/guest/palash/Granular-Chains-DEM/lammps/src/POEMS/fix_poems.cpp.o
[ 69%] Building CXX object CMakeFiles/lammps.dir/home/guest/palash/Granular-Chains-DEM/lammps/src/PYTHON/fix_python_invoke.cpp.o
nvcc warning : incompatible redefinition for option 'compiler-bindir', the last value of this option was used
[ 69%] Building CXX object CMakeFiles/lammps.dir/home/guest/palash/Granular-Chains-DEM/lammps/src/PYTHON/fix_python_move.cpp.o
nvcc warning : incompatible redefinition for option 'compiler-bindir', the last value of this option was used
[ 69%] Building CXX object CMakeFiles/lammps.dir/home/guest/palash/Granular-Chains-DEM/lammps/src/PYTHON/pair_python.cpp.o
[ 69%] Building CXX object CMakeFiles/lammps.dir/home/guest/palash/Granular-Chains-DEM/lammps/src/PYTHON/python_impl.cpp.o
nvcc warning : incompatible redefinition for option 'compiler-bindir', the last value of this option was used
nvcc warning : incompatible redefinition for option 'compiler-bindir', the last value of this option was used
nvcc warning : incompatible redefinition for option 'compiler-bindir', the last value of this option was used
nvcc warning : incompatible redefinition for option 'compiler-bindir', the last value of this option was used
[ 69%] Building CXX object CMakeFiles/lammps.dir/home/guest/palash/Granular-Chains-DEM/lammps/src/QEQ/fix_qeq.cpp.o
[ 69%] Building CXX object CMakeFiles/lammps.dir/home/guest/palash/Granular-Chains-DEM/lammps/src/QEQ/fix_qeq_ctip.cpp.o
nvcc warning : incompatible redefinition for option 'compiler-bindir', the last value of this option was used
nvcc warning : incompatible redefinition for option 'compiler-bindir', the last value of this option was used
[ 70%] Building CXX object CMakeFiles/lammps.dir/home/guest/palash/Granular-Chains-DEM/lammps/src/QEQ/fix_qeq_dynamic.cpp.o
nvcc warning : incompatible redefinition for option 'compiler-bindir', the last value of this option was used
[ 70%] Building CXX object CMakeFiles/lammps.dir/home/guest/palash/Granular-Chains-DEM/lammps/src/QEQ/fix_qeq_fire.cpp.o
nvcc warning : incompatible redefinition for option 'compiler-bindir', the last value of this option was used
nvcc warning : incompatible redefinition for option 'compiler-bindir', the last value of this option was used
nvcc warning : incompatible redefinition for option 'compiler-bindir', the last value of this option was used
nvcc warning : incompatible redefinition for option 'compiler-bindir', the last value of this option was used
[ 70%] Building CXX object CMakeFiles/lammps.dir/home/guest/palash/Granular-Chains-DEM/lammps/src/QEQ/fix_qeq_point.cpp.o
nvcc warning : incompatible redefinition for option 'compiler-bindir', the last value of this option was used
[ 70%] Building CXX object CMakeFiles/lammps.dir/home/guest/palash/Granular-Chains-DEM/lammps/src/QEQ/fix_qeq_shielded.cpp.o
[ 70%] Building CXX object CMakeFiles/lammps.dir/home/guest/palash/Granular-Chains-DEM/lammps/src/QEQ/fix_qeq_slater.cpp.o
nvcc warning : incompatible redefinition for option 'compiler-bindir', the last value of this option was used
nvcc warning : incompatible redefinition for option 'compiler-bindir', the last value of this option was used
[ 70%] Building CXX object CMakeFiles/lammps.dir/home/guest/palash/Granular-Chains-DEM/lammps/src/REACTION/fix_bond_react.cpp.o
nvcc warning : incompatible redefinition for option 'compiler-bindir', the last value of this option was used
nvcc warning : incompatible redefinition for option 'compiler-bindir', the last value of this option was used
nvcc warning : incompatible redefinition for option 'compiler-bindir', the last value of this option was used
nvcc warning : incompatible redefinition for option 'compiler-bindir', the last value of this option was used
nvcc warning : incompatible redefinition for option 'compiler-bindir', the last value of this option was used
nvcc warning : incompatible redefinition for option 'compiler-bindir', the last value of this option was used
nvcc warning : incompatible redefinition for option 'compiler-bindir', the last value of this option was used
nvcc warning : incompatible redefinition for option 'compiler-bindir', the last value of this option was used
nvcc warning : incompatible redefinition for option 'compiler-bindir', the last value of this option was used
[ 70%] Building CXX object CMakeFiles/lammps.dir/home/guest/palash/Granular-Chains-DEM/lammps/src/REAXFF/compute_reaxff_atom.cpp.o
nvcc warning : incompatible redefinition for option 'compiler-bindir', the last value of this option was used
nvcc warning : incompatible redefinition for option 'compiler-bindir', the last value of this option was used
nvcc warning : incompatible redefinition for option 'compiler-bindir', the last value of this option was used
[ 70%] Building CXX object CMakeFiles/lammps.dir/home/guest/palash/Granular-Chains-DEM/lammps/src/REAXFF/compute_spec_atom.cpp.o
[ 70%] Building CXX object CMakeFiles/lammps.dir/home/guest/palash/Granular-Chains-DEM/lammps/src/REAXFF/fix_acks2_reaxff.cpp.o
nvcc warning : incompatible redefinition for option 'compiler-bindir', the last value of this option was used
nvcc warning : incompatible redefinition for option 'compiler-bindir', the last value of this option was used
nvcc warning : incompatible redefinition for option 'compiler-bindir', the last value of this option was used
[ 70%] Building CXX object CMakeFiles/lammps.dir/home/guest/palash/Granular-Chains-DEM/lammps/src/REAXFF/fix_qeq_reaxff.cpp.o
[ 70%] Building CXX object CMakeFiles/lammps.dir/home/guest/palash/Granular-Chains-DEM/lammps/src/REAXFF/fix_qeq_rel_reaxff.cpp.o
nvcc warning : incompatible redefinition for option 'compiler-bindir', the last value of this option was used
[ 70%] Building CXX object CMakeFiles/lammps.dir/home/guest/palash/Granular-Chains-DEM/lammps/src/REAXFF/fix_qtpie_reaxff.cpp.o
nvcc warning : incompatible redefinition for option 'compiler-bindir', the last value of this option was used
[ 70%] Building CXX object CMakeFiles/lammps.dir/home/guest/palash/Granular-Chains-DEM/lammps/src/REAXFF/fix_reaxff.cpp.o
nvcc warning : incompatible redefinition for option 'compiler-bindir', the last value of this option was used
[ 70%] Building CXX object CMakeFiles/lammps.dir/home/guest/palash/Granular-Chains-DEM/lammps/src/REAXFF/fix_reaxff_bonds.cpp.o
nvcc warning : incompatible redefinition for option 'compiler-bindir', the last value of this option was used
[ 70%] Building CXX object CMakeFiles/lammps.dir/home/guest/palash/Granular-Chains-DEM/lammps/src/REAXFF/fix_reaxff_species.cpp.o
nvcc warning : incompatible redefinition for option 'compiler-bindir', the last value of this option was used
nvcc warning : incompatible redefinition for option 'compiler-bindir', the last value of this option was used
nvcc warning : incompatible redefinition for option 'compiler-bindir', the last value of this option was used
[ 70%] Building CXX object CMakeFiles/lammps.dir/home/guest/palash/Granular-Chains-DEM/lammps/src/REAXFF/pair_reaxff.cpp.o
nvcc warning : incompatible redefinition for option 'compiler-bindir', the last value of this option was used
[ 70%] Building CXX object CMakeFiles/lammps.dir/home/guest/palash/Granular-Chains-DEM/lammps/src/REAXFF/reaxff_allocate.cpp.o
nvcc warning : incompatible redefinition for option 'compiler-bindir', the last value of this option was used
nvcc warning : incompatible redefinition for option 'compiler-bindir', the last value of this option was used
nvcc warning : incompatible redefinition for option 'compiler-bindir', the last value of this option was used
nvcc warning : incompatible redefinition for option 'compiler-bindir', the last value of this option was used
[ 70%] Building CXX object CMakeFiles/lammps.dir/home/guest/palash/Granular-Chains-DEM/lammps/src/REAXFF/reaxff_bond_orders.cpp.o
[ 70%] Building CXX object CMakeFiles/lammps.dir/home/guest/palash/Granular-Chains-DEM/lammps/src/REAXFF/reaxff_bonds.cpp.o
nvcc warning : incompatible redefinition for option 'compiler-bindir', the last value of this option was used
[ 71%] Building CXX object CMakeFiles/lammps.dir/home/guest/palash/Granular-Chains-DEM/lammps/src/REAXFF/reaxff_control.cpp.o
[ 71%] Building CXX object CMakeFiles/lammps.dir/home/guest/palash/Granular-Chains-DEM/lammps/src/REAXFF/reaxff_ffield.cpp.o
nvcc warning : incompatible redefinition for option 'compiler-bindir', the last value of this option was used
[ 71%] Building CXX object CMakeFiles/lammps.dir/home/guest/palash/Granular-Chains-DEM/lammps/src/REAXFF/reaxff_forces.cpp.o
nvcc warning : incompatible redefinition for option 'compiler-bindir', the last value of this option was used
nvcc warning : incompatible redefinition for option 'compiler-bindir', the last value of this option was used
[ 71%] Building CXX object CMakeFiles/lammps.dir/home/guest/palash/Granular-Chains-DEM/lammps/src/REAXFF/reaxff_hydrogen_bonds.cpp.o
nvcc warning : incompatible redefinition for option 'compiler-bindir', the last value of this option was used
nvcc warning : incompatible redefinition for option 'compiler-bindir', the last value of this option was used
nvcc warning : incompatible redefinition for option 'compiler-bindir', the last value of this option was used
nvcc warning : incompatible redefinition for option 'compiler-bindir', the last value of this option was used
nvcc warning : incompatible redefinition for option 'compiler-bindir', the last value of this option was used
[ 71%] Building CXX object CMakeFiles/lammps.dir/home/guest/palash/Granular-Chains-DEM/lammps/src/REAXFF/reaxff_init_md.cpp.o
[ 71%] Building CXX object CMakeFiles/lammps.dir/home/guest/palash/Granular-Chains-DEM/lammps/src/REAXFF/reaxff_list.cpp.o
nvcc warning : incompatible redefinition for option 'compiler-bindir', the last value of this option was used
nvcc warning : incompatible redefinition for option 'compiler-bindir', the last value of this option was used
nvcc warning : incompatible redefinition for option 'compiler-bindir', the last value of this option was used
nvcc warning : incompatible redefinition for option 'compiler-bindir', the last value of this option was used
nvcc warning : incompatible redefinition for option 'compiler-bindir', the last value of this option was used
[ 71%] Building CXX object CMakeFiles/lammps.dir/home/guest/palash/Granular-Chains-DEM/lammps/src/REAXFF/reaxff_lookup.cpp.o
nvcc warning : incompatible redefinition for option 'compiler-bindir', the last value of this option was used
[ 71%] Building CXX object CMakeFiles/lammps.dir/home/guest/palash/Granular-Chains-DEM/lammps/src/REAXFF/reaxff_multi_body.cpp.o
nvcc warning : incompatible redefinition for option 'compiler-bindir', the last value of this option was used
nvcc warning : incompatible redefinition for option 'compiler-bindir', the last value of this option was used
[ 71%] Building CXX object CMakeFiles/lammps.dir/home/guest/palash/Granular-Chains-DEM/lammps/src/REAXFF/reaxff_nonbonded.cpp.o
nvcc warning : incompatible redefinition for option 'compiler-bindir', the last value of this option was used
[ 71%] Building CXX object CMakeFiles/lammps.dir/home/guest/palash/Granular-Chains-DEM/lammps/src/REAXFF/reaxff_reset_tools.cpp.o
nvcc warning : incompatible redefinition for option 'compiler-bindir', the last value of this option was used
nvcc warning : incompatible redefinition for option 'compiler-bindir', the last value of this option was used
nvcc warning : incompatible redefinition for option 'compiler-bindir', the last value of this option was used
nvcc warning : incompatible redefinition for option 'compiler-bindir', the last value of this option was used
nvcc warning : incompatible redefinition for option 'compiler-bindir', the last value of this option was used
[ 71%] Building CXX object CMakeFiles/lammps.dir/home/guest/palash/Granular-Chains-DEM/lammps/src/REAXFF/reaxff_tool_box.cpp.o
nvcc warning : incompatible redefinition for option 'compiler-bindir', the last value of this option was used
[ 71%] Building CXX object CMakeFiles/lammps.dir/home/guest/palash/Granular-Chains-DEM/lammps/src/REAXFF/reaxff_torsion_angles.cpp.o
nvcc warning : incompatible redefinition for option 'compiler-bindir', the last value of this option was used
nvcc warning : incompatible redefinition for option 'compiler-bindir', the last value of this option was used
nvcc warning : incompatible redefinition for option 'compiler-bindir', the last value of this option was used
[ 71%] Building CXX object CMakeFiles/lammps.dir/home/guest/palash/Granular-Chains-DEM/lammps/src/REAXFF/reaxff_valence_angles.cpp.o
[ 71%] Building CXX object CMakeFiles/lammps.dir/home/guest/palash/Granular-Chains-DEM/lammps/src/REPLICA/bosonic_exchange.cpp.o
nvcc warning : incompatible redefinition for option 'compiler-bindir', the last value of this option was used
[ 71%] Building CXX object CMakeFiles/lammps.dir/home/guest/palash/Granular-Chains-DEM/lammps/src/REPLICA/compute_event_displace.cpp.o
nvcc warning : incompatible redefinition for option 'compiler-bindir', the last value of this option was used
nvcc warning : incompatible redefinition for option 'compiler-bindir', the last value of this option was used
nvcc warning : incompatible redefinition for option 'compiler-bindir', the last value of this option was used
nvcc warning : incompatible redefinition for option 'compiler-bindir', the last value of this option was used
nvcc warning : incompatible redefinition for option 'compiler-bindir', the last value of this option was used
nvcc warning : incompatible redefinition for option 'compiler-bindir', the last value of this option was used
nvcc warning : incompatible redefinition for option 'compiler-bindir', the last value of this option was used
[ 71%] Building CXX object CMakeFiles/lammps.dir/home/guest/palash/Granular-Chains-DEM/lammps/src/REPLICA/compute_pressure_alchemy.cpp.o
[ 71%] Building CXX object CMakeFiles/lammps.dir/home/guest/palash/Granular-Chains-DEM/lammps/src/REPLICA/compute_pressure_grem.cpp.o
nvcc warning : incompatible redefinition for option 'compiler-bindir', the last value of this option was used
nvcc warning : incompatible redefinition for option 'compiler-bindir', the last value of this option was used
[ 71%] Building CXX object CMakeFiles/lammps.dir/home/guest/palash/Granular-Chains-DEM/lammps/src/REPLICA/fix_alchemy.cpp.o
nvcc warning : incompatible redefinition for option 'compiler-bindir', the last value of this option was used
nvcc warning : incompatible redefinition for option 'compiler-bindir', the last value of this option was used
[ 71%] Building CXX object CMakeFiles/lammps.dir/home/guest/palash/Granular-Chains-DEM/lammps/src/REPLICA/fix_event.cpp.o
[ 72%] Building CXX object CMakeFiles/lammps.dir/home/guest/palash/Granular-Chains-DEM/lammps/src/REPLICA/fix_event_hyper.cpp.o
nvcc warning : incompatible redefinition for option 'compiler-bindir', the last value of this option was used
[ 72%] Building CXX object CMakeFiles/lammps.dir/home/guest/palash/Granular-Chains-DEM/lammps/src/REPLICA/fix_event_prd.cpp.o
nvcc warning : incompatible redefinition for option 'compiler-bindir', the last value of this option was used
nvcc warning : incompatible redefinition for option 'compiler-bindir', the last value of this option was used
[ 72%] Building CXX object CMakeFiles/lammps.dir/home/guest/palash/Granular-Chains-DEM/lammps/src/REPLICA/fix_event_tad.cpp.o
[ 72%] Building CXX object CMakeFiles/lammps.dir/home/guest/palash/Granular-Chains-DEM/lammps/src/REPLICA/fix_grem.cpp.o
[ 72%] Building CXX object CMakeFiles/lammps.dir/home/guest/palash/Granular-Chains-DEM/lammps/src/REPLICA/fix_hyper.cpp.o
nvcc warning : incompatible redefinition for option 'compiler-bindir', the last value of this option was used
nvcc warning : incompatible redefinition for option 'compiler-bindir', the last value of this option was used
nvcc warning : incompatible redefinition for option 'compiler-bindir', the last value of this option was used
[ 72%] Building CXX object CMakeFiles/lammps.dir/home/guest/palash/Granular-Chains-DEM/lammps/src/REPLICA/fix_hyper_global.cpp.o
nvcc warning : incompatible redefinition for option 'compiler-bindir', the last value of this option was used
nvcc warning : incompatible redefinition for option 'compiler-bindir', the last value of this option was used
nvcc warning : incompatible redefinition for option 'compiler-bindir', the last value of this option was used
[ 72%] Building CXX object CMakeFiles/lammps.dir/home/guest/palash/Granular-Chains-DEM/lammps/src/REPLICA/fix_hyper_local.cpp.o
nvcc warning : incompatible redefinition for option 'compiler-bindir', the last value of this option was used
nvcc warning : incompatible redefinition for option 'compiler-bindir', the last value of this option was used
nvcc warning : incompatible redefinition for option 'compiler-bindir', the last value of this option was used
nvcc warning : incompatible redefinition for option 'compiler-bindir', the last value of this option was used
nvcc warning : incompatible redefinition for option 'compiler-bindir', the last value of this option was used
nvcc warning : incompatible redefinition for option 'compiler-bindir', the last value of this option was used
[ 72%] Building CXX object CMakeFiles/lammps.dir/home/guest/palash/Granular-Chains-DEM/lammps/src/REPLICA/fix_neb.cpp.o
[ 72%] Building CXX object CMakeFiles/lammps.dir/home/guest/palash/Granular-Chains-DEM/lammps/src/REPLICA/fix_pimd_langevin.cpp.o
[ 72%] Building CXX object CMakeFiles/lammps.dir/home/guest/palash/Granular-Chains-DEM/lammps/src/REPLICA/fix_pimd_langevin_bosonic.cpp.o
nvcc warning : incompatible redefinition for option 'compiler-bindir', the last value of this option was used
[ 72%] Building CXX object CMakeFiles/lammps.dir/home/guest/palash/Granular-Chains-DEM/lammps/src/REPLICA/fix_pimd_nvt.cpp.o
nvcc warning : incompatible redefinition for option 'compiler-bindir', the last value of this option was used
nvcc warning : incompatible redefinition for option 'compiler-bindir', the last value of this option was used
nvcc warning : incompatible redefinition for option 'compiler-bindir', the last value of this option was used
[ 72%] Building CXX object CMakeFiles/lammps.dir/home/guest/palash/Granular-Chains-DEM/lammps/src/REPLICA/fix_pimd_nvt_bosonic.cpp.o
nvcc warning : incompatible redefinition for option 'compiler-bindir', the last value of this option was used
nvcc warning : incompatible redefinition for option 'compiler-bindir', the last value of this option was used
nvcc warning : incompatible redefinition for option 'compiler-bindir', the last value of this option was used
nvcc warning : incompatible redefinition for option 'compiler-bindir', the last value of this option was used
nvcc warning : incompatible redefinition for option 'compiler-bindir', the last value of this option was used
nvcc warning : incompatible redefinition for option 'compiler-bindir', the last value of this option was used
nvcc warning : incompatible redefinition for option 'compiler-bindir', the last value of this option was used
[ 72%] Building CXX object CMakeFiles/lammps.dir/home/guest/palash/Granular-Chains-DEM/lammps/src/REPLICA/hyper.cpp.o
nvcc warning : incompatible redefinition for option 'compiler-bindir', the last value of this option was used
nvcc warning : incompatible redefinition for option 'compiler-bindir', the last value of this option was used
nvcc warning : incompatible redefinition for option 'compiler-bindir', the last value of this option was used
nvcc warning : incompatible redefinition for option 'compiler-bindir', the last value of this option was used
[ 72%] Building CXX object CMakeFiles/lammps.dir/home/guest/palash/Granular-Chains-DEM/lammps/src/REPLICA/neb.cpp.o
nvcc warning : incompatible redefinition for option 'compiler-bindir', the last value of this option was used
nvcc warning : incompatible redefinition for option 'compiler-bindir', the last value of this option was used
nvcc warning : incompatible redefinition for option 'compiler-bindir', the last value of this option was used
nvcc warning : incompatible redefinition for option 'compiler-bindir', the last value of this option was used
nvcc warning : incompatible redefinition for option 'compiler-bindir', the last value of this option was used
[ 72%] Building CXX object CMakeFiles/lammps.dir/home/guest/palash/Granular-Chains-DEM/lammps/src/REPLICA/prd.cpp.o
nvcc warning : incompatible redefinition for option 'compiler-bindir', the last value of this option was used
[ 72%] Building CXX object CMakeFiles/lammps.dir/home/guest/palash/Granular-Chains-DEM/lammps/src/REPLICA/tad.cpp.o
nvcc warning : incompatible redefinition for option 'compiler-bindir', the last value of this option was used
[ 72%] Building CXX object CMakeFiles/lammps.dir/home/guest/palash/Granular-Chains-DEM/lammps/src/REPLICA/temper.cpp.o
nvcc warning : incompatible redefinition for option 'compiler-bindir', the last value of this option was used
[ 72%] Building CXX object CMakeFiles/lammps.dir/home/guest/palash/Granular-Chains-DEM/lammps/src/REPLICA/temper_grem.cpp.o
[ 72%] Building CXX object CMakeFiles/lammps.dir/home/guest/palash/Granular-Chains-DEM/lammps/src/REPLICA/temper_npt.cpp.o
nvcc warning : incompatible redefinition for option 'compiler-bindir', the last value of this option was used
nvcc warning : incompatible redefinition for option 'compiler-bindir', the last value of this option was used
nvcc warning : incompatible redefinition for option 'compiler-bindir', the last value of this option was used
nvcc warning : incompatible redefinition for option 'compiler-bindir', the last value of this option was used
[ 73%] Building CXX object CMakeFiles/lammps.dir/home/guest/palash/Granular-Chains-DEM/lammps/src/REPLICA/verlet_split.cpp.o
[ 73%] Building CXX object CMakeFiles/lammps.dir/home/guest/palash/Granular-Chains-DEM/lammps/src/RHEO/atom_vec_rheo.cpp.o
nvcc warning : incompatible redefinition for option 'compiler-bindir', the last value of this option was used
[ 73%] Building CXX object CMakeFiles/lammps.dir/home/guest/palash/Granular-Chains-DEM/lammps/src/RHEO/atom_vec_rheo_thermal.cpp.o
[ 73%] Building CXX object CMakeFiles/lammps.dir/home/guest/palash/Granular-Chains-DEM/lammps/src/RHEO/bond_rheo_shell.cpp.o
[ 73%] Building CXX object CMakeFiles/lammps.dir/home/guest/palash/Granular-Chains-DEM/lammps/src/RHEO/compute_rheo_grad.cpp.o
[ 73%] Building CXX object CMakeFiles/lammps.dir/home/guest/palash/Granular-Chains-DEM/lammps/src/RHEO/compute_rheo_interface.cpp.o
[ 73%] Building CXX object CMakeFiles/lammps.dir/home/guest/palash/Granular-Chains-DEM/lammps/src/RHEO/compute_rheo_kernel.cpp.o
nvcc warning : incompatible redefinition for option 'compiler-bindir', the last value of this option was used
nvcc warning : incompatible redefinition for option 'compiler-bindir', the last value of this option was used
[ 73%] Building CXX object CMakeFiles/lammps.dir/home/guest/palash/Granular-Chains-DEM/lammps/src/RHEO/compute_rheo_property_atom.cpp.o
nvcc warning : incompatible redefinition for option 'compiler-bindir', the last value of this option was used
nvcc warning : incompatible redefinition for option 'compiler-bindir', the last value of this option was used
nvcc warning : incompatible redefinition for option 'compiler-bindir', the last value of this option was used
nvcc warning : incompatible redefinition for option 'compiler-bindir', the last value of this option was used
nvcc warning : incompatible redefinition for option 'compiler-bindir', the last value of this option was used
nvcc warning : incompatible redefinition for option 'compiler-bindir', the last value of this option was used
[ 73%] Building CXX object CMakeFiles/lammps.dir/home/guest/palash/Granular-Chains-DEM/lammps/src/RHEO/compute_rheo_rho_sum.cpp.o
[ 73%] Building CXX object CMakeFiles/lammps.dir/home/guest/palash/Granular-Chains-DEM/lammps/src/RHEO/compute_rheo_surface.cpp.o
nvcc warning : incompatible redefinition for option 'compiler-bindir', the last value of this option was used
nvcc warning : incompatible redefinition for option 'compiler-bindir', the last value of this option was used
nvcc warning : incompatible redefinition for option 'compiler-bindir', the last value of this option was used
nvcc warning : incompatible redefinition for option 'compiler-bindir', the last value of this option was used
[ 73%] Building CXX object CMakeFiles/lammps.dir/home/guest/palash/Granular-Chains-DEM/lammps/src/RHEO/compute_rheo_vshift.cpp.o
nvcc warning : incompatible redefinition for option 'compiler-bindir', the last value of this option was used
nvcc warning : incompatible redefinition for option 'compiler-bindir', the last value of this option was used
nvcc warning : incompatible redefinition for option 'compiler-bindir', the last value of this option was used
nvcc warning : incompatible redefinition for option 'compiler-bindir', the last value of this option was used
nvcc warning : incompatible redefinition for option 'compiler-bindir', the last value of this option was used
nvcc warning : incompatible redefinition for option 'compiler-bindir', the last value of this option was used
nvcc warning : incompatible redefinition for option 'compiler-bindir', the last value of this option was used
nvcc warning : incompatible redefinition for option 'compiler-bindir', the last value of this option was used
[ 73%] Building CXX object CMakeFiles/lammps.dir/home/guest/palash/Granular-Chains-DEM/lammps/src/RHEO/fix_rheo.cpp.o
[ 73%] Building CXX object CMakeFiles/lammps.dir/home/guest/palash/Granular-Chains-DEM/lammps/src/RHEO/fix_rheo_oxidation.cpp.o
nvcc warning : incompatible redefinition for option 'compiler-bindir', the last value of this option was used
nvcc warning : incompatible redefinition for option 'compiler-bindir', the last value of this option was used
[ 73%] Building CXX object CMakeFiles/lammps.dir/home/guest/palash/Granular-Chains-DEM/lammps/src/RHEO/fix_rheo_pressure.cpp.o
nvcc warning : incompatible redefinition for option 'compiler-bindir', the last value of this option was used
[ 73%] Building CXX object CMakeFiles/lammps.dir/home/guest/palash/Granular-Chains-DEM/lammps/src/RHEO/fix_rheo_thermal.cpp.o
nvcc warning : incompatible redefinition for option 'compiler-bindir', the last value of this option was used
[ 73%] Building CXX object CMakeFiles/lammps.dir/home/guest/palash/Granular-Chains-DEM/lammps/src/RHEO/fix_rheo_viscosity.cpp.o
nvcc warning : incompatible redefinition for option 'compiler-bindir', the last value of this option was used
nvcc warning : incompatible redefinition for option 'compiler-bindir', the last value of this option was used
nvcc warning : incompatible redefinition for option 'compiler-bindir', the last value of this option was used
[ 73%] Building CXX object CMakeFiles/lammps.dir/home/guest/palash/Granular-Chains-DEM/lammps/src/RHEO/pair_rheo.cpp.o
nvcc warning : incompatible redefinition for option 'compiler-bindir', the last value of this option was used
nvcc warning : incompatible redefinition for option 'compiler-bindir', the last value of this option was used
nvcc warning : incompatible redefinition for option 'compiler-bindir', the last value of this option was used
[ 73%] Building CXX object CMakeFiles/lammps.dir/home/guest/palash/Granular-Chains-DEM/lammps/src/RHEO/pair_rheo_solid.cpp.o
nvcc warning : incompatible redefinition for option 'compiler-bindir', the last value of this option was used
[ 73%] Building CXX object CMakeFiles/lammps.dir/home/guest/palash/Granular-Chains-DEM/lammps/src/RIGID/compute_erotate_rigid.cpp.o
nvcc warning : incompatible redefinition for option 'compiler-bindir', the last value of this option was used
[ 73%] Building CXX object CMakeFiles/lammps.dir/home/guest/palash/Granular-Chains-DEM/lammps/src/RIGID/compute_ke_rigid.cpp.o
nvcc warning : incompatible redefinition for option 'compiler-bindir', the last value of this option was used
[ 74%] Building CXX object CMakeFiles/lammps.dir/home/guest/palash/Granular-Chains-DEM/lammps/src/RIGID/compute_rigid_local.cpp.o
nvcc warning : incompatible redefinition for option 'compiler-bindir', the last value of this option was used
nvcc warning : incompatible redefinition for option 'compiler-bindir', the last value of this option was used
nvcc warning : incompatible redefinition for option 'compiler-bindir', the last value of this option was used
nvcc warning : incompatible redefinition for option 'compiler-bindir', the last value of this option was used
[ 74%] Building CXX object CMakeFiles/lammps.dir/home/guest/palash/Granular-Chains-DEM/lammps/src/RIGID/fix_ehex.cpp.o
[ 74%] Building CXX object CMakeFiles/lammps.dir/home/guest/palash/Granular-Chains-DEM/lammps/src/RIGID/fix_rattle.cpp.o
[ 74%] Building CXX object CMakeFiles/lammps.dir/home/guest/palash/Granular-Chains-DEM/lammps/src/RIGID/fix_rigid.cpp.o
[ 74%] Building CXX object CMakeFiles/lammps.dir/home/guest/palash/Granular-Chains-DEM/lammps/src/RIGID/fix_rigid_nh.cpp.o
nvcc warning : incompatible redefinition for option 'compiler-bindir', the last value of this option was used
nvcc warning : incompatible redefinition for option 'compiler-bindir', the last value of this option was used
nvcc warning : incompatible redefinition for option 'compiler-bindir', the last value of this option was used
nvcc warning : incompatible redefinition for option 'compiler-bindir', the last value of this option was used
nvcc warning : incompatible redefinition for option 'compiler-bindir', the last value of this option was used
[ 74%] Building CXX object CMakeFiles/lammps.dir/home/guest/palash/Granular-Chains-DEM/lammps/src/RIGID/fix_rigid_nh_small.cpp.o
nvcc warning : incompatible redefinition for option 'compiler-bindir', the last value of this option was used
nvcc warning : incompatible redefinition for option 'compiler-bindir', the last value of this option was used
nvcc warning : incompatible redefinition for option 'compiler-bindir', the last value of this option was used
[ 74%] Building CXX object CMakeFiles/lammps.dir/home/guest/palash/Granular-Chains-DEM/lammps/src/RIGID/fix_rigid_nph.cpp.o
nvcc warning : incompatible redefinition for option 'compiler-bindir', the last value of this option was used
nvcc warning : incompatible redefinition for option 'compiler-bindir', the last value of this option was used
nvcc warning : incompatible redefinition for option 'compiler-bindir', the last value of this option was used
[ 74%] Building CXX object CMakeFiles/lammps.dir/home/guest/palash/Granular-Chains-DEM/lammps/src/RIGID/fix_rigid_nph_small.cpp.o
[ 74%] Building CXX object CMakeFiles/lammps.dir/home/guest/palash/Granular-Chains-DEM/lammps/src/RIGID/fix_rigid_npt.cpp.o
nvcc warning : incompatible redefinition for option 'compiler-bindir', the last value of this option was used
nvcc warning : incompatible redefinition for option 'compiler-bindir', the last value of this option was used
nvcc warning : incompatible redefinition for option 'compiler-bindir', the last value of this option was used
nvcc warning : incompatible redefinition for option 'compiler-bindir', the last value of this option was used
nvcc warning : incompatible redefinition for option 'compiler-bindir', the last value of this option was used
nvcc warning : incompatible redefinition for option 'compiler-bindir', the last value of this option was used
nvcc warning : incompatible redefinition for option 'compiler-bindir', the last value of this option was used
[ 74%] Building CXX object CMakeFiles/lammps.dir/home/guest/palash/Granular-Chains-DEM/lammps/src/RIGID/fix_rigid_npt_small.cpp.o
nvcc warning : incompatible redefinition for option 'compiler-bindir', the last value of this option was used
nvcc warning : incompatible redefinition for option 'compiler-bindir', the last value of this option was used
[ 74%] Building CXX object CMakeFiles/lammps.dir/home/guest/palash/Granular-Chains-DEM/lammps/src/RIGID/fix_rigid_nve.cpp.o
nvcc warning : incompatible redefinition for option 'compiler-bindir', the last value of this option was used
nvcc warning : incompatible redefinition for option 'compiler-bindir', the last value of this option was used
nvcc warning : incompatible redefinition for option 'compiler-bindir', the last value of this option was used
nvcc warning : incompatible redefinition for option 'compiler-bindir', the last value of this option was used
nvcc warning : incompatible redefinition for option 'compiler-bindir', the last value of this option was used
nvcc warning : incompatible redefinition for option 'compiler-bindir', the last value of this option was used
nvcc warning : incompatible redefinition for option 'compiler-bindir', the last value of this option was used
nvcc warning : incompatible redefinition for option 'compiler-bindir', the last value of this option was used
nvcc warning : incompatible redefinition for option 'compiler-bindir', the last value of this option was used
[ 74%] Building CXX object CMakeFiles/lammps.dir/home/guest/palash/Granular-Chains-DEM/lammps/src/RIGID/fix_rigid_nve_small.cpp.o
[ 74%] Building CXX object CMakeFiles/lammps.dir/home/guest/palash/Granular-Chains-DEM/lammps/src/RIGID/fix_rigid_nvt.cpp.o
[ 74%] Building CXX object CMakeFiles/lammps.dir/home/guest/palash/Granular-Chains-DEM/lammps/src/RIGID/fix_rigid_nvt_small.cpp.o
nvcc warning : incompatible redefinition for option 'compiler-bindir', the last value of this option was used
nvcc warning : incompatible redefinition for option 'compiler-bindir', the last value of this option was used
[ 74%] Building CXX object CMakeFiles/lammps.dir/home/guest/palash/Granular-Chains-DEM/lammps/src/RIGID/fix_rigid_small.cpp.o
nvcc warning : incompatible redefinition for option 'compiler-bindir', the last value of this option was used
[ 74%] Building CXX object CMakeFiles/lammps.dir/home/guest/palash/Granular-Chains-DEM/lammps/src/RIGID/fix_shake.cpp.o
[ 74%] Building CXX object CMakeFiles/lammps.dir/home/guest/palash/Granular-Chains-DEM/lammps/src/SHOCK/fix_append_atoms.cpp.o
[ 74%] Building CXX object CMakeFiles/lammps.dir/home/guest/palash/Granular-Chains-DEM/lammps/src/SHOCK/fix_msst.cpp.o
nvcc warning : incompatible redefinition for option 'compiler-bindir', the last value of this option was used
nvcc warning : incompatible redefinition for option 'compiler-bindir', the last value of this option was used
nvcc warning : incompatible redefinition for option 'compiler-bindir', the last value of this option was used
nvcc warning : incompatible redefinition for option 'compiler-bindir', the last value of this option was used
nvcc warning : incompatible redefinition for option 'compiler-bindir', the last value of this option was used
nvcc warning : incompatible redefinition for option 'compiler-bindir', the last value of this option was used
nvcc warning : incompatible redefinition for option 'compiler-bindir', the last value of this option was used
[ 74%] Building CXX object CMakeFiles/lammps.dir/home/guest/palash/Granular-Chains-DEM/lammps/src/SHOCK/fix_nphug.cpp.o
nvcc warning : incompatible redefinition for option 'compiler-bindir', the last value of this option was used
nvcc warning : incompatible redefinition for option 'compiler-bindir', the last value of this option was used
[ 75%] Building CXX object CMakeFiles/lammps.dir/home/guest/palash/Granular-Chains-DEM/lammps/src/SHOCK/fix_wall_piston.cpp.o
[ 75%] Building CXX object CMakeFiles/lammps.dir/home/guest/palash/Granular-Chains-DEM/lammps/src/SPH/atom_vec_sph.cpp.o
nvcc warning : incompatible redefinition for option 'compiler-bindir', the last value of this option was used
nvcc warning : incompatible redefinition for option 'compiler-bindir', the last value of this option was used
[ 75%] Building CXX object CMakeFiles/lammps.dir/home/guest/palash/Granular-Chains-DEM/lammps/src/SPH/compute_sph_e_atom.cpp.o
[ 75%] Building CXX object CMakeFiles/lammps.dir/home/guest/palash/Granular-Chains-DEM/lammps/src/SPH/compute_sph_rho_atom.cpp.o
nvcc warning : incompatible redefinition for option 'compiler-bindir', the last value of this option was used
[ 75%] Building CXX object CMakeFiles/lammps.dir/home/guest/palash/Granular-Chains-DEM/lammps/src/SPH/compute_sph_t_atom.cpp.o
nvcc warning : incompatible redefinition for option 'compiler-bindir', the last value of this option was used
nvcc warning : incompatible redefinition for option 'compiler-bindir', the last value of this option was used
[ 75%] Building CXX object CMakeFiles/lammps.dir/home/guest/palash/Granular-Chains-DEM/lammps/src/SPH/fix_sph.cpp.o
nvcc warning : incompatible redefinition for option 'compiler-bindir', the last value of this option was used
[ 75%] Building CXX object CMakeFiles/lammps.dir/home/guest/palash/Granular-Chains-DEM/lammps/src/SPH/fix_sph_stationary.cpp.o
nvcc warning : incompatible redefinition for option 'compiler-bindir', the last value of this option was used
[ 75%] Building CXX object CMakeFiles/lammps.dir/home/guest/palash/Granular-Chains-DEM/lammps/src/SPH/pair_sph_heatconduction.cpp.o
nvcc warning : incompatible redefinition for option 'compiler-bindir', the last value of this option was used
[ 75%] Building CXX object CMakeFiles/lammps.dir/home/guest/palash/Granular-Chains-DEM/lammps/src/SPH/pair_sph_idealgas.cpp.o
nvcc warning : incompatible redefinition for option 'compiler-bindir', the last value of this option was used
nvcc warning : incompatible redefinition for option 'compiler-bindir', the last value of this option was used
nvcc warning : incompatible redefinition for option 'compiler-bindir', the last value of this option was used
[ 75%] Building CXX object CMakeFiles/lammps.dir/home/guest/palash/Granular-Chains-DEM/lammps/src/SPH/pair_sph_lj.cpp.o
nvcc warning : incompatible redefinition for option 'compiler-bindir', the last value of this option was used
nvcc warning : incompatible redefinition for option 'compiler-bindir', the last value of this option was used
[ 75%] Building CXX object CMakeFiles/lammps.dir/home/guest/palash/Granular-Chains-DEM/lammps/src/SPH/pair_sph_rhosum.cpp.o
nvcc warning : incompatible redefinition for option 'compiler-bindir', the last value of this option was used
nvcc warning : incompatible redefinition for option 'compiler-bindir', the last value of this option was used
nvcc warning : incompatible redefinition for option 'compiler-bindir', the last value of this option was used
nvcc warning : incompatible redefinition for option 'compiler-bindir', the last value of this option was used
[ 75%] Building CXX object CMakeFiles/lammps.dir/home/guest/palash/Granular-Chains-DEM/lammps/src/SPH/pair_sph_taitwater.cpp.o
nvcc warning : incompatible redefinition for option 'compiler-bindir', the last value of this option was used
[ 75%] Building CXX object CMakeFiles/lammps.dir/home/guest/palash/Granular-Chains-DEM/lammps/src/SPH/pair_sph_taitwater_morris.cpp.o
nvcc warning : incompatible redefinition for option 'compiler-bindir', the last value of this option was used
nvcc warning : incompatible redefinition for option 'compiler-bindir', the last value of this option was used
nvcc warning : incompatible redefinition for option 'compiler-bindir', the last value of this option was used
[ 75%] Building CXX object CMakeFiles/lammps.dir/home/guest/palash/Granular-Chains-DEM/lammps/src/SPIN/atom_vec_spin.cpp.o
nvcc warning : incompatible redefinition for option 'compiler-bindir', the last value of this option was used
nvcc warning : incompatible redefinition for option 'compiler-bindir', the last value of this option was used
[ 75%] Building CXX object CMakeFiles/lammps.dir/home/guest/palash/Granular-Chains-DEM/lammps/src/SPIN/compute_spin.cpp.o
nvcc warning : incompatible redefinition for option 'compiler-bindir', the last value of this option was used
nvcc warning : incompatible redefinition for option 'compiler-bindir', the last value of this option was used
nvcc warning : incompatible redefinition for option 'compiler-bindir', the last value of this option was used
nvcc warning : incompatible redefinition for option 'compiler-bindir', the last value of this option was used
[ 75%] Building CXX object CMakeFiles/lammps.dir/home/guest/palash/Granular-Chains-DEM/lammps/src/SPIN/fix_langevin_spin.cpp.o
[ 75%] Building CXX object CMakeFiles/lammps.dir/home/guest/palash/Granular-Chains-DEM/lammps/src/SPIN/fix_neb_spin.cpp.o
[ 75%] Building CXX object CMakeFiles/lammps.dir/home/guest/palash/Granular-Chains-DEM/lammps/src/SPIN/fix_nve_spin.cpp.o
[ 75%] Building CXX object CMakeFiles/lammps.dir/home/guest/palash/Granular-Chains-DEM/lammps/src/SPIN/fix_precession_spin.cpp.o
[ 76%] Building CXX object CMakeFiles/lammps.dir/home/guest/palash/Granular-Chains-DEM/lammps/src/SPIN/fix_setforce_spin.cpp.o
nvcc warning : incompatible redefinition for option 'compiler-bindir', the last value of this option was used
nvcc warning : incompatible redefinition for option 'compiler-bindir', the last value of this option was used
nvcc warning : incompatible redefinition for option 'compiler-bindir', the last value of this option was used
nvcc warning : incompatible redefinition for option 'compiler-bindir', the last value of this option was used
nvcc warning : incompatible redefinition for option 'compiler-bindir', the last value of this option was used
nvcc warning : incompatible redefinition for option 'compiler-bindir', the last value of this option was used
nvcc warning : incompatible redefinition for option 'compiler-bindir', the last value of this option was used
[ 76%] Building CXX object CMakeFiles/lammps.dir/home/guest/palash/Granular-Chains-DEM/lammps/src/SPIN/min_spin.cpp.o
nvcc warning : incompatible redefinition for option 'compiler-bindir', the last value of this option was used
[ 76%] Building CXX object CMakeFiles/lammps.dir/home/guest/palash/Granular-Chains-DEM/lammps/src/SPIN/min_spin_cg.cpp.o
nvcc warning : incompatible redefinition for option 'compiler-bindir', the last value of this option was used
nvcc warning : incompatible redefinition for option 'compiler-bindir', the last value of this option was used
nvcc warning : incompatible redefinition for option 'compiler-bindir', the last value of this option was used
nvcc warning : incompatible redefinition for option 'compiler-bindir', the last value of this option was used
[ 76%] Building CXX object CMakeFiles/lammps.dir/home/guest/palash/Granular-Chains-DEM/lammps/src/SPIN/min_spin_lbfgs.cpp.o
[ 76%] Building CXX object CMakeFiles/lammps.dir/home/guest/palash/Granular-Chains-DEM/lammps/src/SPIN/neb_spin.cpp.o
nvcc warning : incompatible redefinition for option 'compiler-bindir', the last value of this option was used
[ 76%] Building CXX object CMakeFiles/lammps.dir/home/guest/palash/Granular-Chains-DEM/lammps/src/SPIN/pair_spin.cpp.o
nvcc warning : incompatible redefinition for option 'compiler-bindir', the last value of this option was used
[ 76%] Building CXX object CMakeFiles/lammps.dir/home/guest/palash/Granular-Chains-DEM/lammps/src/SPIN/pair_spin_dipole_cut.cpp.o
nvcc warning : incompatible redefinition for option 'compiler-bindir', the last value of this option was used
nvcc warning : incompatible redefinition for option 'compiler-bindir', the last value of this option was used
nvcc warning : incompatible redefinition for option 'compiler-bindir', the last value of this option was used
nvcc warning : incompatible redefinition for option 'compiler-bindir', the last value of this option was used
nvcc warning : incompatible redefinition for option 'compiler-bindir', the last value of this option was used
nvcc warning : incompatible redefinition for option 'compiler-bindir', the last value of this option was used
nvcc warning : incompatible redefinition for option 'compiler-bindir', the last value of this option was used
nvcc warning : incompatible redefinition for option 'compiler-bindir', the last value of this option was used
[ 76%] Building CXX object CMakeFiles/lammps.dir/home/guest/palash/Granular-Chains-DEM/lammps/src/SPIN/pair_spin_dipole_long.cpp.o
[ 76%] Building CXX object CMakeFiles/lammps.dir/home/guest/palash/Granular-Chains-DEM/lammps/src/SPIN/pair_spin_dmi.cpp.o
nvcc warning : incompatible redefinition for option 'compiler-bindir', the last value of this option was used
nvcc warning : incompatible redefinition for option 'compiler-bindir', the last value of this option was used
[ 76%] Building CXX object CMakeFiles/lammps.dir/home/guest/palash/Granular-Chains-DEM/lammps/src/SPIN/pair_spin_exchange.cpp.o
nvcc warning : incompatible redefinition for option 'compiler-bindir', the last value of this option was used
nvcc warning : incompatible redefinition for option 'compiler-bindir', the last value of this option was used
[ 76%] Building CXX object CMakeFiles/lammps.dir/home/guest/palash/Granular-Chains-DEM/lammps/src/SPIN/pair_spin_exchange_biquadratic.cpp.o
nvcc warning : incompatible redefinition for option 'compiler-bindir', the last value of this option was used
[ 76%] Building CXX object CMakeFiles/lammps.dir/home/guest/palash/Granular-Chains-DEM/lammps/src/SPIN/pair_spin_magelec.cpp.o
nvcc warning : incompatible redefinition for option 'compiler-bindir', the last value of this option was used
[ 76%] Building CXX object CMakeFiles/lammps.dir/home/guest/palash/Granular-Chains-DEM/lammps/src/SPIN/pair_spin_neel.cpp.o
nvcc warning : incompatible redefinition for option 'compiler-bindir', the last value of this option was used
[ 76%] Building CXX object CMakeFiles/lammps.dir/home/guest/palash/Granular-Chains-DEM/lammps/src/SRD/fix_srd.cpp.o
nvcc warning : incompatible redefinition for option 'compiler-bindir', the last value of this option was used
nvcc warning : incompatible redefinition for option 'compiler-bindir', the last value of this option was used
nvcc warning : incompatible redefinition for option 'compiler-bindir', the last value of this option was used
nvcc warning : incompatible redefinition for option 'compiler-bindir', the last value of this option was used
[ 76%] Building CXX object CMakeFiles/lammps.dir/home/guest/palash/Granular-Chains-DEM/lammps/src/SRD/fix_wall_srd.cpp.o
nvcc warning : incompatible redefinition for option 'compiler-bindir', the last value of this option was used
nvcc warning : incompatible redefinition for option 'compiler-bindir', the last value of this option was used
[ 76%] Building CXX object CMakeFiles/lammps.dir/home/guest/palash/Granular-Chains-DEM/lammps/src/TALLY/compute_force_tally.cpp.o
nvcc warning : incompatible redefinition for option 'compiler-bindir', the last value of this option was used
nvcc warning : incompatible redefinition for option 'compiler-bindir', the last value of this option was used
nvcc warning : incompatible redefinition for option 'compiler-bindir', the last value of this option was used
nvcc warning : incompatible redefinition for option 'compiler-bindir', the last value of this option was used
nvcc warning : incompatible redefinition for option 'compiler-bindir', the last value of this option was used
nvcc warning : incompatible redefinition for option 'compiler-bindir', the last value of this option was used
[ 76%] Building CXX object CMakeFiles/lammps.dir/home/guest/palash/Granular-Chains-DEM/lammps/src/TALLY/compute_heat_flux_tally.cpp.o
nvcc warning : incompatible redefinition for option 'compiler-bindir', the last value of this option was used
[ 76%] Building CXX object CMakeFiles/lammps.dir/home/guest/palash/Granular-Chains-DEM/lammps/src/TALLY/compute_heat_flux_virial_tally.cpp.o
[ 76%] Building CXX object CMakeFiles/lammps.dir/home/guest/palash/Granular-Chains-DEM/lammps/src/TALLY/compute_pe_mol_tally.cpp.o
nvcc warning : incompatible redefinition for option 'compiler-bindir', the last value of this option was used
nvcc warning : incompatible redefinition for option 'compiler-bindir', the last value of this option was used
[ 77%] Building CXX object CMakeFiles/lammps.dir/home/guest/palash/Granular-Chains-DEM/lammps/src/TALLY/compute_pe_tally.cpp.o
nvcc warning : incompatible redefinition for option 'compiler-bindir', the last value of this option was used
[ 77%] Building CXX object CMakeFiles/lammps.dir/home/guest/palash/Granular-Chains-DEM/lammps/src/TALLY/compute_stress_tally.cpp.o
nvcc warning : incompatible redefinition for option 'compiler-bindir', the last value of this option was used
[ 77%] Building CXX object CMakeFiles/lammps.dir/home/guest/palash/Granular-Chains-DEM/lammps/src/UEF/compute_pressure_uef.cpp.o
nvcc warning : incompatible redefinition for option 'compiler-bindir', the last value of this option was used
nvcc warning : incompatible redefinition for option 'compiler-bindir', the last value of this option was used
nvcc warning : incompatible redefinition for option 'compiler-bindir', the last value of this option was used
nvcc warning : incompatible redefinition for option 'compiler-bindir', the last value of this option was used
nvcc warning : incompatible redefinition for option 'compiler-bindir', the last value of this option was used
[ 77%] Building CXX object CMakeFiles/lammps.dir/home/guest/palash/Granular-Chains-DEM/lammps/src/UEF/compute_temp_uef.cpp.o
nvcc warning : incompatible redefinition for option 'compiler-bindir', the last value of this option was used
nvcc warning : incompatible redefinition for option 'compiler-bindir', the last value of this option was used
nvcc warning : incompatible redefinition for option 'compiler-bindir', the last value of this option was used
[ 77%] Building CXX object CMakeFiles/lammps.dir/home/guest/palash/Granular-Chains-DEM/lammps/src/UEF/dump_cfg_uef.cpp.o
nvcc warning : incompatible redefinition for option 'compiler-bindir', the last value of this option was used
[ 77%] Building CXX object CMakeFiles/lammps.dir/home/guest/palash/Granular-Chains-DEM/lammps/src/UEF/fix_nh_uef.cpp.o
[ 77%] Building CXX object CMakeFiles/lammps.dir/home/guest/palash/Granular-Chains-DEM/lammps/src/UEF/fix_npt_uef.cpp.o
nvcc warning : incompatible redefinition for option 'compiler-bindir', the last value of this option was used
[ 77%] Building CXX object CMakeFiles/lammps.dir/home/guest/palash/Granular-Chains-DEM/lammps/src/UEF/fix_nvt_uef.cpp.o
nvcc warning : incompatible redefinition for option 'compiler-bindir', the last value of this option was used
nvcc warning : incompatible redefinition for option 'compiler-bindir', the last value of this option was used
[ 77%] Building CXX object CMakeFiles/lammps.dir/home/guest/palash/Granular-Chains-DEM/lammps/src/UEF/uef_utils.cpp.o
nvcc warning : incompatible redefinition for option 'compiler-bindir', the last value of this option was used
nvcc warning : incompatible redefinition for option 'compiler-bindir', the last value of this option was used
nvcc warning : incompatible redefinition for option 'compiler-bindir', the last value of this option was used
[ 77%] Building CXX object CMakeFiles/lammps.dir/home/guest/palash/Granular-Chains-DEM/lammps/src/VORONOI/compute_voronoi_atom.cpp.o
[ 77%] Building CXX object CMakeFiles/lammps.dir/home/guest/palash/Granular-Chains-DEM/lammps/src/YAFF/angle_cross.cpp.o
[ 77%] Building CXX object CMakeFiles/lammps.dir/home/guest/palash/Granular-Chains-DEM/lammps/src/YAFF/angle_mm3.cpp.o
nvcc warning : incompatible redefinition for option 'compiler-bindir', the last value of this option was used
nvcc warning : incompatible redefinition for option 'compiler-bindir', the last value of this option was used
nvcc warning : incompatible redefinition for option 'compiler-bindir', the last value of this option was used
nvcc warning : incompatible redefinition for option 'compiler-bindir', the last value of this option was used
nvcc warning : incompatible redefinition for option 'compiler-bindir', the last value of this option was used
[ 77%] Building CXX object CMakeFiles/lammps.dir/home/guest/palash/Granular-Chains-DEM/lammps/src/YAFF/bond_mm3.cpp.o
nvcc warning : incompatible redefinition for option 'compiler-bindir', the last value of this option was used
nvcc warning : incompatible redefinition for option 'compiler-bindir', the last value of this option was used
nvcc warning : incompatible redefinition for option 'compiler-bindir', the last value of this option was used
nvcc warning : incompatible redefinition for option 'compiler-bindir', the last value of this option was used
nvcc warning : incompatible redefinition for option 'compiler-bindir', the last value of this option was used
[ 77%] Building CXX object CMakeFiles/lammps.dir/home/guest/palash/Granular-Chains-DEM/lammps/src/YAFF/improper_distharm.cpp.o
nvcc warning : incompatible redefinition for option 'compiler-bindir', the last value of this option was used
[ 77%] Building CXX object CMakeFiles/lammps.dir/home/guest/palash/Granular-Chains-DEM/lammps/src/YAFF/improper_sqdistharm.cpp.o
nvcc warning : incompatible redefinition for option 'compiler-bindir', the last value of this option was used
[ 77%] Building CXX object CMakeFiles/lammps.dir/home/guest/palash/Granular-Chains-DEM/lammps/src/YAFF/pair_lj_switch3_coulgauss_long.cpp.o
[ 77%] Building CXX object CMakeFiles/lammps.dir/home/guest/palash/Granular-Chains-DEM/lammps/src/YAFF/pair_mm3_switch3_coulgauss_long.cpp.o
nvcc warning : incompatible redefinition for option 'compiler-bindir', the last value of this option was used
nvcc warning : incompatible redefinition for option 'compiler-bindir', the last value of this option was used
nvcc warning : incompatible redefinition for option 'compiler-bindir', the last value of this option was used
nvcc warning : incompatible redefinition for option 'compiler-bindir', the last value of this option was used
[ 77%] Building CXX object CMakeFiles/lammps.dir/home/guest/palash/Granular-Chains-DEM/lammps/src/CORESHELL/compute_temp_cs.cpp.o
nvcc warning : incompatible redefinition for option 'compiler-bindir', the last value of this option was used
[ 77%] Building CXX object CMakeFiles/lammps.dir/home/guest/palash/Granular-Chains-DEM/lammps/src/CORESHELL/pair_coul_wolf_cs.cpp.o
nvcc warning : incompatible redefinition for option 'compiler-bindir', the last value of this option was used
nvcc warning : incompatible redefinition for option 'compiler-bindir', the last value of this option was used
nvcc warning : incompatible redefinition for option 'compiler-bindir', the last value of this option was used
nvcc warning : incompatible redefinition for option 'compiler-bindir', the last value of this option was used
nvcc warning : incompatible redefinition for option 'compiler-bindir', the last value of this option was used
nvcc warning : incompatible redefinition for option 'compiler-bindir', the last value of this option was used
nvcc warning : incompatible redefinition for option 'compiler-bindir', the last value of this option was used
[ 78%] Building CXX object CMakeFiles/lammps.dir/home/guest/palash/Granular-Chains-DEM/lammps/src/CORESHELL/pair_lj_class2_coul_long_cs.cpp.o
[ 78%] Building CXX object CMakeFiles/lammps.dir/home/guest/palash/Granular-Chains-DEM/lammps/src/CORESHELL/pair_born_coul_dsf_cs.cpp.o
nvcc warning : incompatible redefinition for option 'compiler-bindir', the last value of this option was used
[ 78%] Building CXX object CMakeFiles/lammps.dir/home/guest/palash/Granular-Chains-DEM/lammps/src/CORESHELL/pair_born_coul_wolf_cs.cpp.o
[ 78%] Building CXX object CMakeFiles/lammps.dir/home/guest/palash/Granular-Chains-DEM/lammps/src/CORESHELL/pair_born_coul_long_cs.cpp.o
nvcc warning : incompatible redefinition for option 'compiler-bindir', the last value of this option was used
nvcc warning : incompatible redefinition for option 'compiler-bindir', the last value of this option was used
nvcc warning : incompatible redefinition for option 'compiler-bindir', the last value of this option was used
[ 78%] Building CXX object CMakeFiles/lammps.dir/home/guest/palash/Granular-Chains-DEM/lammps/src/CORESHELL/pair_buck_coul_long_cs.cpp.o
nvcc warning : incompatible redefinition for option 'compiler-bindir', the last value of this option was used
nvcc warning : incompatible redefinition for option 'compiler-bindir', the last value of this option was used
nvcc warning : incompatible redefinition for option 'compiler-bindir', the last value of this option was used
[ 78%] Building CXX object CMakeFiles/lammps.dir/home/guest/palash/Granular-Chains-DEM/lammps/src/CORESHELL/pair_coul_long_cs.cpp.o
[ 78%] Building CXX object CMakeFiles/lammps.dir/home/guest/palash/Granular-Chains-DEM/lammps/src/CORESHELL/pair_lj_cut_coul_long_cs.cpp.o
nvcc warning : incompatible redefinition for option 'compiler-bindir', the last value of this option was used
nvcc warning : incompatible redefinition for option 'compiler-bindir', the last value of this option was used
[ 78%] Building CXX object CMakeFiles/lammps.dir/home/guest/palash/Granular-Chains-DEM/lammps/src/OPENMP/thr_data.cpp.o
nvcc warning : incompatible redefinition for option 'compiler-bindir', the last value of this option was used
nvcc warning : incompatible redefinition for option 'compiler-bindir', the last value of this option was used
[ 78%] Building CXX object CMakeFiles/lammps.dir/home/guest/palash/Granular-Chains-DEM/lammps/src/OPENMP/thr_omp.cpp.o
nvcc warning : incompatible redefinition for option 'compiler-bindir', the last value of this option was used
[ 78%] Building CXX object CMakeFiles/lammps.dir/home/guest/palash/Granular-Chains-DEM/lammps/src/OPENMP/fix_omp.cpp.o
nvcc warning : incompatible redefinition for option 'compiler-bindir', the last value of this option was used
nvcc warning : incompatible redefinition for option 'compiler-bindir', the last value of this option was used
nvcc warning : incompatible redefinition for option 'compiler-bindir', the last value of this option was used
nvcc warning : incompatible redefinition for option 'compiler-bindir', the last value of this option was used
nvcc warning : incompatible redefinition for option 'compiler-bindir', the last value of this option was used
nvcc warning : incompatible redefinition for option 'compiler-bindir', the last value of this option was used
nvcc warning : incompatible redefinition for option 'compiler-bindir', the last value of this option was used
[ 78%] Building CXX object CMakeFiles/lammps.dir/home/guest/palash/Granular-Chains-DEM/lammps/src/OPENMP/fix_nh_omp.cpp.o
nvcc warning : incompatible redefinition for option 'compiler-bindir', the last value of this option was used
[ 78%] Building CXX object CMakeFiles/lammps.dir/home/guest/palash/Granular-Chains-DEM/lammps/src/OPENMP/fix_nh_sphere_omp.cpp.o
[ 78%] Building CXX object CMakeFiles/lammps.dir/home/guest/palash/Granular-Chains-DEM/lammps/src/OPENMP/domain_omp.cpp.o
nvcc warning : incompatible redefinition for option 'compiler-bindir', the last value of this option was used
nvcc warning : incompatible redefinition for option 'compiler-bindir', the last value of this option was used
nvcc warning : incompatible redefinition for option 'compiler-bindir', the last value of this option was used
nvcc warning : incompatible redefinition for option 'compiler-bindir', the last value of this option was used
nvcc warning : incompatible redefinition for option 'compiler-bindir', the last value of this option was used
nvcc warning : incompatible redefinition for option 'compiler-bindir', the last value of this option was used
[ 78%] Building CXX object CMakeFiles/lammps.dir/home/guest/palash/Granular-Chains-DEM/lammps/src/OPENMP/angle_spica_omp.cpp.o
[ 78%] Building CXX object CMakeFiles/lammps.dir/home/guest/palash/Granular-Chains-DEM/lammps/src/OPENMP/angle_class2_omp.cpp.o
[ 78%] Building CXX object CMakeFiles/lammps.dir/home/guest/palash/Granular-Chains-DEM/lammps/src/OPENMP/angle_dipole_omp.cpp.o
[ 78%] Building CXX object CMakeFiles/lammps.dir/home/guest/palash/Granular-Chains-DEM/lammps/src/OPENMP/angle_cosine_delta_omp.cpp.o
nvcc warning : incompatible redefinition for option 'compiler-bindir', the last value of this option was used
nvcc warning : incompatible redefinition for option 'compiler-bindir', the last value of this option was used
nvcc warning : incompatible redefinition for option 'compiler-bindir', the last value of this option was used
nvcc warning : incompatible redefinition for option 'compiler-bindir', the last value of this option was used
nvcc warning : incompatible redefinition for option 'compiler-bindir', the last value of this option was used
[ 78%] Building CXX object CMakeFiles/lammps.dir/home/guest/palash/Granular-Chains-DEM/lammps/src/OPENMP/angle_cosine_periodic_omp.cpp.o
nvcc warning : incompatible redefinition for option 'compiler-bindir', the last value of this option was used
nvcc warning : incompatible redefinition for option 'compiler-bindir', the last value of this option was used
nvcc warning : incompatible redefinition for option 'compiler-bindir', the last value of this option was used
nvcc warning : incompatible redefinition for option 'compiler-bindir', the last value of this option was used
nvcc warning : incompatible redefinition for option 'compiler-bindir', the last value of this option was used
[ 78%] Building CXX object CMakeFiles/lammps.dir/home/guest/palash/Granular-Chains-DEM/lammps/src/OPENMP/angle_cosine_shift_omp.cpp.o
nvcc warning : incompatible redefinition for option 'compiler-bindir', the last value of this option was used
[ 79%] Building CXX object CMakeFiles/lammps.dir/home/guest/palash/Granular-Chains-DEM/lammps/src/OPENMP/angle_cosine_shift_exp_omp.cpp.o
nvcc warning : incompatible redefinition for option 'compiler-bindir', the last value of this option was used
[ 79%] Building CXX object CMakeFiles/lammps.dir/home/guest/palash/Granular-Chains-DEM/lammps/src/OPENMP/angle_cosine_squared_restricted_omp.cpp.o
nvcc warning : incompatible redefinition for option 'compiler-bindir', the last value of this option was used
nvcc warning : incompatible redefinition for option 'compiler-bindir', the last value of this option was used
nvcc warning : incompatible redefinition for option 'compiler-bindir', the last value of this option was used
[ 79%] Building CXX object CMakeFiles/lammps.dir/home/guest/palash/Granular-Chains-DEM/lammps/src/OPENMP/angle_fourier_omp.cpp.o
[ 79%] Building CXX object CMakeFiles/lammps.dir/home/guest/palash/Granular-Chains-DEM/lammps/src/OPENMP/angle_fourier_simple_omp.cpp.o
nvcc warning : incompatible redefinition for option 'compiler-bindir', the last value of this option was used
nvcc warning : incompatible redefinition for option 'compiler-bindir', the last value of this option was used
[ 79%] Building CXX object CMakeFiles/lammps.dir/home/guest/palash/Granular-Chains-DEM/lammps/src/OPENMP/angle_quartic_omp.cpp.o
[ 79%] Building CXX object CMakeFiles/lammps.dir/home/guest/palash/Granular-Chains-DEM/lammps/src/OPENMP/angle_lepton_omp.cpp.o
nvcc warning : incompatible redefinition for option 'compiler-bindir', the last value of this option was used
nvcc warning : incompatible redefinition for option 'compiler-bindir', the last value of this option was used
[ 79%] Building CXX object CMakeFiles/lammps.dir/home/guest/palash/Granular-Chains-DEM/lammps/src/OPENMP/angle_charmm_omp.cpp.o
nvcc warning : incompatible redefinition for option 'compiler-bindir', the last value of this option was used
nvcc warning : incompatible redefinition for option 'compiler-bindir', the last value of this option was used
[ 79%] Building CXX object CMakeFiles/lammps.dir/home/guest/palash/Granular-Chains-DEM/lammps/src/OPENMP/angle_cosine_omp.cpp.o
/home/guest/palash/Granular-Chains-DEM/lammps/src/accelerator_omp.h(28): warning #611-D: overloaded virtual function "LAMMPS_NS::Domain::lamda2x" is only partially overridden in class "LAMMPS_NS::DomainOMP"
  class DomainOMP : public Domain {
        ^

Remark: The warnings can be suppressed with "-diag-suppress <warning-number>"

/home/guest/palash/Granular-Chains-DEM/lammps/src/accelerator_omp.h(28): warning #611-D: overloaded virtual function "LAMMPS_NS::Domain::x2lamda" is only partially overridden in class "LAMMPS_NS::DomainOMP"
  class DomainOMP : public Domain {
        ^

nvcc warning : incompatible redefinition for option 'compiler-bindir', the last value of this option was used
[ 79%] Building CXX object CMakeFiles/lammps.dir/home/guest/palash/Granular-Chains-DEM/lammps/src/OPENMP/angle_cosine_squared_omp.cpp.o
nvcc warning : incompatible redefinition for option 'compiler-bindir', the last value of this option was used
[ 79%] Building CXX object CMakeFiles/lammps.dir/home/guest/palash/Granular-Chains-DEM/lammps/src/OPENMP/angle_harmonic_omp.cpp.o
nvcc warning : incompatible redefinition for option 'compiler-bindir', the last value of this option was used
[ 79%] Building CXX object CMakeFiles/lammps.dir/home/guest/palash/Granular-Chains-DEM/lammps/src/OPENMP/angle_table_omp.cpp.o
nvcc warning : incompatible redefinition for option 'compiler-bindir', the last value of this option was used
nvcc warning : incompatible redefinition for option 'compiler-bindir', the last value of this option was used
nvcc warning : incompatible redefinition for option 'compiler-bindir', the last value of this option was used
nvcc warning : incompatible redefinition for option 'compiler-bindir', the last value of this option was used
nvcc warning : incompatible redefinition for option 'compiler-bindir', the last value of this option was used
nvcc warning : incompatible redefinition for option 'compiler-bindir', the last value of this option was used
nvcc warning : incompatible redefinition for option 'compiler-bindir', the last value of this option was used
[ 79%] Building CXX object CMakeFiles/lammps.dir/home/guest/palash/Granular-Chains-DEM/lammps/src/OPENMP/bond_class2_omp.cpp.o
[ 79%] Building CXX object CMakeFiles/lammps.dir/home/guest/palash/Granular-Chains-DEM/lammps/src/OPENMP/bond_harmonic_shift_omp.cpp.o
[ 79%] Building CXX object CMakeFiles/lammps.dir/home/guest/palash/Granular-Chains-DEM/lammps/src/OPENMP/bond_harmonic_shift_cut_omp.cpp.o
[ 79%] Building CXX object CMakeFiles/lammps.dir/home/guest/palash/Granular-Chains-DEM/lammps/src/OPENMP/bond_nonlinear_omp.cpp.o
nvcc warning : incompatible redefinition for option 'compiler-bindir', the last value of this option was used
nvcc warning : incompatible redefinition for option 'compiler-bindir', the last value of this option was used
nvcc warning : incompatible redefinition for option 'compiler-bindir', the last value of this option was used
nvcc warning : incompatible redefinition for option 'compiler-bindir', the last value of this option was used
nvcc warning : incompatible redefinition for option 'compiler-bindir', the last value of this option was used
nvcc warning : incompatible redefinition for option 'compiler-bindir', the last value of this option was used
nvcc warning : incompatible redefinition for option 'compiler-bindir', the last value of this option was used
[ 79%] Building CXX object CMakeFiles/lammps.dir/home/guest/palash/Granular-Chains-DEM/lammps/src/OPENMP/bond_lepton_omp.cpp.o
/home/guest/palash/Granular-Chains-DEM/lammps/src/accelerator_omp.h(28): warning #611-D: overloaded virtual function "LAMMPS_NS::Domain::lamda2x" is only partially overridden in class "LAMMPS_NS::DomainOMP"
  class DomainOMP : public Domain {
        ^

Remark: The warnings can be suppressed with "-diag-suppress <warning-number>"

/home/guest/palash/Granular-Chains-DEM/lammps/src/accelerator_omp.h(28): warning #611-D: overloaded virtual function "LAMMPS_NS::Domain::x2lamda" is only partially overridden in class "LAMMPS_NS::DomainOMP"
  class DomainOMP : public Domain {
        ^

nvcc warning : incompatible redefinition for option 'compiler-bindir', the last value of this option was used
nvcc warning : incompatible redefinition for option 'compiler-bindir', the last value of this option was used
nvcc warning : incompatible redefinition for option 'compiler-bindir', the last value of this option was used
nvcc warning : incompatible redefinition for option 'compiler-bindir', the last value of this option was used
nvcc warning : incompatible redefinition for option 'compiler-bindir', the last value of this option was used
[ 79%] Building CXX object CMakeFiles/lammps.dir/home/guest/palash/Granular-Chains-DEM/lammps/src/OPENMP/bond_fene_omp.cpp.o
[ 79%] Building CXX object CMakeFiles/lammps.dir/home/guest/palash/Granular-Chains-DEM/lammps/src/OPENMP/bond_fene_expand_omp.cpp.o
nvcc warning : incompatible redefinition for option 'compiler-bindir', the last value of this option was used
nvcc warning : incompatible redefinition for option 'compiler-bindir', the last value of this option was used
nvcc warning : incompatible redefinition for option 'compiler-bindir', the last value of this option was used
nvcc warning : incompatible redefinition for option 'compiler-bindir', the last value of this option was used
[ 79%] Building CXX object CMakeFiles/lammps.dir/home/guest/palash/Granular-Chains-DEM/lammps/src/OPENMP/bond_gromos_omp.cpp.o
nvcc warning : incompatible redefinition for option 'compiler-bindir', the last value of this option was used
nvcc warning : incompatible redefinition for option 'compiler-bindir', the last value of this option was used
nvcc warning : incompatible redefinition for option 'compiler-bindir', the last value of this option was used
[ 80%] Building CXX object CMakeFiles/lammps.dir/home/guest/palash/Granular-Chains-DEM/lammps/src/OPENMP/bond_harmonic_omp.cpp.o
nvcc warning : incompatible redefinition for option 'compiler-bindir', the last value of this option was used
[ 80%] Building CXX object CMakeFiles/lammps.dir/home/guest/palash/Granular-Chains-DEM/lammps/src/OPENMP/bond_morse_omp.cpp.o
nvcc warning : incompatible redefinition for option 'compiler-bindir', the last value of this option was used
[ 80%] Building CXX object CMakeFiles/lammps.dir/home/guest/palash/Granular-Chains-DEM/lammps/src/OPENMP/bond_quartic_omp.cpp.o
nvcc warning : incompatible redefinition for option 'compiler-bindir', the last value of this option was used
[ 80%] Building CXX object CMakeFiles/lammps.dir/home/guest/palash/Granular-Chains-DEM/lammps/src/OPENMP/bond_table_omp.cpp.o
nvcc warning : incompatible redefinition for option 'compiler-bindir', the last value of this option was used
nvcc warning : incompatible redefinition for option 'compiler-bindir', the last value of this option was used
nvcc warning : incompatible redefinition for option 'compiler-bindir', the last value of this option was used
nvcc warning : incompatible redefinition for option 'compiler-bindir', the last value of this option was used
[ 80%] Building CXX object CMakeFiles/lammps.dir/home/guest/palash/Granular-Chains-DEM/lammps/src/OPENMP/dihedral_class2_omp.cpp.o
[ 80%] Building CXX object CMakeFiles/lammps.dir/home/guest/palash/Granular-Chains-DEM/lammps/src/OPENMP/dihedral_cosine_shift_exp_omp.cpp.o
nvcc warning : incompatible redefinition for option 'compiler-bindir', the last value of this option was used
[ 80%] Building CXX object CMakeFiles/lammps.dir/home/guest/palash/Granular-Chains-DEM/lammps/src/OPENMP/dihedral_fourier_omp.cpp.o
[ 80%] Building CXX object CMakeFiles/lammps.dir/home/guest/palash/Granular-Chains-DEM/lammps/src/OPENMP/dihedral_helix_omp.cpp.o
nvcc warning : incompatible redefinition for option 'compiler-bindir', the last value of this option was used
nvcc warning : incompatible redefinition for option 'compiler-bindir', the last value of this option was used
[ 80%] Building CXX object CMakeFiles/lammps.dir/home/guest/palash/Granular-Chains-DEM/lammps/src/OPENMP/dihedral_nharmonic_omp.cpp.o
nvcc warning : incompatible redefinition for option 'compiler-bindir', the last value of this option was used
nvcc warning : incompatible redefinition for option 'compiler-bindir', the last value of this option was used
[ 80%] Building CXX object CMakeFiles/lammps.dir/home/guest/palash/Granular-Chains-DEM/lammps/src/OPENMP/dihedral_quadratic_omp.cpp.o
nvcc warning : incompatible redefinition for option 'compiler-bindir', the last value of this option was used
[ 80%] Building CXX object CMakeFiles/lammps.dir/home/guest/palash/Granular-Chains-DEM/lammps/src/OPENMP/dihedral_lepton_omp.cpp.o
nvcc warning : incompatible redefinition for option 'compiler-bindir', the last value of this option was used
[ 80%] Building CXX object CMakeFiles/lammps.dir/home/guest/palash/Granular-Chains-DEM/lammps/src/OPENMP/dihedral_charmm_omp.cpp.o
nvcc warning : incompatible redefinition for option 'compiler-bindir', the last value of this option was used
nvcc warning : incompatible redefinition for option 'compiler-bindir', the last value of this option was used
nvcc warning : incompatible redefinition for option 'compiler-bindir', the last value of this option was used
nvcc warning : incompatible redefinition for option 'compiler-bindir', the last value of this option was used
nvcc warning : incompatible redefinition for option 'compiler-bindir', the last value of this option was used
nvcc warning : incompatible redefinition for option 'compiler-bindir', the last value of this option was used
nvcc warning : incompatible redefinition for option 'compiler-bindir', the last value of this option was used
nvcc warning : incompatible redefinition for option 'compiler-bindir', the last value of this option was used
nvcc warning : incompatible redefinition for option 'compiler-bindir', the last value of this option was used
[ 80%] Building CXX object CMakeFiles/lammps.dir/home/guest/palash/Granular-Chains-DEM/lammps/src/OPENMP/dihedral_harmonic_omp.cpp.o
nvcc warning : incompatible redefinition for option 'compiler-bindir', the last value of this option was used
nvcc warning : incompatible redefinition for option 'compiler-bindir', the last value of this option was used
[ 80%] Building CXX object CMakeFiles/lammps.dir/home/guest/palash/Granular-Chains-DEM/lammps/src/OPENMP/dihedral_multi_harmonic_omp.cpp.o
nvcc warning : incompatible redefinition for option 'compiler-bindir', the last value of this option was used
[ 80%] Building CXX object CMakeFiles/lammps.dir/home/guest/palash/Granular-Chains-DEM/lammps/src/OPENMP/dihedral_opls_omp.cpp.o
nvcc warning : incompatible redefinition for option 'compiler-bindir', the last value of this option was used
nvcc warning : incompatible redefinition for option 'compiler-bindir', the last value of this option was used
nvcc warning : incompatible redefinition for option 'compiler-bindir', the last value of this option was used
nvcc warning : incompatible redefinition for option 'compiler-bindir', the last value of this option was used
nvcc warning : incompatible redefinition for option 'compiler-bindir', the last value of this option was used
[ 80%] Building CXX object CMakeFiles/lammps.dir/home/guest/palash/Granular-Chains-DEM/lammps/src/OPENMP/dihedral_table_omp.cpp.o
[ 80%] Building CXX object CMakeFiles/lammps.dir/home/guest/palash/Granular-Chains-DEM/lammps/src/OPENMP/fix_gravity_omp.cpp.o
nvcc warning : incompatible redefinition for option 'compiler-bindir', the last value of this option was used
nvcc warning : incompatible redefinition for option 'compiler-bindir', the last value of this option was used
[ 80%] Building CXX object CMakeFiles/lammps.dir/home/guest/palash/Granular-Chains-DEM/lammps/src/OPENMP/fix_neigh_history_omp.cpp.o
nvcc warning : incompatible redefinition for option 'compiler-bindir', the last value of this option was used
nvcc warning : incompatible redefinition for option 'compiler-bindir', the last value of this option was used
[ 80%] Building CXX object CMakeFiles/lammps.dir/home/guest/palash/Granular-Chains-DEM/lammps/src/OPENMP/fix_nph_omp.cpp.o
nvcc warning : incompatible redefinition for option 'compiler-bindir', the last value of this option was used
nvcc warning : incompatible redefinition for option 'compiler-bindir', the last value of this option was used
nvcc warning : incompatible redefinition for option 'compiler-bindir', the last value of this option was used
[ 81%] Building CXX object CMakeFiles/lammps.dir/home/guest/palash/Granular-Chains-DEM/lammps/src/OPENMP/fix_nph_sphere_omp.cpp.o
nvcc warning : incompatible redefinition for option 'compiler-bindir', the last value of this option was used
[ 81%] Building CXX object CMakeFiles/lammps.dir/home/guest/palash/Granular-Chains-DEM/lammps/src/OPENMP/fix_npt_omp.cpp.o
[ 81%] Building CXX object CMakeFiles/lammps.dir/home/guest/palash/Granular-Chains-DEM/lammps/src/OPENMP/fix_npt_sphere_omp.cpp.o
nvcc warning : incompatible redefinition for option 'compiler-bindir', the last value of this option was used
[ 81%] Building CXX object CMakeFiles/lammps.dir/home/guest/palash/Granular-Chains-DEM/lammps/src/OPENMP/fix_nve_omp.cpp.o
nvcc warning : incompatible redefinition for option 'compiler-bindir', the last value of this option was used
nvcc warning : incompatible redefinition for option 'compiler-bindir', the last value of this option was used
nvcc warning : incompatible redefinition for option 'compiler-bindir', the last value of this option was used
nvcc warning : incompatible redefinition for option 'compiler-bindir', the last value of this option was used
nvcc warning : incompatible redefinition for option 'compiler-bindir', the last value of this option was used
nvcc warning : incompatible redefinition for option 'compiler-bindir', the last value of this option was used
[ 81%] Building CXX object CMakeFiles/lammps.dir/home/guest/palash/Granular-Chains-DEM/lammps/src/OPENMP/fix_nve_sphere_omp.cpp.o
nvcc warning : incompatible redefinition for option 'compiler-bindir', the last value of this option was used
[ 81%] Building CXX object CMakeFiles/lammps.dir/home/guest/palash/Granular-Chains-DEM/lammps/src/OPENMP/fix_nvt_omp.cpp.o
[ 81%] Building CXX object CMakeFiles/lammps.dir/home/guest/palash/Granular-Chains-DEM/lammps/src/OPENMP/fix_nvt_sllod_omp.cpp.o
[ 81%] Building CXX object CMakeFiles/lammps.dir/home/guest/palash/Granular-Chains-DEM/lammps/src/OPENMP/fix_nvt_sphere_omp.cpp.o
nvcc warning : incompatible redefinition for option 'compiler-bindir', the last value of this option was used
[ 81%] Building CXX object CMakeFiles/lammps.dir/home/guest/palash/Granular-Chains-DEM/lammps/src/OPENMP/fix_nph_asphere_omp.cpp.o
nvcc warning : incompatible redefinition for option 'compiler-bindir', the last value of this option was used
nvcc warning : incompatible redefinition for option 'compiler-bindir', the last value of this option was used
nvcc warning : incompatible redefinition for option 'compiler-bindir', the last value of this option was used
nvcc warning : incompatible redefinition for option 'compiler-bindir', the last value of this option was used
nvcc warning : incompatible redefinition for option 'compiler-bindir', the last value of this option was used
[ 81%] Building CXX object CMakeFiles/lammps.dir/home/guest/palash/Granular-Chains-DEM/lammps/src/OPENMP/fix_npt_asphere_omp.cpp.o
[ 81%] Building CXX object CMakeFiles/lammps.dir/home/guest/palash/Granular-Chains-DEM/lammps/src/OPENMP/fix_nvt_asphere_omp.cpp.o
[ 81%] Building CXX object CMakeFiles/lammps.dir/home/guest/palash/Granular-Chains-DEM/lammps/src/OPENMP/fix_qeq_comb_omp.cpp.o
nvcc warning : incompatible redefinition for option 'compiler-bindir', the last value of this option was used
[ 81%] Building CXX object CMakeFiles/lammps.dir/home/guest/palash/Granular-Chains-DEM/lammps/src/OPENMP/fix_qeq_reaxff_omp.cpp.o
nvcc warning : incompatible redefinition for option 'compiler-bindir', the last value of this option was used
nvcc warning : incompatible redefinition for option 'compiler-bindir', the last value of this option was used
nvcc warning : incompatible redefinition for option 'compiler-bindir', the last value of this option was used
nvcc warning : incompatible redefinition for option 'compiler-bindir', the last value of this option was used
nvcc warning : incompatible redefinition for option 'compiler-bindir', the last value of this option was used
nvcc warning : incompatible redefinition for option 'compiler-bindir', the last value of this option was used
[ 81%] Building CXX object CMakeFiles/lammps.dir/home/guest/palash/Granular-Chains-DEM/lammps/src/OPENMP/fix_rigid_omp.cpp.o
nvcc warning : incompatible redefinition for option 'compiler-bindir', the last value of this option was used
nvcc warning : incompatible redefinition for option 'compiler-bindir', the last value of this option was used
[ 81%] Building CXX object CMakeFiles/lammps.dir/home/guest/palash/Granular-Chains-DEM/lammps/src/OPENMP/fix_rigid_nph_omp.cpp.o
[ 81%] Building CXX object CMakeFiles/lammps.dir/home/guest/palash/Granular-Chains-DEM/lammps/src/OPENMP/fix_rigid_npt_omp.cpp.o
[ 81%] Building CXX object CMakeFiles/lammps.dir/home/guest/palash/Granular-Chains-DEM/lammps/src/OPENMP/fix_rigid_nve_omp.cpp.o
nvcc warning : incompatible redefinition for option 'compiler-bindir', the last value of this option was used
[ 81%] Building CXX object CMakeFiles/lammps.dir/home/guest/palash/Granular-Chains-DEM/lammps/src/OPENMP/fix_rigid_nvt_omp.cpp.o
nvcc warning : incompatible redefinition for option 'compiler-bindir', the last value of this option was used
nvcc warning : incompatible redefinition for option 'compiler-bindir', the last value of this option was used
nvcc warning : incompatible redefinition for option 'compiler-bindir', the last value of this option was used
nvcc warning : incompatible redefinition for option 'compiler-bindir', the last value of this option was used
nvcc warning : incompatible redefinition for option 'compiler-bindir', the last value of this option was used
nvcc warning : incompatible redefinition for option 'compiler-bindir', the last value of this option was used
nvcc warning : incompatible redefinition for option 'compiler-bindir', the last value of this option was used
nvcc warning : incompatible redefinition for option 'compiler-bindir', the last value of this option was used
nvcc warning : incompatible redefinition for option 'compiler-bindir', the last value of this option was used
nvcc warning : incompatible redefinition for option 'compiler-bindir', the last value of this option was used
[ 81%] Building CXX object CMakeFiles/lammps.dir/home/guest/palash/Granular-Chains-DEM/lammps/src/OPENMP/fix_rigid_small_omp.cpp.o
[ 82%] Building CXX object CMakeFiles/lammps.dir/home/guest/palash/Granular-Chains-DEM/lammps/src/OPENMP/improper_class2_omp.cpp.o
[ 82%] Building CXX object CMakeFiles/lammps.dir/home/guest/palash/Granular-Chains-DEM/lammps/src/OPENMP/improper_cossq_omp.cpp.o
nvcc warning : incompatible redefinition for option 'compiler-bindir', the last value of this option was used
[ 82%] Building CXX object CMakeFiles/lammps.dir/home/guest/palash/Granular-Chains-DEM/lammps/src/OPENMP/improper_fourier_omp.cpp.o
nvcc warning : incompatible redefinition for option 'compiler-bindir', the last value of this option was used
nvcc warning : incompatible redefinition for option 'compiler-bindir', the last value of this option was used
[ 82%] Building CXX object CMakeFiles/lammps.dir/home/guest/palash/Granular-Chains-DEM/lammps/src/OPENMP/improper_ring_omp.cpp.o
nvcc warning : incompatible redefinition for option 'compiler-bindir', the last value of this option was used
[ 82%] Building CXX object CMakeFiles/lammps.dir/home/guest/palash/Granular-Chains-DEM/lammps/src/OPENMP/improper_cvff_omp.cpp.o
nvcc warning : incompatible redefinition for option 'compiler-bindir', the last value of this option was used
nvcc warning : incompatible redefinition for option 'compiler-bindir', the last value of this option was used
[ 82%] Building CXX object CMakeFiles/lammps.dir/home/guest/palash/Granular-Chains-DEM/lammps/src/OPENMP/improper_harmonic_omp.cpp.o
nvcc warning : incompatible redefinition for option 'compiler-bindir', the last value of this option was used
nvcc warning : incompatible redefinition for option 'compiler-bindir', the last value of this option was used
nvcc warning : incompatible redefinition for option 'compiler-bindir', the last value of this option was used
nvcc warning : incompatible redefinition for option 'compiler-bindir', the last value of this option was used
nvcc warning : incompatible redefinition for option 'compiler-bindir', the last value of this option was used
nvcc warning : incompatible redefinition for option 'compiler-bindir', the last value of this option was used
nvcc warning : incompatible redefinition for option 'compiler-bindir', the last value of this option was used
nvcc warning : incompatible redefinition for option 'compiler-bindir', the last value of this option was used
nvcc warning : incompatible redefinition for option 'compiler-bindir', the last value of this option was used
[ 82%] Building CXX object CMakeFiles/lammps.dir/home/guest/palash/Granular-Chains-DEM/lammps/src/OPENMP/improper_umbrella_omp.cpp.o
nvcc warning : incompatible redefinition for option 'compiler-bindir', the last value of this option was used
[ 82%] Building CXX object CMakeFiles/lammps.dir/home/guest/palash/Granular-Chains-DEM/lammps/src/OPENMP/respa_omp.cpp.o
nvcc warning : incompatible redefinition for option 'compiler-bindir', the last value of this option was used
[ 82%] Building CXX object CMakeFiles/lammps.dir/home/guest/palash/Granular-Chains-DEM/lammps/src/OPENMP/ewald_omp.cpp.o
nvcc warning : incompatible redefinition for option 'compiler-bindir', the last value of this option was used
[ 82%] Building CXX object CMakeFiles/lammps.dir/home/guest/palash/Granular-Chains-DEM/lammps/src/OPENMP/msm_omp.cpp.o
nvcc warning : incompatible redefinition for option 'compiler-bindir', the last value of this option was used
nvcc warning : incompatible redefinition for option 'compiler-bindir', the last value of this option was used
[ 82%] Building CXX object CMakeFiles/lammps.dir/home/guest/palash/Granular-Chains-DEM/lammps/src/OPENMP/msm_cg_omp.cpp.o
nvcc warning : incompatible redefinition for option 'compiler-bindir', the last value of this option was used
nvcc warning : incompatible redefinition for option 'compiler-bindir', the last value of this option was used
nvcc warning : incompatible redefinition for option 'compiler-bindir', the last value of this option was used
nvcc warning : incompatible redefinition for option 'compiler-bindir', the last value of this option was used
nvcc warning : incompatible redefinition for option 'compiler-bindir', the last value of this option was used
nvcc warning : incompatible redefinition for option 'compiler-bindir', the last value of this option was used
[ 82%] Building CXX object CMakeFiles/lammps.dir/home/guest/palash/Granular-Chains-DEM/lammps/src/OPENMP/pppm_omp.cpp.o
nvcc warning : incompatible redefinition for option 'compiler-bindir', the last value of this option was used
nvcc warning : incompatible redefinition for option 'compiler-bindir', the last value of this option was used
nvcc warning : incompatible redefinition for option 'compiler-bindir', the last value of this option was used
nvcc warning : incompatible redefinition for option 'compiler-bindir', the last value of this option was used
nvcc warning : incompatible redefinition for option 'compiler-bindir', the last value of this option was used
nvcc warning : incompatible redefinition for option 'compiler-bindir', the last value of this option was used
nvcc warning : incompatible redefinition for option 'compiler-bindir', the last value of this option was used
nvcc warning : incompatible redefinition for option 'compiler-bindir', the last value of this option was used
nvcc warning : incompatible redefinition for option 'compiler-bindir', the last value of this option was used
nvcc warning : incompatible redefinition for option 'compiler-bindir', the last value of this option was used
[ 82%] Building CXX object CMakeFiles/lammps.dir/home/guest/palash/Granular-Chains-DEM/lammps/src/OPENMP/pppm_cg_omp.cpp.o
[ 82%] Building CXX object CMakeFiles/lammps.dir/home/guest/palash/Granular-Chains-DEM/lammps/src/OPENMP/pppm_disp_omp.cpp.o
nvcc warning : incompatible redefinition for option 'compiler-bindir', the last value of this option was used
nvcc warning : incompatible redefinition for option 'compiler-bindir', the last value of this option was used
[ 82%] Building CXX object CMakeFiles/lammps.dir/home/guest/palash/Granular-Chains-DEM/lammps/src/OPENMP/pppm_disp_tip4p_omp.cpp.o
[ 82%] Building CXX object CMakeFiles/lammps.dir/home/guest/palash/Granular-Chains-DEM/lammps/src/OPENMP/pppm_tip4p_omp.cpp.o
[ 82%] Building CXX object CMakeFiles/lammps.dir/home/guest/palash/Granular-Chains-DEM/lammps/src/OPENMP/npair_bin_omp.cpp.o
nvcc warning : incompatible redefinition for option 'compiler-bindir', the last value of this option was used
nvcc warning : incompatible redefinition for option 'compiler-bindir', the last value of this option was used
[ 82%] Building CXX object CMakeFiles/lammps.dir/home/guest/palash/Granular-Chains-DEM/lammps/src/OPENMP/npair_bin_ghost_omp.cpp.o
nvcc warning : incompatible redefinition for option 'compiler-bindir', the last value of this option was used
nvcc warning : incompatible redefinition for option 'compiler-bindir', the last value of this option was used
[ 82%] Building CXX object CMakeFiles/lammps.dir/home/guest/palash/Granular-Chains-DEM/lammps/src/OPENMP/npair_halffull_omp.cpp.o
[ 82%] Building CXX object CMakeFiles/lammps.dir/home/guest/palash/Granular-Chains-DEM/lammps/src/OPENMP/npair_multi_omp.cpp.o
nvcc warning : incompatible redefinition for option 'compiler-bindir', the last value of this option was used
nvcc warning : incompatible redefinition for option 'compiler-bindir', the last value of this option was used
nvcc warning : incompatible redefinition for option 'compiler-bindir', the last value of this option was used
nvcc warning : incompatible redefinition for option 'compiler-bindir', the last value of this option was used
[ 83%] Building CXX object CMakeFiles/lammps.dir/home/guest/palash/Granular-Chains-DEM/lammps/src/OPENMP/npair_multi_old_omp.cpp.o
[ 83%] Building CXX object CMakeFiles/lammps.dir/home/guest/palash/Granular-Chains-DEM/lammps/src/OPENMP/npair_nsq_omp.cpp.o
nvcc warning : incompatible redefinition for option 'compiler-bindir', the last value of this option was used
[ 83%] Building CXX object CMakeFiles/lammps.dir/home/guest/palash/Granular-Chains-DEM/lammps/src/OPENMP/npair_nsq_ghost_omp.cpp.o
nvcc warning : incompatible redefinition for option 'compiler-bindir', the last value of this option was used
nvcc warning : incompatible redefinition for option 'compiler-bindir', the last value of this option was used
nvcc warning : incompatible redefinition for option 'compiler-bindir', the last value of this option was used
nvcc warning : incompatible redefinition for option 'compiler-bindir', the last value of this option was used
[ 83%] Building CXX object CMakeFiles/lammps.dir/home/guest/palash/Granular-Chains-DEM/lammps/src/OPENMP/npair_respa_bin_omp.cpp.o
nvcc warning : incompatible redefinition for option 'compiler-bindir', the last value of this option was used
nvcc warning : incompatible redefinition for option 'compiler-bindir', the last value of this option was used
nvcc warning : incompatible redefinition for option 'compiler-bindir', the last value of this option was used
nvcc warning : incompatible redefinition for option 'compiler-bindir', the last value of this option was used
[ 83%] Building CXX object CMakeFiles/lammps.dir/home/guest/palash/Granular-Chains-DEM/lammps/src/OPENMP/npair_respa_nsq_omp.cpp.o
nvcc warning : incompatible redefinition for option 'compiler-bindir', the last value of this option was used
nvcc warning : incompatible redefinition for option 'compiler-bindir', the last value of this option was used
nvcc warning : incompatible redefinition for option 'compiler-bindir', the last value of this option was used
nvcc warning : incompatible redefinition for option 'compiler-bindir', the last value of this option was used
[ 83%] Building CXX object CMakeFiles/lammps.dir/home/guest/palash/Granular-Chains-DEM/lammps/src/OPENMP/npair_trim_omp.cpp.o
[ 83%] Building CXX object CMakeFiles/lammps.dir/home/guest/palash/Granular-Chains-DEM/lammps/src/OPENMP/pair_born_omp.cpp.o
nvcc warning : incompatible redefinition for option 'compiler-bindir', the last value of this option was used
[ 83%] Building CXX object CMakeFiles/lammps.dir/home/guest/palash/Granular-Chains-DEM/lammps/src/OPENMP/pair_buck_omp.cpp.o
nvcc warning : incompatible redefinition for option 'compiler-bindir', the last value of this option was used
[ 83%] Building CXX object CMakeFiles/lammps.dir/home/guest/palash/Granular-Chains-DEM/lammps/src/OPENMP/pair_buck_coul_cut_omp.cpp.o
nvcc warning : incompatible redefinition for option 'compiler-bindir', the last value of this option was used
nvcc warning : incompatible redefinition for option 'compiler-bindir', the last value of this option was used
[ 83%] Building CXX object CMakeFiles/lammps.dir/home/guest/palash/Granular-Chains-DEM/lammps/src/OPENMP/pair_coul_cut_omp.cpp.o
nvcc warning : incompatible redefinition for option 'compiler-bindir', the last value of this option was used
nvcc warning : incompatible redefinition for option 'compiler-bindir', the last value of this option was used
nvcc warning : incompatible redefinition for option 'compiler-bindir', the last value of this option was used
nvcc warning : incompatible redefinition for option 'compiler-bindir', the last value of this option was used
nvcc warning : incompatible redefinition for option 'compiler-bindir', the last value of this option was used
[ 83%] Building CXX object CMakeFiles/lammps.dir/home/guest/palash/Granular-Chains-DEM/lammps/src/OPENMP/pair_coul_debye_omp.cpp.o
nvcc warning : incompatible redefinition for option 'compiler-bindir', the last value of this option was used
[ 83%] Building CXX object CMakeFiles/lammps.dir/home/guest/palash/Granular-Chains-DEM/lammps/src/OPENMP/pair_coul_dsf_omp.cpp.o
nvcc warning : incompatible redefinition for option 'compiler-bindir', the last value of this option was used
nvcc warning : incompatible redefinition for option 'compiler-bindir', the last value of this option was used
nvcc warning : incompatible redefinition for option 'compiler-bindir', the last value of this option was used
nvcc warning : incompatible redefinition for option 'compiler-bindir', the last value of this option was used
nvcc warning : incompatible redefinition for option 'compiler-bindir', the last value of this option was used
nvcc warning : incompatible redefinition for option 'compiler-bindir', the last value of this option was used
nvcc warning : incompatible redefinition for option 'compiler-bindir', the last value of this option was used
nvcc warning : incompatible redefinition for option 'compiler-bindir', the last value of this option was used
nvcc warning : incompatible redefinition for option 'compiler-bindir', the last value of this option was used
nvcc warning : incompatible redefinition for option 'compiler-bindir', the last value of this option was used
[ 83%] Building CXX object CMakeFiles/lammps.dir/home/guest/palash/Granular-Chains-DEM/lammps/src/OPENMP/pair_coul_wolf_omp.cpp.o
nvcc warning : incompatible redefinition for option 'compiler-bindir', the last value of this option was used
nvcc warning : incompatible redefinition for option 'compiler-bindir', the last value of this option was used
nvcc warning : incompatible redefinition for option 'compiler-bindir', the last value of this option was used
nvcc warning : incompatible redefinition for option 'compiler-bindir', the last value of this option was used
nvcc warning : incompatible redefinition for option 'compiler-bindir', the last value of this option was used
nvcc warning : incompatible redefinition for option 'compiler-bindir', the last value of this option was used
[ 83%] Building CXX object CMakeFiles/lammps.dir/home/guest/palash/Granular-Chains-DEM/lammps/src/OPENMP/pair_lj_cut_omp.cpp.o
[ 83%] Building CXX object CMakeFiles/lammps.dir/home/guest/palash/Granular-Chains-DEM/lammps/src/OPENMP/pair_lj_cut_coul_cut_omp.cpp.o
nvcc warning : incompatible redefinition for option 'compiler-bindir', the last value of this option was used
[ 83%] Building CXX object CMakeFiles/lammps.dir/home/guest/palash/Granular-Chains-DEM/lammps/src/OPENMP/pair_lj_expand_omp.cpp.o
nvcc warning : incompatible redefinition for option 'compiler-bindir', the last value of this option was used
[ 83%] Building CXX object CMakeFiles/lammps.dir/home/guest/palash/Granular-Chains-DEM/lammps/src/OPENMP/pair_morse_omp.cpp.o
[ 83%] Building CXX object CMakeFiles/lammps.dir/home/guest/palash/Granular-Chains-DEM/lammps/src/OPENMP/pair_soft_omp.cpp.o
[ 83%] Building CXX object CMakeFiles/lammps.dir/home/guest/palash/Granular-Chains-DEM/lammps/src/OPENMP/pair_table_omp.cpp.o
nvcc warning : incompatible redefinition for option 'compiler-bindir', the last value of this option was used
nvcc warning : incompatible redefinition for option 'compiler-bindir', the last value of this option was used
nvcc warning : incompatible redefinition for option 'compiler-bindir', the last value of this option was used
[ 84%] Building CXX object CMakeFiles/lammps.dir/home/guest/palash/Granular-Chains-DEM/lammps/src/OPENMP/pair_yukawa_omp.cpp.o
nvcc warning : incompatible redefinition for option 'compiler-bindir', the last value of this option was used
nvcc warning : incompatible redefinition for option 'compiler-bindir', the last value of this option was used
nvcc warning : incompatible redefinition for option 'compiler-bindir', the last value of this option was used
nvcc warning : incompatible redefinition for option 'compiler-bindir', the last value of this option was used
[ 84%] Building CXX object CMakeFiles/lammps.dir/home/guest/palash/Granular-Chains-DEM/lammps/src/OPENMP/pair_zbl_omp.cpp.o
nvcc warning : incompatible redefinition for option 'compiler-bindir', the last value of this option was used
nvcc warning : incompatible redefinition for option 'compiler-bindir', the last value of this option was used
nvcc warning : incompatible redefinition for option 'compiler-bindir', the last value of this option was used
nvcc warning : incompatible redefinition for option 'compiler-bindir', the last value of this option was used
nvcc warning : incompatible redefinition for option 'compiler-bindir', the last value of this option was used
nvcc warning : incompatible redefinition for option 'compiler-bindir', the last value of this option was used
[ 84%] Building CXX object CMakeFiles/lammps.dir/home/guest/palash/Granular-Chains-DEM/lammps/src/OPENMP/pair_gayberne_omp.cpp.o
nvcc warning : incompatible redefinition for option 'compiler-bindir', the last value of this option was used
nvcc warning : incompatible redefinition for option 'compiler-bindir', the last value of this option was used
nvcc warning : incompatible redefinition for option 'compiler-bindir', the last value of this option was used
[ 84%] Building CXX object CMakeFiles/lammps.dir/home/guest/palash/Granular-Chains-DEM/lammps/src/OPENMP/pair_resquared_omp.cpp.o
[ 84%] Building CXX object CMakeFiles/lammps.dir/home/guest/palash/Granular-Chains-DEM/lammps/src/OPENMP/pair_lj_spica_omp.cpp.o
nvcc warning : incompatible redefinition for option 'compiler-bindir', the last value of this option was used
nvcc warning : incompatible redefinition for option 'compiler-bindir', the last value of this option was used
nvcc warning : incompatible redefinition for option 'compiler-bindir', the last value of this option was used
[ 84%] Building CXX object CMakeFiles/lammps.dir/home/guest/palash/Granular-Chains-DEM/lammps/src/OPENMP/pair_lj_spica_coul_long_omp.cpp.o
[ 84%] Building CXX object CMakeFiles/lammps.dir/home/guest/palash/Granular-Chains-DEM/lammps/src/OPENMP/pair_lj_spica_coul_msm_omp.cpp.o
nvcc warning : incompatible redefinition for option 'compiler-bindir', the last value of this option was used
[ 84%] Building CXX object CMakeFiles/lammps.dir/home/guest/palash/Granular-Chains-DEM/lammps/src/OPENMP/pair_lj_class2_omp.cpp.o
[ 84%] Building CXX object CMakeFiles/lammps.dir/home/guest/palash/Granular-Chains-DEM/lammps/src/OPENMP/pair_lj_class2_coul_cut_omp.cpp.o
[ 84%] Building CXX object CMakeFiles/lammps.dir/home/guest/palash/Granular-Chains-DEM/lammps/src/OPENMP/pair_lj_class2_coul_long_omp.cpp.o
nvcc warning : incompatible redefinition for option 'compiler-bindir', the last value of this option was used
[ 84%] Building CXX object CMakeFiles/lammps.dir/home/guest/palash/Granular-Chains-DEM/lammps/src/OPENMP/pair_brownian_omp.cpp.o
nvcc warning : incompatible redefinition for option 'compiler-bindir', the last value of this option was used
nvcc warning : incompatible redefinition for option 'compiler-bindir', the last value of this option was used
nvcc warning : incompatible redefinition for option 'compiler-bindir', the last value of this option was used
nvcc warning : incompatible redefinition for option 'compiler-bindir', the last value of this option was used
nvcc warning : incompatible redefinition for option 'compiler-bindir', the last value of this option was used
nvcc warning : incompatible redefinition for option 'compiler-bindir', the last value of this option was used
nvcc warning : incompatible redefinition for option 'compiler-bindir', the last value of this option was used
[ 84%] Building CXX object CMakeFiles/lammps.dir/home/guest/palash/Granular-Chains-DEM/lammps/src/OPENMP/pair_brownian_poly_omp.cpp.o
nvcc warning : incompatible redefinition for option 'compiler-bindir', the last value of this option was used
nvcc warning : incompatible redefinition for option 'compiler-bindir', the last value of this option was used
nvcc warning : incompatible redefinition for option 'compiler-bindir', the last value of this option was used
nvcc warning : incompatible redefinition for option 'compiler-bindir', the last value of this option was used
[ 84%] Building CXX object CMakeFiles/lammps.dir/home/guest/palash/Granular-Chains-DEM/lammps/src/OPENMP/pair_colloid_omp.cpp.o
nvcc warning : incompatible redefinition for option 'compiler-bindir', the last value of this option was used
[ 84%] Building CXX object CMakeFiles/lammps.dir/home/guest/palash/Granular-Chains-DEM/lammps/src/OPENMP/pair_lubricate_omp.cpp.o
nvcc warning : incompatible redefinition for option 'compiler-bindir', the last value of this option was used
nvcc warning : incompatible redefinition for option 'compiler-bindir', the last value of this option was used
[ 84%] Building CXX object CMakeFiles/lammps.dir/home/guest/palash/Granular-Chains-DEM/lammps/src/OPENMP/pair_lubricate_poly_omp.cpp.o
nvcc warning : incompatible redefinition for option 'compiler-bindir', the last value of this option was used
[ 84%] Building CXX object CMakeFiles/lammps.dir/home/guest/palash/Granular-Chains-DEM/lammps/src/OPENMP/pair_yukawa_colloid_omp.cpp.o
[ 84%] Building CXX object CMakeFiles/lammps.dir/home/guest/palash/Granular-Chains-DEM/lammps/src/OPENMP/pair_lj_cut_coul_cut_dielectric_omp.cpp.o
[ 84%] Building CXX object CMakeFiles/lammps.dir/home/guest/palash/Granular-Chains-DEM/lammps/src/OPENMP/pair_lj_cut_coul_debye_dielectric_omp.cpp.o
nvcc warning : incompatible redefinition for option 'compiler-bindir', the last value of this option was used
[ 84%] Building CXX object CMakeFiles/lammps.dir/home/guest/palash/Granular-Chains-DEM/lammps/src/OPENMP/pair_lj_cut_coul_long_dielectric_omp.cpp.o
nvcc warning : incompatible redefinition for option 'compiler-bindir', the last value of this option was used
nvcc warning : incompatible redefinition for option 'compiler-bindir', the last value of this option was used
[ 85%] Building CXX object CMakeFiles/lammps.dir/home/guest/palash/Granular-Chains-DEM/lammps/src/OPENMP/pair_lj_cut_dipole_cut_omp.cpp.o
nvcc warning : incompatible redefinition for option 'compiler-bindir', the last value of this option was used
[ 85%] Building CXX object CMakeFiles/lammps.dir/home/guest/palash/Granular-Chains-DEM/lammps/src/OPENMP/pair_lj_sf_dipole_sf_omp.cpp.o
nvcc warning : incompatible redefinition for option 'compiler-bindir', the last value of this option was used
nvcc warning : incompatible redefinition for option 'compiler-bindir', the last value of this option was used
[ 85%] Building CXX object CMakeFiles/lammps.dir/home/guest/palash/Granular-Chains-DEM/lammps/src/OPENMP/pair_dpd_omp.cpp.o
nvcc warning : incompatible redefinition for option 'compiler-bindir', the last value of this option was used
[ 85%] Building CXX object CMakeFiles/lammps.dir/home/guest/palash/Granular-Chains-DEM/lammps/src/OPENMP/pair_dpd_ext_omp.cpp.o
nvcc warning : incompatible redefinition for option 'compiler-bindir', the last value of this option was used
nvcc warning : incompatible redefinition for option 'compiler-bindir', the last value of this option was used
nvcc warning : incompatible redefinition for option 'compiler-bindir', the last value of this option was used
nvcc warning : incompatible redefinition for option 'compiler-bindir', the last value of this option was used
nvcc warning : incompatible redefinition for option 'compiler-bindir', the last value of this option was used
nvcc warning : incompatible redefinition for option 'compiler-bindir', the last value of this option was used
nvcc warning : incompatible redefinition for option 'compiler-bindir', the last value of this option was used
[ 85%] Building CXX object CMakeFiles/lammps.dir/home/guest/palash/Granular-Chains-DEM/lammps/src/OPENMP/pair_dpd_ext_tstat_omp.cpp.o
nvcc warning : incompatible redefinition for option 'compiler-bindir', the last value of this option was used
nvcc warning : incompatible redefinition for option 'compiler-bindir', the last value of this option was used
[ 85%] Building CXX object CMakeFiles/lammps.dir/home/guest/palash/Granular-Chains-DEM/lammps/src/OPENMP/pair_dpd_tstat_omp.cpp.o
[ 85%] Building CXX object CMakeFiles/lammps.dir/home/guest/palash/Granular-Chains-DEM/lammps/src/OPENMP/pair_lj_cut_thole_long_omp.cpp.o
[ 85%] Building CXX object CMakeFiles/lammps.dir/home/guest/palash/Granular-Chains-DEM/lammps/src/OPENMP/pair_hbond_dreiding_lj_angleoffset_omp.cpp.o
nvcc warning : incompatible redefinition for option 'compiler-bindir', the last value of this option was used
[ 85%] Building CXX object CMakeFiles/lammps.dir/home/guest/palash/Granular-Chains-DEM/lammps/src/OPENMP/pair_hbond_dreiding_morse_angleoffset_omp.cpp.o
nvcc warning : incompatible redefinition for option 'compiler-bindir', the last value of this option was used
nvcc warning : incompatible redefinition for option 'compiler-bindir', the last value of this option was used
nvcc warning : incompatible redefinition for option 'compiler-bindir', the last value of this option was used
nvcc warning : incompatible redefinition for option 'compiler-bindir', the last value of this option was used
nvcc warning : incompatible redefinition for option 'compiler-bindir', the last value of this option was used
nvcc warning : incompatible redefinition for option 'compiler-bindir', the last value of this option was used
nvcc warning : incompatible redefinition for option 'compiler-bindir', the last value of this option was used
nvcc warning : incompatible redefinition for option 'compiler-bindir', the last value of this option was used
[ 85%] Building CXX object CMakeFiles/lammps.dir/home/guest/palash/Granular-Chains-DEM/lammps/src/OPENMP/pair_beck_omp.cpp.o
nvcc warning : incompatible redefinition for option 'compiler-bindir', the last value of this option was used
[ 85%] Building CXX object CMakeFiles/lammps.dir/home/guest/palash/Granular-Chains-DEM/lammps/src/OPENMP/pair_born_coul_wolf_omp.cpp.o
[ 85%] Building CXX object CMakeFiles/lammps.dir/home/guest/palash/Granular-Chains-DEM/lammps/src/OPENMP/pair_coul_cut_global_omp.cpp.o
nvcc warning : incompatible redefinition for option 'compiler-bindir', the last value of this option was used
[ 85%] Building CXX object CMakeFiles/lammps.dir/home/guest/palash/Granular-Chains-DEM/lammps/src/OPENMP/pair_coul_diel_omp.cpp.o
[ 85%] Building CXX object CMakeFiles/lammps.dir/home/guest/palash/Granular-Chains-DEM/lammps/src/OPENMP/pair_gauss_omp.cpp.o
[ 85%] Building CXX object CMakeFiles/lammps.dir/home/guest/palash/Granular-Chains-DEM/lammps/src/OPENMP/pair_gauss_cut_omp.cpp.o
nvcc warning : incompatible redefinition for option 'compiler-bindir', the last value of this option was used
[ 85%] Building CXX object CMakeFiles/lammps.dir/home/guest/palash/Granular-Chains-DEM/lammps/src/OPENMP/pair_harmonic_cut_omp.cpp.o
[ 85%] Building CXX object CMakeFiles/lammps.dir/home/guest/palash/Granular-Chains-DEM/lammps/src/OPENMP/pair_lj96_cut_omp.cpp.o
[ 85%] Building CXX object CMakeFiles/lammps.dir/home/guest/palash/Granular-Chains-DEM/lammps/src/OPENMP/pair_lj_cubic_omp.cpp.o
nvcc warning : incompatible redefinition for option 'compiler-bindir', the last value of this option was used
nvcc warning : incompatible redefinition for option 'compiler-bindir', the last value of this option was used
nvcc warning : incompatible redefinition for option 'compiler-bindir', the last value of this option was used
nvcc warning : incompatible redefinition for option 'compiler-bindir', the last value of this option was used
nvcc warning : incompatible redefinition for option 'compiler-bindir', the last value of this option was used
[ 85%] Building CXX object CMakeFiles/lammps.dir/home/guest/palash/Granular-Chains-DEM/lammps/src/OPENMP/pair_lj_cut_coul_debye_omp.cpp.o
nvcc warning : incompatible redefinition for option 'compiler-bindir', the last value of this option was used
nvcc warning : incompatible redefinition for option 'compiler-bindir', the last value of this option was used
nvcc warning : incompatible redefinition for option 'compiler-bindir', the last value of this option was used
nvcc warning : incompatible redefinition for option 'compiler-bindir', the last value of this option was used
nvcc warning : incompatible redefinition for option 'compiler-bindir', the last value of this option was used
[ 86%] Building CXX object CMakeFiles/lammps.dir/home/guest/palash/Granular-Chains-DEM/lammps/src/OPENMP/pair_lj_cut_coul_dsf_omp.cpp.o
nvcc warning : incompatible redefinition for option 'compiler-bindir', the last value of this option was used
nvcc warning : incompatible redefinition for option 'compiler-bindir', the last value of this option was used
nvcc warning : incompatible redefinition for option 'compiler-bindir', the last value of this option was used
[ 86%] Building CXX object CMakeFiles/lammps.dir/home/guest/palash/Granular-Chains-DEM/lammps/src/OPENMP/pair_lj_cut_coul_wolf_omp.cpp.o
[ 86%] Building CXX object CMakeFiles/lammps.dir/home/guest/palash/Granular-Chains-DEM/lammps/src/OPENMP/pair_lj_cut_sphere_omp.cpp.o
[ 86%] Building CXX object CMakeFiles/lammps.dir/home/guest/palash/Granular-Chains-DEM/lammps/src/OPENMP/pair_lj_expand_sphere_omp.cpp.o
nvcc warning : incompatible redefinition for option 'compiler-bindir', the last value of this option was used
[ 86%] Building CXX object CMakeFiles/lammps.dir/home/guest/palash/Granular-Chains-DEM/lammps/src/OPENMP/pair_lj_gromacs_omp.cpp.o
[ 86%] Building CXX object CMakeFiles/lammps.dir/home/guest/palash/Granular-Chains-DEM/lammps/src/OPENMP/pair_lj_gromacs_coul_gromacs_omp.cpp.o
nvcc warning : incompatible redefinition for option 'compiler-bindir', the last value of this option was used
nvcc warning : incompatible redefinition for option 'compiler-bindir', the last value of this option was used
[ 86%] Building CXX object CMakeFiles/lammps.dir/home/guest/palash/Granular-Chains-DEM/lammps/src/OPENMP/pair_lj_pirani_omp.cpp.o
[ 86%] Building CXX object CMakeFiles/lammps.dir/home/guest/palash/Granular-Chains-DEM/lammps/src/OPENMP/pair_lj_relres_omp.cpp.o
nvcc warning : incompatible redefinition for option 'compiler-bindir', the last value of this option was used
nvcc warning : incompatible redefinition for option 'compiler-bindir', the last value of this option was used
[ 86%] Building CXX object CMakeFiles/lammps.dir/home/guest/palash/Granular-Chains-DEM/lammps/src/OPENMP/pair_lj_smooth_linear_omp.cpp.o
[ 86%] Building CXX object CMakeFiles/lammps.dir/home/guest/palash/Granular-Chains-DEM/lammps/src/OPENMP/pair_lj_smooth_omp.cpp.o
nvcc warning : incompatible redefinition for option 'compiler-bindir', the last value of this option was used
[ 86%] Building CXX object CMakeFiles/lammps.dir/home/guest/palash/Granular-Chains-DEM/lammps/src/OPENMP/pair_morse_smooth_linear_omp.cpp.o
nvcc warning : incompatible redefinition for option 'compiler-bindir', the last value of this option was used
[ 86%] Building CXX object CMakeFiles/lammps.dir/home/guest/palash/Granular-Chains-DEM/lammps/src/OPENMP/pair_nm_cut_omp.cpp.o
nvcc warning : incompatible redefinition for option 'compiler-bindir', the last value of this option was used
[ 86%] Building CXX object CMakeFiles/lammps.dir/home/guest/palash/Granular-Chains-DEM/lammps/src/OPENMP/pair_nm_cut_coul_cut_omp.cpp.o
nvcc warning : incompatible redefinition for option 'compiler-bindir', the last value of this option was used
nvcc warning : incompatible redefinition for option 'compiler-bindir', the last value of this option was used
nvcc warning : incompatible redefinition for option 'compiler-bindir', the last value of this option was used
[ 86%] Building CXX object CMakeFiles/lammps.dir/home/guest/palash/Granular-Chains-DEM/lammps/src/OPENMP/pair_nm_cut_coul_long_omp.cpp.o
nvcc warning : incompatible redefinition for option 'compiler-bindir', the last value of this option was used
nvcc warning : incompatible redefinition for option 'compiler-bindir', the last value of this option was used
nvcc warning : incompatible redefinition for option 'compiler-bindir', the last value of this option was used
nvcc warning : incompatible redefinition for option 'compiler-bindir', the last value of this option was used
[ 86%] Building CXX object CMakeFiles/lammps.dir/home/guest/palash/Granular-Chains-DEM/lammps/src/OPENMP/pair_pedone_omp.cpp.o
nvcc warning : incompatible redefinition for option 'compiler-bindir', the last value of this option was used
nvcc warning : incompatible redefinition for option 'compiler-bindir', the last value of this option was used
nvcc warning : incompatible redefinition for option 'compiler-bindir', the last value of this option was used
nvcc warning : incompatible redefinition for option 'compiler-bindir', the last value of this option was used
[ 86%] Building CXX object CMakeFiles/lammps.dir/home/guest/palash/Granular-Chains-DEM/lammps/src/OPENMP/pair_ufm_omp.cpp.o
nvcc warning : incompatible redefinition for option 'compiler-bindir', the last value of this option was used
nvcc warning : incompatible redefinition for option 'compiler-bindir', the last value of this option was used
nvcc warning : incompatible redefinition for option 'compiler-bindir', the last value of this option was used
nvcc warning : incompatible redefinition for option 'compiler-bindir', the last value of this option was used
[ 86%] Building CXX object CMakeFiles/lammps.dir/home/guest/palash/Granular-Chains-DEM/lammps/src/OPENMP/pair_coul_cut_soft_omp.cpp.o
nvcc warning : incompatible redefinition for option 'compiler-bindir', the last value of this option was used
nvcc warning : incompatible redefinition for option 'compiler-bindir', the last value of this option was used
nvcc warning : incompatible redefinition for option 'compiler-bindir', the last value of this option was used
nvcc warning : incompatible redefinition for option 'compiler-bindir', the last value of this option was used
nvcc warning : incompatible redefinition for option 'compiler-bindir', the last value of this option was used
nvcc warning : incompatible redefinition for option 'compiler-bindir', the last value of this option was used
[ 86%] Building CXX object CMakeFiles/lammps.dir/home/guest/palash/Granular-Chains-DEM/lammps/src/OPENMP/pair_coul_long_soft_omp.cpp.o
[ 86%] Building CXX object CMakeFiles/lammps.dir/home/guest/palash/Granular-Chains-DEM/lammps/src/OPENMP/pair_lj_charmm_coul_long_soft_omp.cpp.o
[ 87%] Building CXX object CMakeFiles/lammps.dir/home/guest/palash/Granular-Chains-DEM/lammps/src/OPENMP/pair_lj_cut_coul_cut_soft_omp.cpp.o
[ 87%] Building CXX object CMakeFiles/lammps.dir/home/guest/palash/Granular-Chains-DEM/lammps/src/OPENMP/pair_lj_cut_coul_long_soft_omp.cpp.o
nvcc warning : incompatible redefinition for option 'compiler-bindir', the last value of this option was used
nvcc warning : incompatible redefinition for option 'compiler-bindir', the last value of this option was used
nvcc warning : incompatible redefinition for option 'compiler-bindir', the last value of this option was used
nvcc warning : incompatible redefinition for option 'compiler-bindir', the last value of this option was used
[ 87%] Building CXX object CMakeFiles/lammps.dir/home/guest/palash/Granular-Chains-DEM/lammps/src/OPENMP/pair_lj_cut_soft_omp.cpp.o
[ 87%] Building CXX object CMakeFiles/lammps.dir/home/guest/palash/Granular-Chains-DEM/lammps/src/OPENMP/pair_lj_cut_tip4p_long_soft_omp.cpp.o
nvcc warning : incompatible redefinition for option 'compiler-bindir', the last value of this option was used
[ 87%] Building CXX object CMakeFiles/lammps.dir/home/guest/palash/Granular-Chains-DEM/lammps/src/OPENMP/pair_tip4p_long_soft_omp.cpp.o
[ 87%] Building CXX object CMakeFiles/lammps.dir/home/guest/palash/Granular-Chains-DEM/lammps/src/OPENMP/pair_gran_hertz_history_omp.cpp.o
nvcc warning : incompatible redefinition for option 'compiler-bindir', the last value of this option was used
[ 87%] Building CXX object CMakeFiles/lammps.dir/home/guest/palash/Granular-Chains-DEM/lammps/src/OPENMP/pair_gran_hooke_omp.cpp.o
[ 87%] Building CXX object CMakeFiles/lammps.dir/home/guest/palash/Granular-Chains-DEM/lammps/src/OPENMP/pair_gran_hooke_history_omp.cpp.o
nvcc warning : incompatible redefinition for option 'compiler-bindir', the last value of this option was used
nvcc warning : incompatible redefinition for option 'compiler-bindir', the last value of this option was used
nvcc warning : incompatible redefinition for option 'compiler-bindir', the last value of this option was used
nvcc warning : incompatible redefinition for option 'compiler-bindir', the last value of this option was used
nvcc warning : incompatible redefinition for option 'compiler-bindir', the last value of this option was used
nvcc warning : incompatible redefinition for option 'compiler-bindir', the last value of this option was used
nvcc warning : incompatible redefinition for option 'compiler-bindir', the last value of this option was used
nvcc warning : incompatible redefinition for option 'compiler-bindir', the last value of this option was used
nvcc warning : incompatible redefinition for option 'compiler-bindir', the last value of this option was used
[ 87%] Building CXX object CMakeFiles/lammps.dir/home/guest/palash/Granular-Chains-DEM/lammps/src/OPENMP/pair_born_coul_long_omp.cpp.o
nvcc warning : incompatible redefinition for option 'compiler-bindir', the last value of this option was used
nvcc warning : incompatible redefinition for option 'compiler-bindir', the last value of this option was used
[ 87%] Building CXX object CMakeFiles/lammps.dir/home/guest/palash/Granular-Chains-DEM/lammps/src/OPENMP/pair_born_coul_msm_omp.cpp.o
nvcc warning : incompatible redefinition for option 'compiler-bindir', the last value of this option was used
nvcc warning : incompatible redefinition for option 'compiler-bindir', the last value of this option was used
[ 87%] Building CXX object CMakeFiles/lammps.dir/home/guest/palash/Granular-Chains-DEM/lammps/src/OPENMP/pair_buck_coul_long_omp.cpp.o
[ 87%] Building CXX object CMakeFiles/lammps.dir/home/guest/palash/Granular-Chains-DEM/lammps/src/OPENMP/pair_buck_coul_msm_omp.cpp.o
nvcc warning : incompatible redefinition for option 'compiler-bindir', the last value of this option was used
nvcc warning : incompatible redefinition for option 'compiler-bindir', the last value of this option was used
nvcc warning : incompatible redefinition for option 'compiler-bindir', the last value of this option was used
[ 87%] Building CXX object CMakeFiles/lammps.dir/home/guest/palash/Granular-Chains-DEM/lammps/src/OPENMP/pair_buck_long_coul_long_omp.cpp.o
nvcc warning : incompatible redefinition for option 'compiler-bindir', the last value of this option was used
nvcc warning : incompatible redefinition for option 'compiler-bindir', the last value of this option was used
nvcc warning : incompatible redefinition for option 'compiler-bindir', the last value of this option was used
[ 87%] Building CXX object CMakeFiles/lammps.dir/home/guest/palash/Granular-Chains-DEM/lammps/src/OPENMP/pair_coul_long_omp.cpp.o
nvcc warning : incompatible redefinition for option 'compiler-bindir', the last value of this option was used
[ 87%] Building CXX object CMakeFiles/lammps.dir/home/guest/palash/Granular-Chains-DEM/lammps/src/OPENMP/pair_coul_msm_omp.cpp.o
[ 87%] Building CXX object CMakeFiles/lammps.dir/home/guest/palash/Granular-Chains-DEM/lammps/src/OPENMP/pair_lj_charmm_coul_long_omp.cpp.o
[ 87%] Building CXX object CMakeFiles/lammps.dir/home/guest/palash/Granular-Chains-DEM/lammps/src/OPENMP/pair_lj_charmm_coul_msm_omp.cpp.o
nvcc warning : incompatible redefinition for option 'compiler-bindir', the last value of this option was used
nvcc warning : incompatible redefinition for option 'compiler-bindir', the last value of this option was used
nvcc warning : incompatible redefinition for option 'compiler-bindir', the last value of this option was used
nvcc warning : incompatible redefinition for option 'compiler-bindir', the last value of this option was used
nvcc warning : incompatible redefinition for option 'compiler-bindir', the last value of this option was used
nvcc warning : incompatible redefinition for option 'compiler-bindir', the last value of this option was used
nvcc warning : incompatible redefinition for option 'compiler-bindir', the last value of this option was used
nvcc warning : incompatible redefinition for option 'compiler-bindir', the last value of this option was used
[ 87%] Building CXX object CMakeFiles/lammps.dir/home/guest/palash/Granular-Chains-DEM/lammps/src/OPENMP/pair_lj_cut_coul_long_omp.cpp.o
nvcc warning : incompatible redefinition for option 'compiler-bindir', the last value of this option was used
[ 87%] Building CXX object CMakeFiles/lammps.dir/home/guest/palash/Granular-Chains-DEM/lammps/src/OPENMP/pair_lj_cut_coul_msm_omp.cpp.o
nvcc warning : incompatible redefinition for option 'compiler-bindir', the last value of this option was used
[ 88%] Building CXX object CMakeFiles/lammps.dir/home/guest/palash/Granular-Chains-DEM/lammps/src/OPENMP/pair_lj_cut_tip4p_long_omp.cpp.o
nvcc warning : incompatible redefinition for option 'compiler-bindir', the last value of this option was used
nvcc warning : incompatible redefinition for option 'compiler-bindir', the last value of this option was used
[ 88%] Building CXX object CMakeFiles/lammps.dir/home/guest/palash/Granular-Chains-DEM/lammps/src/OPENMP/pair_lj_long_coul_long_omp.cpp.o
nvcc warning : incompatible redefinition for option 'compiler-bindir', the last value of this option was used
nvcc warning : incompatible redefinition for option 'compiler-bindir', the last value of this option was used
[ 88%] Building CXX object CMakeFiles/lammps.dir/home/guest/palash/Granular-Chains-DEM/lammps/src/OPENMP/pair_lj_long_tip4p_long_omp.cpp.o
nvcc warning : incompatible redefinition for option 'compiler-bindir', the last value of this option was used
nvcc warning : incompatible redefinition for option 'compiler-bindir', the last value of this option was used
nvcc warning : incompatible redefinition for option 'compiler-bindir', the last value of this option was used
nvcc warning : incompatible redefinition for option 'compiler-bindir', the last value of this option was used
nvcc warning : incompatible redefinition for option 'compiler-bindir', the last value of this option was used
nvcc warning : incompatible redefinition for option 'compiler-bindir', the last value of this option was used
nvcc warning : incompatible redefinition for option 'compiler-bindir', the last value of this option was used
nvcc warning : incompatible redefinition for option 'compiler-bindir', the last value of this option was used
[ 88%] Building CXX object CMakeFiles/lammps.dir/home/guest/palash/Granular-Chains-DEM/lammps/src/OPENMP/pair_tip4p_long_omp.cpp.o
nvcc warning : incompatible redefinition for option 'compiler-bindir', the last value of this option was used
nvcc warning : incompatible redefinition for option 'compiler-bindir', the last value of this option was used
nvcc warning : incompatible redefinition for option 'compiler-bindir', the last value of this option was used
nvcc warning : incompatible redefinition for option 'compiler-bindir', the last value of this option was used
nvcc warning : incompatible redefinition for option 'compiler-bindir', the last value of this option was used
nvcc warning : incompatible redefinition for option 'compiler-bindir', the last value of this option was used
nvcc warning : incompatible redefinition for option 'compiler-bindir', the last value of this option was used
nvcc warning : incompatible redefinition for option 'compiler-bindir', the last value of this option was used
[ 88%] Building CXX object CMakeFiles/lammps.dir/home/guest/palash/Granular-Chains-DEM/lammps/src/OPENMP/pair_lepton_coul_omp.cpp.o
[ 88%] Building CXX object CMakeFiles/lammps.dir/home/guest/palash/Granular-Chains-DEM/lammps/src/OPENMP/pair_lepton_omp.cpp.o
[ 88%] Building CXX object CMakeFiles/lammps.dir/home/guest/palash/Granular-Chains-DEM/lammps/src/OPENMP/pair_lepton_sphere_omp.cpp.o
nvcc warning : incompatible redefinition for option 'compiler-bindir', the last value of this option was used
nvcc warning : incompatible redefinition for option 'compiler-bindir', the last value of this option was used
[ 88%] Building CXX object CMakeFiles/lammps.dir/home/guest/palash/Granular-Chains-DEM/lammps/src/OPENMP/pair_adp_omp.cpp.o
nvcc warning : incompatible redefinition for option 'compiler-bindir', the last value of this option was used
[ 88%] Building CXX object CMakeFiles/lammps.dir/home/guest/palash/Granular-Chains-DEM/lammps/src/OPENMP/pair_airebo_omp.cpp.o
[ 88%] Building CXX object CMakeFiles/lammps.dir/home/guest/palash/Granular-Chains-DEM/lammps/src/OPENMP/pair_airebo_morse_omp.cpp.o
nvcc warning : incompatible redefinition for option 'compiler-bindir', the last value of this option was used
[ 88%] Building CXX object CMakeFiles/lammps.dir/home/guest/palash/Granular-Chains-DEM/lammps/src/OPENMP/pair_comb_omp.cpp.o
[ 88%] Building CXX object CMakeFiles/lammps.dir/home/guest/palash/Granular-Chains-DEM/lammps/src/OPENMP/pair_eam_omp.cpp.o
nvcc warning : incompatible redefinition for option 'compiler-bindir', the last value of this option was used
nvcc warning : incompatible redefinition for option 'compiler-bindir', the last value of this option was used
nvcc warning : incompatible redefinition for option 'compiler-bindir', the last value of this option was used
nvcc warning : incompatible redefinition for option 'compiler-bindir', the last value of this option was used
nvcc warning : incompatible redefinition for option 'compiler-bindir', the last value of this option was used
nvcc warning : incompatible redefinition for option 'compiler-bindir', the last value of this option was used
nvcc warning : incompatible redefinition for option 'compiler-bindir', the last value of this option was used
nvcc warning : incompatible redefinition for option 'compiler-bindir', the last value of this option was used
[ 88%] Building CXX object CMakeFiles/lammps.dir/home/guest/palash/Granular-Chains-DEM/lammps/src/OPENMP/pair_eam_alloy_omp.cpp.o
nvcc warning : incompatible redefinition for option 'compiler-bindir', the last value of this option was used
nvcc warning : incompatible redefinition for option 'compiler-bindir', the last value of this option was used
nvcc warning : incompatible redefinition for option 'compiler-bindir', the last value of this option was used
nvcc warning : incompatible redefinition for option 'compiler-bindir', the last value of this option was used
nvcc warning : incompatible redefinition for option 'compiler-bindir', the last value of this option was used
nvcc warning : incompatible redefinition for option 'compiler-bindir', the last value of this option was used
[ 88%] Building CXX object CMakeFiles/lammps.dir/home/guest/palash/Granular-Chains-DEM/lammps/src/OPENMP/pair_eam_fs_omp.cpp.o
nvcc warning : incompatible redefinition for option 'compiler-bindir', the last value of this option was used
[ 88%] Building CXX object CMakeFiles/lammps.dir/home/guest/palash/Granular-Chains-DEM/lammps/src/OPENMP/pair_edip_omp.cpp.o
[ 88%] Building CXX object CMakeFiles/lammps.dir/home/guest/palash/Granular-Chains-DEM/lammps/src/OPENMP/pair_eim_omp.cpp.o
[ 88%] Building CXX object CMakeFiles/lammps.dir/home/guest/palash/Granular-Chains-DEM/lammps/src/OPENMP/pair_meam_spline_omp.cpp.o
nvcc warning : incompatible redefinition for option 'compiler-bindir', the last value of this option was used
nvcc warning : incompatible redefinition for option 'compiler-bindir', the last value of this option was used
nvcc warning : incompatible redefinition for option 'compiler-bindir', the last value of this option was used
nvcc warning : incompatible redefinition for option 'compiler-bindir', the last value of this option was used
[ 88%] Building CXX object CMakeFiles/lammps.dir/home/guest/palash/Granular-Chains-DEM/lammps/src/OPENMP/pair_rebo_omp.cpp.o
nvcc warning : incompatible redefinition for option 'compiler-bindir', the last value of this option was used
[ 88%] Building CXX object CMakeFiles/lammps.dir/home/guest/palash/Granular-Chains-DEM/lammps/src/OPENMP/pair_rebomos_omp.cpp.o
nvcc warning : incompatible redefinition for option 'compiler-bindir', the last value of this option was used
[ 89%] Building CXX object CMakeFiles/lammps.dir/home/guest/palash/Granular-Chains-DEM/lammps/src/OPENMP/pair_sw_omp.cpp.o
[ 89%] Building CXX object CMakeFiles/lammps.dir/home/guest/palash/Granular-Chains-DEM/lammps/src/OPENMP/pair_sw_mod_omp.cpp.o
nvcc warning : incompatible redefinition for option 'compiler-bindir', the last value of this option was used
nvcc warning : incompatible redefinition for option 'compiler-bindir', the last value of this option was used
[ 89%] Building CXX object CMakeFiles/lammps.dir/home/guest/palash/Granular-Chains-DEM/lammps/src/OPENMP/pair_tersoff_omp.cpp.o
nvcc warning : incompatible redefinition for option 'compiler-bindir', the last value of this option was used
nvcc warning : incompatible redefinition for option 'compiler-bindir', the last value of this option was used
[ 89%] Building CXX object CMakeFiles/lammps.dir/home/guest/palash/Granular-Chains-DEM/lammps/src/OPENMP/pair_tersoff_mod_omp.cpp.o
nvcc warning : incompatible redefinition for option 'compiler-bindir', the last value of this option was used
nvcc warning : incompatible redefinition for option 'compiler-bindir', the last value of this option was used
nvcc warning : incompatible redefinition for option 'compiler-bindir', the last value of this option was used
[ 89%] Building CXX object CMakeFiles/lammps.dir/home/guest/palash/Granular-Chains-DEM/lammps/src/OPENMP/pair_tersoff_mod_c_omp.cpp.o
nvcc warning : incompatible redefinition for option 'compiler-bindir', the last value of this option was used
nvcc warning : incompatible redefinition for option 'compiler-bindir', the last value of this option was used
nvcc warning : incompatible redefinition for option 'compiler-bindir', the last value of this option was used
nvcc warning : incompatible redefinition for option 'compiler-bindir', the last value of this option was used
nvcc warning : incompatible redefinition for option 'compiler-bindir', the last value of this option was used
[ 89%] Building CXX object CMakeFiles/lammps.dir/home/guest/palash/Granular-Chains-DEM/lammps/src/OPENMP/pair_tersoff_table_omp.cpp.o
nvcc warning : incompatible redefinition for option 'compiler-bindir', the last value of this option was used
nvcc warning : incompatible redefinition for option 'compiler-bindir', the last value of this option was used
[ 89%] Building CXX object CMakeFiles/lammps.dir/home/guest/palash/Granular-Chains-DEM/lammps/src/OPENMP/pair_tersoff_zbl_omp.cpp.o
[ 89%] Building CXX object CMakeFiles/lammps.dir/home/guest/palash/Granular-Chains-DEM/lammps/src/OPENMP/pair_vashishta_omp.cpp.o
nvcc warning : incompatible redefinition for option 'compiler-bindir', the last value of this option was used
[ 89%] Building CXX object CMakeFiles/lammps.dir/home/guest/palash/Granular-Chains-DEM/lammps/src/OPENMP/pair_vashishta_table_omp.cpp.o
nvcc warning : incompatible redefinition for option 'compiler-bindir', the last value of this option was used
[ 89%] Building CXX object CMakeFiles/lammps.dir/home/guest/palash/Granular-Chains-DEM/lammps/src/OPENMP/pair_agni_omp.cpp.o
[ 89%] Building CXX object CMakeFiles/lammps.dir/home/guest/palash/Granular-Chains-DEM/lammps/src/OPENMP/pair_hbond_dreiding_lj_omp.cpp.o
nvcc warning : incompatible redefinition for option 'compiler-bindir', the last value of this option was used
nvcc warning : incompatible redefinition for option 'compiler-bindir', the last value of this option was used
[ 89%] Building CXX object CMakeFiles/lammps.dir/home/guest/palash/Granular-Chains-DEM/lammps/src/OPENMP/pair_hbond_dreiding_morse_omp.cpp.o
nvcc warning : incompatible redefinition for option 'compiler-bindir', the last value of this option was used
[ 89%] Building CXX object CMakeFiles/lammps.dir/home/guest/palash/Granular-Chains-DEM/lammps/src/OPENMP/pair_lj_charmm_coul_charmm_omp.cpp.o
nvcc warning : incompatible redefinition for option 'compiler-bindir', the last value of this option was used
[ 89%] Building CXX object CMakeFiles/lammps.dir/home/guest/palash/Granular-Chains-DEM/lammps/src/OPENMP/pair_lj_charmm_coul_charmm_implicit_omp.cpp.o
nvcc warning : incompatible redefinition for option 'compiler-bindir', the last value of this option was used
nvcc warning : incompatible redefinition for option 'compiler-bindir', the last value of this option was used
[ 89%] Building CXX object CMakeFiles/lammps.dir/home/guest/palash/Granular-Chains-DEM/lammps/src/OPENMP/pair_lj_cut_tip4p_cut_omp.cpp.o
nvcc warning : incompatible redefinition for option 'compiler-bindir', the last value of this option was used
[ 89%] Building CXX object CMakeFiles/lammps.dir/home/guest/palash/Granular-Chains-DEM/lammps/src/OPENMP/pair_tip4p_cut_omp.cpp.o
nvcc warning : incompatible redefinition for option 'compiler-bindir', the last value of this option was used
[ 89%] Building CXX object CMakeFiles/lammps.dir/home/guest/palash/Granular-Chains-DEM/lammps/src/OPENMP/pair_peri_lps_omp.cpp.o
nvcc warning : incompatible redefinition for option 'compiler-bindir', the last value of this option was used
nvcc warning : incompatible redefinition for option 'compiler-bindir', the last value of this option was used
nvcc warning : incompatible redefinition for option 'compiler-bindir', the last value of this option was used
nvcc warning : incompatible redefinition for option 'compiler-bindir', the last value of this option was used
[ 89%] Building CXX object CMakeFiles/lammps.dir/home/guest/palash/Granular-Chains-DEM/lammps/src/OPENMP/pair_peri_pmb_omp.cpp.o
nvcc warning : incompatible redefinition for option 'compiler-bindir', the last value of this option was used
nvcc warning : incompatible redefinition for option 'compiler-bindir', the last value of this option was used
nvcc warning : incompatible redefinition for option 'compiler-bindir', the last value of this option was used
nvcc warning : incompatible redefinition for option 'compiler-bindir', the last value of this option was used
nvcc warning : incompatible redefinition for option 'compiler-bindir', the last value of this option was used
[ 89%] Building CXX object CMakeFiles/lammps.dir/home/guest/palash/Granular-Chains-DEM/lammps/src/OPENMP/pair_reaxff_omp.cpp.o
[ 90%] Building CXX object CMakeFiles/lammps.dir/home/guest/palash/Granular-Chains-DEM/lammps/src/OPENMP/fix_nh_asphere_omp.cpp.o
[ 90%] Building CXX object CMakeFiles/lammps.dir/home/guest/palash/Granular-Chains-DEM/lammps/src/OPENMP/fix_rigid_nh_omp.cpp.o
nvcc warning : incompatible redefinition for option 'compiler-bindir', the last value of this option was used
nvcc warning : incompatible redefinition for option 'compiler-bindir', the last value of this option was used
nvcc warning : incompatible redefinition for option 'compiler-bindir', the last value of this option was used
[ 90%] Building CXX object CMakeFiles/lammps.dir/home/guest/palash/Granular-Chains-DEM/lammps/src/OPENMP/reaxff_bond_orders_omp.cpp.o
[ 90%] Building CXX object CMakeFiles/lammps.dir/home/guest/palash/Granular-Chains-DEM/lammps/src/OPENMP/reaxff_hydrogen_bonds_omp.cpp.o
[ 90%] Building CXX object CMakeFiles/lammps.dir/home/guest/palash/Granular-Chains-DEM/lammps/src/OPENMP/reaxff_nonbonded_omp.cpp.o
nvcc warning : incompatible redefinition for option 'compiler-bindir', the last value of this option was used
nvcc warning : incompatible redefinition for option 'compiler-bindir', the last value of this option was used
nvcc warning : incompatible redefinition for option 'compiler-bindir', the last value of this option was used
nvcc warning : incompatible redefinition for option 'compiler-bindir', the last value of this option was used
nvcc warning : incompatible redefinition for option 'compiler-bindir', the last value of this option was used
nvcc warning : incompatible redefinition for option 'compiler-bindir', the last value of this option was used
[ 90%] Building CXX object CMakeFiles/lammps.dir/home/guest/palash/Granular-Chains-DEM/lammps/src/OPENMP/reaxff_bonds_omp.cpp.o
nvcc warning : incompatible redefinition for option 'compiler-bindir', the last value of this option was used
[ 90%] Building CXX object CMakeFiles/lammps.dir/home/guest/palash/Granular-Chains-DEM/lammps/src/OPENMP/reaxff_init_md_omp.cpp.o
[ 90%] Building CXX object CMakeFiles/lammps.dir/home/guest/palash/Granular-Chains-DEM/lammps/src/OPENMP/reaxff_torsion_angles_omp.cpp.o
[ 90%] Building CXX object CMakeFiles/lammps.dir/home/guest/palash/Granular-Chains-DEM/lammps/src/OPENMP/reaxff_forces_omp.cpp.o
nvcc warning : incompatible redefinition for option 'compiler-bindir', the last value of this option was used
[ 90%] Building CXX object CMakeFiles/lammps.dir/home/guest/palash/Granular-Chains-DEM/lammps/src/OPENMP/reaxff_multi_body_omp.cpp.o
nvcc warning : incompatible redefinition for option 'compiler-bindir', the last value of this option was used
nvcc warning : incompatible redefinition for option 'compiler-bindir', the last value of this option was used
nvcc warning : incompatible redefinition for option 'compiler-bindir', the last value of this option was used
nvcc warning : incompatible redefinition for option 'compiler-bindir', the last value of this option was used
nvcc warning : incompatible redefinition for option 'compiler-bindir', the last value of this option was used
nvcc warning : incompatible redefinition for option 'compiler-bindir', the last value of this option was used
nvcc warning : incompatible redefinition for option 'compiler-bindir', the last value of this option was used
nvcc warning : incompatible redefinition for option 'compiler-bindir', the last value of this option was used
nvcc warning : incompatible redefinition for option 'compiler-bindir', the last value of this option was used
[ 90%] Building CXX object CMakeFiles/lammps.dir/home/guest/palash/Granular-Chains-DEM/lammps/src/OPENMP/reaxff_valence_angles_omp.cpp.o
nvcc warning : incompatible redefinition for option 'compiler-bindir', the last value of this option was used
nvcc warning : incompatible redefinition for option 'compiler-bindir', the last value of this option was used
nvcc warning : incompatible redefinition for option 'compiler-bindir', the last value of this option was used
[ 90%] Building CXX object CMakeFiles/lammps.dir/home/guest/palash/Granular-Chains-DEM/lammps/src/KOKKOS/kokkos.cpp.o
nvcc warning : incompatible redefinition for option 'compiler-bindir', the last value of this option was used
nvcc warning : incompatible redefinition for option 'compiler-bindir', the last value of this option was used
[ 90%] Building CXX object CMakeFiles/lammps.dir/home/guest/palash/Granular-Chains-DEM/lammps/src/KOKKOS/atom_kokkos.cpp.o
[ 90%] Building CXX object CMakeFiles/lammps.dir/home/guest/palash/Granular-Chains-DEM/lammps/src/KOKKOS/atom_map_kokkos.cpp.o
[ 90%] Building CXX object CMakeFiles/lammps.dir/home/guest/palash/Granular-Chains-DEM/lammps/src/KOKKOS/atom_vec_kokkos.cpp.o
nvcc warning : incompatible redefinition for option 'compiler-bindir', the last value of this option was used
nvcc warning : incompatible redefinition for option 'compiler-bindir', the last value of this option was used
[ 90%] Building CXX object CMakeFiles/lammps.dir/home/guest/palash/Granular-Chains-DEM/lammps/src/KOKKOS/comm_kokkos.cpp.o
nvcc warning : incompatible redefinition for option 'compiler-bindir', the last value of this option was used
[ 90%] Building CXX object CMakeFiles/lammps.dir/home/guest/palash/Granular-Chains-DEM/lammps/src/KOKKOS/comm_tiled_kokkos.cpp.o
nvcc warning : incompatible redefinition for option 'compiler-bindir', the last value of this option was used
nvcc warning : incompatible redefinition for option 'compiler-bindir', the last value of this option was used
nvcc warning : incompatible redefinition for option 'compiler-bindir', the last value of this option was used
nvcc warning : incompatible redefinition for option 'compiler-bindir', the last value of this option was used
[ 90%] Building CXX object CMakeFiles/lammps.dir/home/guest/palash/Granular-Chains-DEM/lammps/src/KOKKOS/min_kokkos.cpp.o
nvcc warning : incompatible redefinition for option 'compiler-bindir', the last value of this option was used
[ 90%] Building CXX object CMakeFiles/lammps.dir/home/guest/palash/Granular-Chains-DEM/lammps/src/KOKKOS/min_linesearch_kokkos.cpp.o
nvcc warning : incompatible redefinition for option 'compiler-bindir', the last value of this option was used
nvcc warning : incompatible redefinition for option 'compiler-bindir', the last value of this option was used
nvcc warning : incompatible redefinition for option 'compiler-bindir', the last value of this option was used
nvcc warning : incompatible redefinition for option 'compiler-bindir', the last value of this option was used
[ 91%] Building CXX object CMakeFiles/lammps.dir/home/guest/palash/Granular-Chains-DEM/lammps/src/KOKKOS/neighbor_kokkos.cpp.o
[ 91%] Building CXX object CMakeFiles/lammps.dir/home/guest/palash/Granular-Chains-DEM/lammps/src/KOKKOS/neigh_list_kokkos.cpp.o
nvcc warning : incompatible redefinition for option 'compiler-bindir', the last value of this option was used
nvcc warning : incompatible redefinition for option 'compiler-bindir', the last value of this option was used
[ 91%] Building CXX object CMakeFiles/lammps.dir/home/guest/palash/Granular-Chains-DEM/lammps/src/KOKKOS/neigh_bond_kokkos.cpp.o
nvcc warning : incompatible redefinition for option 'compiler-bindir', the last value of this option was used
[ 91%] Building CXX object CMakeFiles/lammps.dir/home/guest/palash/Granular-Chains-DEM/lammps/src/KOKKOS/fix_nh_kokkos.cpp.o
[ 91%] Building CXX object CMakeFiles/lammps.dir/home/guest/palash/Granular-Chains-DEM/lammps/src/KOKKOS/nbin_kokkos.cpp.o
nvcc warning : incompatible redefinition for option 'compiler-bindir', the last value of this option was used
nvcc warning : incompatible redefinition for option 'compiler-bindir', the last value of this option was used
nvcc warning : incompatible redefinition for option 'compiler-bindir', the last value of this option was used
nvcc warning : incompatible redefinition for option 'compiler-bindir', the last value of this option was used
[ 91%] Building CXX object CMakeFiles/lammps.dir/home/guest/palash/Granular-Chains-DEM/lammps/src/KOKKOS/npair_kokkos.cpp.o
nvcc warning : incompatible redefinition for option 'compiler-bindir', the last value of this option was used
nvcc warning : incompatible redefinition for option 'compiler-bindir', the last value of this option was used
nvcc warning : incompatible redefinition for option 'compiler-bindir', the last value of this option was used
nvcc warning : incompatible redefinition for option 'compiler-bindir', the last value of this option was used
[ 91%] Building CXX object CMakeFiles/lammps.dir/home/guest/palash/Granular-Chains-DEM/lammps/src/KOKKOS/npair_halffull_kokkos.cpp.o
nvcc warning : incompatible redefinition for option 'compiler-bindir', the last value of this option was used
nvcc warning : incompatible redefinition for option 'compiler-bindir', the last value of this option was used
nvcc warning : incompatible redefinition for option 'compiler-bindir', the last value of this option was used
nvcc warning : incompatible redefinition for option 'compiler-bindir', the last value of this option was used
nvcc warning : incompatible redefinition for option 'compiler-bindir', the last value of this option was used
nvcc warning : incompatible redefinition for option 'compiler-bindir', the last value of this option was used
nvcc warning : incompatible redefinition for option 'compiler-bindir', the last value of this option was used
nvcc warning : incompatible redefinition for option 'compiler-bindir', the last value of this option was used
[ 91%] Building CXX object CMakeFiles/lammps.dir/home/guest/palash/Granular-Chains-DEM/lammps/src/KOKKOS/domain_kokkos.cpp.o
nvcc warning : incompatible redefinition for option 'compiler-bindir', the last value of this option was used
nvcc warning : incompatible redefinition for option 'compiler-bindir', the last value of this option was used
nvcc warning : incompatible redefinition for option 'compiler-bindir', the last value of this option was used
[ 91%] Building CXX object CMakeFiles/lammps.dir/home/guest/palash/Granular-Chains-DEM/lammps/src/KOKKOS/modify_kokkos.cpp.o
nvcc warning : incompatible redefinition for option 'compiler-bindir', the last value of this option was used
nvcc warning : incompatible redefinition for option 'compiler-bindir', the last value of this option was used
nvcc warning : incompatible redefinition for option 'compiler-bindir', the last value of this option was used
nvcc warning : incompatible redefinition for option 'compiler-bindir', the last value of this option was used
nvcc warning : incompatible redefinition for option 'compiler-bindir', the last value of this option was used
nvcc warning : incompatible redefinition for option 'compiler-bindir', the last value of this option was used
nvcc warning : incompatible redefinition for option 'compiler-bindir', the last value of this option was used
[ 91%] Building CXX object CMakeFiles/lammps.dir/home/guest/palash/Granular-Chains-DEM/lammps/src/KOKKOS/fix_wall_gran_old.cpp.o
[ 91%] Building CXX object CMakeFiles/lammps.dir/home/guest/palash/Granular-Chains-DEM/lammps/src/KOKKOS/fft3d_kokkos.cpp.o
[ 91%] Building CXX object CMakeFiles/lammps.dir/home/guest/palash/Granular-Chains-DEM/lammps/src/KOKKOS/grid3d_kokkos.cpp.o
nvcc warning : incompatible redefinition for option 'compiler-bindir', the last value of this option was used
nvcc warning : incompatible redefinition for option 'compiler-bindir', the last value of this option was used
[ 91%] Building CXX object CMakeFiles/lammps.dir/home/guest/palash/Granular-Chains-DEM/lammps/src/KOKKOS/remap_kokkos.cpp.o
nvcc warning : incompatible redefinition for option 'compiler-bindir', the last value of this option was used
[ 91%] Building CXX object CMakeFiles/lammps.dir/home/guest/palash/Granular-Chains-DEM/lammps/src/KOKKOS/mliap_data_kokkos.cpp.o
[ 91%] Building CXX object CMakeFiles/lammps.dir/home/guest/palash/Granular-Chains-DEM/lammps/src/KOKKOS/mliap_descriptor_so3_kokkos.cpp.o
nvcc warning : incompatible redefinition for option 'compiler-bindir', the last value of this option was used
[ 91%] Building CXX object CMakeFiles/lammps.dir/home/guest/palash/Granular-Chains-DEM/lammps/src/KOKKOS/mliap_model_linear_kokkos.cpp.o
nvcc warning : incompatible redefinition for option 'compiler-bindir', the last value of this option was used
nvcc warning : incompatible redefinition for option 'compiler-bindir', the last value of this option was used
nvcc warning : incompatible redefinition for option 'compiler-bindir', the last value of this option was used
nvcc warning : incompatible redefinition for option 'compiler-bindir', the last value of this option was used
[ 91%] Building CXX object CMakeFiles/lammps.dir/home/guest/palash/Granular-Chains-DEM/lammps/src/KOKKOS/mliap_model_python_kokkos.cpp.o
[ 91%] Building CXX object CMakeFiles/lammps.dir/home/guest/palash/Granular-Chains-DEM/lammps/src/KOKKOS/mliap_unified_kokkos.cpp.o
nvcc warning : incompatible redefinition for option 'compiler-bindir', the last value of this option was used
nvcc warning : incompatible redefinition for option 'compiler-bindir', the last value of this option was used
nvcc warning : incompatible redefinition for option 'compiler-bindir', the last value of this option was used
[ 91%] Building CXX object CMakeFiles/lammps.dir/home/guest/palash/Granular-Chains-DEM/lammps/src/KOKKOS/mliap_so3_kokkos.cpp.o
[ 91%] Building CXX object CMakeFiles/lammps.dir/home/guest/palash/Granular-Chains-DEM/lammps/src/KOKKOS/dynamical_matrix_kokkos.cpp.o
nvcc warning : incompatible redefinition for option 'compiler-bindir', the last value of this option was used
[ 92%] Building CXX object CMakeFiles/lammps.dir/home/guest/palash/Granular-Chains-DEM/lammps/src/KOKKOS/third_order_kokkos.cpp.o
[ 92%] Building CXX object CMakeFiles/lammps.dir/home/guest/palash/Granular-Chains-DEM/lammps/src/KOKKOS/angle_hybrid_kokkos.cpp.o
nvcc warning : incompatible redefinition for option 'compiler-bindir', the last value of this option was used
nvcc warning : incompatible redefinition for option 'compiler-bindir', the last value of this option was used
[ 92%] Building CXX object CMakeFiles/lammps.dir/home/guest/palash/Granular-Chains-DEM/lammps/src/KOKKOS/angle_spica_kokkos.cpp.o
nvcc warning : incompatible redefinition for option 'compiler-bindir', the last value of this option was used
[ 92%] Building CXX object CMakeFiles/lammps.dir/home/guest/palash/Granular-Chains-DEM/lammps/src/KOKKOS/angle_class2_kokkos.cpp.o
nvcc warning : incompatible redefinition for option 'compiler-bindir', the last value of this option was used
[ 92%] Building CXX object CMakeFiles/lammps.dir/home/guest/palash/Granular-Chains-DEM/lammps/src/KOKKOS/angle_charmm_kokkos.cpp.o
nvcc warning : incompatible redefinition for option 'compiler-bindir', the last value of this option was used
nvcc warning : incompatible redefinition for option 'compiler-bindir', the last value of this option was used
nvcc warning : incompatible redefinition for option 'compiler-bindir', the last value of this option was used
nvcc warning : incompatible redefinition for option 'compiler-bindir', the last value of this option was used
nvcc warning : incompatible redefinition for option 'compiler-bindir', the last value of this option was used
nvcc warning : incompatible redefinition for option 'compiler-bindir', the last value of this option was used
[ 92%] Building CXX object CMakeFiles/lammps.dir/home/guest/palash/Granular-Chains-DEM/lammps/src/KOKKOS/angle_cosine_kokkos.cpp.o
nvcc warning : incompatible redefinition for option 'compiler-bindir', the last value of this option was used
nvcc warning : incompatible redefinition for option 'compiler-bindir', the last value of this option was used
nvcc warning : incompatible redefinition for option 'compiler-bindir', the last value of this option was used
nvcc warning : incompatible redefinition for option 'compiler-bindir', the last value of this option was used
[ 92%] Building CXX object CMakeFiles/lammps.dir/home/guest/palash/Granular-Chains-DEM/lammps/src/KOKKOS/angle_harmonic_kokkos.cpp.o
nvcc warning : incompatible redefinition for option 'compiler-bindir', the last value of this option was used
nvcc warning : incompatible redefinition for option 'compiler-bindir', the last value of this option was used
[ 92%] Building CXX object CMakeFiles/lammps.dir/home/guest/palash/Granular-Chains-DEM/lammps/src/KOKKOS/atom_vec_atomic_kokkos.cpp.o
[ 92%] Building CXX object CMakeFiles/lammps.dir/home/guest/palash/Granular-Chains-DEM/lammps/src/KOKKOS/atom_vec_charge_kokkos.cpp.o
nvcc warning : incompatible redefinition for option 'compiler-bindir', the last value of this option was used
nvcc warning : incompatible redefinition for option 'compiler-bindir', the last value of this option was used
[ 92%] Building CXX object CMakeFiles/lammps.dir/home/guest/palash/Granular-Chains-DEM/lammps/src/KOKKOS/atom_vec_hybrid_kokkos.cpp.o
[ 92%] Building CXX object CMakeFiles/lammps.dir/home/guest/palash/Granular-Chains-DEM/lammps/src/KOKKOS/atom_vec_sphere_kokkos.cpp.o
nvcc warning : incompatible redefinition for option 'compiler-bindir', the last value of this option was used
nvcc warning : incompatible redefinition for option 'compiler-bindir', the last value of this option was used
[ 92%] Building CXX object CMakeFiles/lammps.dir/home/guest/palash/Granular-Chains-DEM/lammps/src/KOKKOS/atom_vec_dipole_kokkos.cpp.o
nvcc warning : incompatible redefinition for option 'compiler-bindir', the last value of this option was used
nvcc warning : incompatible redefinition for option 'compiler-bindir', the last value of this option was used
nvcc warning : incompatible redefinition for option 'compiler-bindir', the last value of this option was used
[ 92%] Building CXX object CMakeFiles/lammps.dir/home/guest/palash/Granular-Chains-DEM/lammps/src/KOKKOS/atom_vec_dpd_kokkos.cpp.o
nvcc warning : incompatible redefinition for option 'compiler-bindir', the last value of this option was used
nvcc warning : incompatible redefinition for option 'compiler-bindir', the last value of this option was used
[ 92%] Building CXX object CMakeFiles/lammps.dir/home/guest/palash/Granular-Chains-DEM/lammps/src/KOKKOS/atom_vec_angle_kokkos.cpp.o
nvcc warning : incompatible redefinition for option 'compiler-bindir', the last value of this option was used
[ 92%] Building CXX object CMakeFiles/lammps.dir/home/guest/palash/Granular-Chains-DEM/lammps/src/KOKKOS/atom_vec_bond_kokkos.cpp.o
[ 92%] Building CXX object CMakeFiles/lammps.dir/home/guest/palash/Granular-Chains-DEM/lammps/src/KOKKOS/atom_vec_full_kokkos.cpp.o
[ 92%] Building CXX object CMakeFiles/lammps.dir/home/guest/palash/Granular-Chains-DEM/lammps/src/KOKKOS/atom_vec_molecular_kokkos.cpp.o
[ 92%] Building CXX object CMakeFiles/lammps.dir/home/guest/palash/Granular-Chains-DEM/lammps/src/KOKKOS/atom_vec_spin_kokkos.cpp.o
nvcc warning : incompatible redefinition for option 'compiler-bindir', the last value of this option was used
nvcc warning : incompatible redefinition for option 'compiler-bindir', the last value of this option was used
nvcc warning : incompatible redefinition for option 'compiler-bindir', the last value of this option was used
nvcc warning : incompatible redefinition for option 'compiler-bindir', the last value of this option was used
nvcc warning : incompatible redefinition for option 'compiler-bindir', the last value of this option was used
[ 92%] Building CXX object CMakeFiles/lammps.dir/home/guest/palash/Granular-Chains-DEM/lammps/src/KOKKOS/bond_hybrid_kokkos.cpp.o
nvcc warning : incompatible redefinition for option 'compiler-bindir', the last value of this option was used
nvcc warning : incompatible redefinition for option 'compiler-bindir', the last value of this option was used
[ 93%] Building CXX object CMakeFiles/lammps.dir/home/guest/palash/Granular-Chains-DEM/lammps/src/KOKKOS/bond_class2_kokkos.cpp.o
nvcc warning : incompatible redefinition for option 'compiler-bindir', the last value of this option was used
nvcc warning : incompatible redefinition for option 'compiler-bindir', the last value of this option was used
nvcc warning : incompatible redefinition for option 'compiler-bindir', the last value of this option was used
[ 93%] Building CXX object CMakeFiles/lammps.dir/home/guest/palash/Granular-Chains-DEM/lammps/src/KOKKOS/bond_fene_kokkos.cpp.o
nvcc warning : incompatible redefinition for option 'compiler-bindir', the last value of this option was used
[ 93%] Building CXX object CMakeFiles/lammps.dir/home/guest/palash/Granular-Chains-DEM/lammps/src/KOKKOS/bond_harmonic_kokkos.cpp.o
nvcc warning : incompatible redefinition for option 'compiler-bindir', the last value of this option was used
nvcc warning : incompatible redefinition for option 'compiler-bindir', the last value of this option was used
nvcc warning : incompatible redefinition for option 'compiler-bindir', the last value of this option was used
nvcc warning : incompatible redefinition for option 'compiler-bindir', the last value of this option was used
[ 93%] Building CXX object CMakeFiles/lammps.dir/home/guest/palash/Granular-Chains-DEM/lammps/src/KOKKOS/compute_coord_atom_kokkos.cpp.o
nvcc warning : incompatible redefinition for option 'compiler-bindir', the last value of this option was used
nvcc warning : incompatible redefinition for option 'compiler-bindir', the last value of this option was used
[ 93%] Building CXX object CMakeFiles/lammps.dir/home/guest/palash/Granular-Chains-DEM/lammps/src/KOKKOS/compute_erotate_sphere_kokkos.cpp.o
nvcc warning : incompatible redefinition for option 'compiler-bindir', the last value of this option was used
[ 93%] Building CXX object CMakeFiles/lammps.dir/home/guest/palash/Granular-Chains-DEM/lammps/src/KOKKOS/compute_orientorder_atom_kokkos.cpp.o
nvcc warning : incompatible redefinition for option 'compiler-bindir', the last value of this option was used
[ 93%] Building CXX object CMakeFiles/lammps.dir/home/guest/palash/Granular-Chains-DEM/lammps/src/KOKKOS/compute_temp_kokkos.cpp.o
nvcc warning : incompatible redefinition for option 'compiler-bindir', the last value of this option was used
nvcc warning : incompatible redefinition for option 'compiler-bindir', the last value of this option was used
[ 93%] Building CXX object CMakeFiles/lammps.dir/home/guest/palash/Granular-Chains-DEM/lammps/src/KOKKOS/compute_temp_deform_kokkos.cpp.o
nvcc warning : incompatible redefinition for option 'compiler-bindir', the last value of this option was used
nvcc warning : incompatible redefinition for option 'compiler-bindir', the last value of this option was used
[ 93%] Building CXX object CMakeFiles/lammps.dir/home/guest/palash/Granular-Chains-DEM/lammps/src/KOKKOS/compute_ave_sphere_atom_kokkos.cpp.o
nvcc warning : incompatible redefinition for option 'compiler-bindir', the last value of this option was used
/home/guest/palash/Granular-Chains-DEM/lammps/src/KOKKOS/fft3d_kokkos.cpp(44): warning #177-D: variable "ngpus" was declared but never referenced
    int ngpus = lmp->kokkos->ngpus;
        ^

Remark: The warnings can be suppressed with "-diag-suppress <warning-number>"

/home/guest/palash/Granular-Chains-DEM/lammps/src/KOKKOS/fft3d_kokkos.cpp(45): warning #177-D: variable "execution_space" was declared but never referenced
    ExecutionSpace execution_space = ExecutionSpaceFromDevice<DeviceType>::space;
                   ^

ptxas warning : Stack size for entry function '_ZN6Kokkos4Impl33cuda_parallel_launch_local_memoryINS0_11ParallelForI16kiss_fft_functorINS_4CudaEENS_11RangePolicyIJS4_EEES4_EEEEvT_' cannot be statically determined
nvcc warning : incompatible redefinition for option 'compiler-bindir', the last value of this option was used
nvcc warning : incompatible redefinition for option 'compiler-bindir', the last value of this option was used
[ 93%] Building CXX object CMakeFiles/lammps.dir/home/guest/palash/Granular-Chains-DEM/lammps/src/KOKKOS/compute_composition_atom_kokkos.cpp.o
nvcc warning : incompatible redefinition for option 'compiler-bindir', the last value of this option was used
nvcc warning : incompatible redefinition for option 'compiler-bindir', the last value of this option was used
[ 93%] Building CXX object CMakeFiles/lammps.dir/home/guest/palash/Granular-Chains-DEM/lammps/src/KOKKOS/compute_gaussian_grid_local_kokkos.cpp.o
nvcc warning : incompatible redefinition for option 'compiler-bindir', the last value of this option was used
nvcc warning : incompatible redefinition for option 'compiler-bindir', the last value of this option was used
nvcc warning : incompatible redefinition for option 'compiler-bindir', the last value of this option was used
nvcc warning : incompatible redefinition for option 'compiler-bindir', the last value of this option was used
nvcc warning : incompatible redefinition for option 'compiler-bindir', the last value of this option was used
nvcc warning : incompatible redefinition for option 'compiler-bindir', the last value of this option was used
nvcc warning : incompatible redefinition for option 'compiler-bindir', the last value of this option was used
nvcc warning : incompatible redefinition for option 'compiler-bindir', the last value of this option was used
nvcc warning : incompatible redefinition for option 'compiler-bindir', the last value of this option was used
nvcc warning : incompatible redefinition for option 'compiler-bindir', the last value of this option was used
[ 93%] Building CXX object CMakeFiles/lammps.dir/home/guest/palash/Granular-Chains-DEM/lammps/src/KOKKOS/compute_sna_grid_kokkos.cpp.o
nvcc warning : incompatible redefinition for option 'compiler-bindir', the last value of this option was used
[ 93%] Building CXX object CMakeFiles/lammps.dir/home/guest/palash/Granular-Chains-DEM/lammps/src/KOKKOS/compute_sna_grid_local_kokkos.cpp.o
nvcc warning : incompatible redefinition for option 'compiler-bindir', the last value of this option was used
nvcc warning : incompatible redefinition for option 'compiler-bindir', the last value of this option was used
[ 93%] Building CXX object CMakeFiles/lammps.dir/home/guest/palash/Granular-Chains-DEM/lammps/src/KOKKOS/dihedral_hybrid_kokkos.cpp.o
[ 93%] Building CXX object CMakeFiles/lammps.dir/home/guest/palash/Granular-Chains-DEM/lammps/src/KOKKOS/compute_reaxff_atom_kokkos.cpp.o
nvcc warning : incompatible redefinition for option 'compiler-bindir', the last value of this option was used
nvcc warning : incompatible redefinition for option 'compiler-bindir', the last value of this option was used
nvcc warning : incompatible redefinition for option 'compiler-bindir', the last value of this option was used
[ 93%] Building CXX object CMakeFiles/lammps.dir/home/guest/palash/Granular-Chains-DEM/lammps/src/KOKKOS/dihedral_class2_kokkos.cpp.o
nvcc warning : incompatible redefinition for option 'compiler-bindir', the last value of this option was used
[ 93%] Building CXX object CMakeFiles/lammps.dir/home/guest/palash/Granular-Chains-DEM/lammps/src/KOKKOS/dihedral_charmm_kokkos.cpp.o
[ 93%] Building CXX object CMakeFiles/lammps.dir/home/guest/palash/Granular-Chains-DEM/lammps/src/KOKKOS/dihedral_charmmfsw_kokkos.cpp.o
nvcc warning : incompatible redefinition for option 'compiler-bindir', the last value of this option was used
nvcc warning : incompatible redefinition for option 'compiler-bindir', the last value of this option was used
nvcc warning : incompatible redefinition for option 'compiler-bindir', the last value of this option was used
[ 93%] Building CXX object CMakeFiles/lammps.dir/home/guest/palash/Granular-Chains-DEM/lammps/src/KOKKOS/dihedral_harmonic_kokkos.cpp.o
nvcc warning : incompatible redefinition for option 'compiler-bindir', the last value of this option was used
[ 94%] Building CXX object CMakeFiles/lammps.dir/home/guest/palash/Granular-Chains-DEM/lammps/src/KOKKOS/dihedral_multi_harmonic_kokkos.cpp.o
[ 94%] Building CXX object CMakeFiles/lammps.dir/home/guest/palash/Granular-Chains-DEM/lammps/src/KOKKOS/dihedral_opls_kokkos.cpp.o
nvcc warning : incompatible redefinition for option 'compiler-bindir', the last value of this option was used
nvcc warning : incompatible redefinition for option 'compiler-bindir', the last value of this option was used
[ 94%] Building CXX object CMakeFiles/lammps.dir/home/guest/palash/Granular-Chains-DEM/lammps/src/KOKKOS/fix_deform_kokkos.cpp.o
nvcc warning : incompatible redefinition for option 'compiler-bindir', the last value of this option was used
nvcc warning : incompatible redefinition for option 'compiler-bindir', the last value of this option was used
nvcc warning : incompatible redefinition for option 'compiler-bindir', the last value of this option was used
nvcc warning : incompatible redefinition for option 'compiler-bindir', the last value of this option was used
[ 94%] Building CXX object CMakeFiles/lammps.dir/home/guest/palash/Granular-Chains-DEM/lammps/src/KOKKOS/fix_dt_reset_kokkos.cpp.o
nvcc warning : incompatible redefinition for option 'compiler-bindir', the last value of this option was used
nvcc warning : incompatible redefinition for option 'compiler-bindir', the last value of this option was used
[ 94%] Building CXX object CMakeFiles/lammps.dir/home/guest/palash/Granular-Chains-DEM/lammps/src/KOKKOS/fix_efield_kokkos.cpp.o
[ 94%] Building CXX object CMakeFiles/lammps.dir/home/guest/palash/Granular-Chains-DEM/lammps/src/KOKKOS/fix_enforce2d_kokkos.cpp.o
nvcc warning : incompatible redefinition for option 'compiler-bindir', the last value of this option was used
nvcc warning : incompatible redefinition for option 'compiler-bindir', the last value of this option was used
nvcc warning : incompatible redefinition for option 'compiler-bindir', the last value of this option was used
nvcc warning : incompatible redefinition for option 'compiler-bindir', the last value of this option was used
nvcc warning : incompatible redefinition for option 'compiler-bindir', the last value of this option was used
nvcc warning : incompatible redefinition for option 'compiler-bindir', the last value of this option was used
nvcc warning : incompatible redefinition for option 'compiler-bindir', the last value of this option was used
[ 94%] Building CXX object CMakeFiles/lammps.dir/home/guest/palash/Granular-Chains-DEM/lammps/src/KOKKOS/fix_gravity_kokkos.cpp.o
nvcc warning : incompatible redefinition for option 'compiler-bindir', the last value of this option was used
nvcc warning : incompatible redefinition for option 'compiler-bindir', the last value of this option was used
[ 94%] Building CXX object CMakeFiles/lammps.dir/home/guest/palash/Granular-Chains-DEM/lammps/src/KOKKOS/fix_langevin_kokkos.cpp.o
nvcc warning : incompatible redefinition for option 'compiler-bindir', the last value of this option was used
nvcc warning : incompatible redefinition for option 'compiler-bindir', the last value of this option was used
nvcc warning : incompatible redefinition for option 'compiler-bindir', the last value of this option was used
nvcc warning : incompatible redefinition for option 'compiler-bindir', the last value of this option was used
[ 94%] Building CXX object CMakeFiles/lammps.dir/home/guest/palash/Granular-Chains-DEM/lammps/src/KOKKOS/fix_minimize_kokkos.cpp.o
nvcc warning : incompatible redefinition for option 'compiler-bindir', the last value of this option was used
nvcc warning : incompatible redefinition for option 'compiler-bindir', the last value of this option was used
[ 94%] Building CXX object CMakeFiles/lammps.dir/home/guest/palash/Granular-Chains-DEM/lammps/src/KOKKOS/fix_momentum_kokkos.cpp.o
[ 94%] Building CXX object CMakeFiles/lammps.dir/home/guest/palash/Granular-Chains-DEM/lammps/src/KOKKOS/fix_neigh_history_kokkos.cpp.o
nvcc warning : incompatible redefinition for option 'compiler-bindir', the last value of this option was used
nvcc warning : incompatible redefinition for option 'compiler-bindir', the last value of this option was used
nvcc warning : incompatible redefinition for option 'compiler-bindir', the last value of this option was used
[ 94%] Building CXX object CMakeFiles/lammps.dir/home/guest/palash/Granular-Chains-DEM/lammps/src/KOKKOS/fix_nph_kokkos.cpp.o
nvcc warning : incompatible redefinition for option 'compiler-bindir', the last value of this option was used
nvcc warning : incompatible redefinition for option 'compiler-bindir', the last value of this option was used
nvcc warning : incompatible redefinition for option 'compiler-bindir', the last value of this option was used
nvcc warning : incompatible redefinition for option 'compiler-bindir', the last value of this option was used
[ 94%] Building CXX object CMakeFiles/lammps.dir/home/guest/palash/Granular-Chains-DEM/lammps/src/KOKKOS/fix_npt_kokkos.cpp.o
nvcc warning : incompatible redefinition for option 'compiler-bindir', the last value of this option was used
[ 94%] Building CXX object CMakeFiles/lammps.dir/home/guest/palash/Granular-Chains-DEM/lammps/src/KOKKOS/fix_nve_kokkos.cpp.o
[ 94%] Building CXX object CMakeFiles/lammps.dir/home/guest/palash/Granular-Chains-DEM/lammps/src/KOKKOS/fix_nve_limit_kokkos.cpp.o
[ 94%] Building CXX object CMakeFiles/lammps.dir/home/guest/palash/Granular-Chains-DEM/lammps/src/KOKKOS/fix_nve_sphere_kokkos.cpp.o
nvcc warning : incompatible redefinition for option 'compiler-bindir', the last value of this option was used
nvcc warning : incompatible redefinition for option 'compiler-bindir', the last value of this option was used
[ 94%] Building CXX object CMakeFiles/lammps.dir/home/guest/palash/Granular-Chains-DEM/lammps/src/KOKKOS/fix_nvt_kokkos.cpp.o
nvcc warning : incompatible redefinition for option 'compiler-bindir', the last value of this option was used
nvcc warning : incompatible redefinition for option 'compiler-bindir', the last value of this option was used
[ 94%] Building CXX object CMakeFiles/lammps.dir/home/guest/palash/Granular-Chains-DEM/lammps/src/KOKKOS/fix_nvt_sllod_kokkos.cpp.o
nvcc warning : incompatible redefinition for option 'compiler-bindir', the last value of this option was used
nvcc warning : incompatible redefinition for option 'compiler-bindir', the last value of this option was used
[ 94%] Building CXX object CMakeFiles/lammps.dir/home/guest/palash/Granular-Chains-DEM/lammps/src/KOKKOS/fix_property_atom_kokkos.cpp.o
nvcc warning : incompatible redefinition for option 'compiler-bindir', the last value of this option was used
nvcc warning : incompatible redefinition for option 'compiler-bindir', the last value of this option was used
[ 95%] Building CXX object CMakeFiles/lammps.dir/home/guest/palash/Granular-Chains-DEM/lammps/src/KOKKOS/fix_recenter_kokkos.cpp.o
nvcc warning : incompatible redefinition for option 'compiler-bindir', the last value of this option was used
[ 95%] Building CXX object CMakeFiles/lammps.dir/home/guest/palash/Granular-Chains-DEM/lammps/src/KOKKOS/fix_setforce_kokkos.cpp.o
nvcc warning : incompatible redefinition for option 'compiler-bindir', the last value of this option was used
[ 95%] Building CXX object CMakeFiles/lammps.dir/home/guest/palash/Granular-Chains-DEM/lammps/src/KOKKOS/fix_spring_self_kokkos.cpp.o
[ 95%] Building CXX object CMakeFiles/lammps.dir/home/guest/palash/Granular-Chains-DEM/lammps/src/KOKKOS/fix_temp_berendsen_kokkos.cpp.o
nvcc warning : incompatible redefinition for option 'compiler-bindir', the last value of this option was used
nvcc warning : incompatible redefinition for option 'compiler-bindir', the last value of this option was used
nvcc warning : incompatible redefinition for option 'compiler-bindir', the last value of this option was used
nvcc warning : incompatible redefinition for option 'compiler-bindir', the last value of this option was used
nvcc warning : incompatible redefinition for option 'compiler-bindir', the last value of this option was used
nvcc warning : incompatible redefinition for option 'compiler-bindir', the last value of this option was used
nvcc warning : incompatible redefinition for option 'compiler-bindir', the last value of this option was used
[ 95%] Building CXX object CMakeFiles/lammps.dir/home/guest/palash/Granular-Chains-DEM/lammps/src/KOKKOS/fix_temp_rescale_kokkos.cpp.o
nvcc warning : incompatible redefinition for option 'compiler-bindir', the last value of this option was used
[ 95%] Building CXX object CMakeFiles/lammps.dir/home/guest/palash/Granular-Chains-DEM/lammps/src/KOKKOS/fix_viscous_kokkos.cpp.o
nvcc warning : incompatible redefinition for option 'compiler-bindir', the last value of this option was used
nvcc warning : incompatible redefinition for option 'compiler-bindir', the last value of this option was used
nvcc warning : incompatible redefinition for option 'compiler-bindir', the last value of this option was used
nvcc warning : incompatible redefinition for option 'compiler-bindir', the last value of this option was used
nvcc warning : incompatible redefinition for option 'compiler-bindir', the last value of this option was used
nvcc warning : incompatible redefinition for option 'compiler-bindir', the last value of this option was used
[ 95%] Building CXX object CMakeFiles/lammps.dir/home/guest/palash/Granular-Chains-DEM/lammps/src/KOKKOS/fix_wall_lj93_kokkos.cpp.o
nvcc warning : incompatible redefinition for option 'compiler-bindir', the last value of this option was used
nvcc warning : incompatible redefinition for option 'compiler-bindir', the last value of this option was used
nvcc warning : incompatible redefinition for option 'compiler-bindir', the last value of this option was used
[ 95%] Building CXX object CMakeFiles/lammps.dir/home/guest/palash/Granular-Chains-DEM/lammps/src/KOKKOS/fix_wall_reflect_kokkos.cpp.o
nvcc warning : incompatible redefinition for option 'compiler-bindir', the last value of this option was used
[ 95%] Building CXX object CMakeFiles/lammps.dir/home/guest/palash/Granular-Chains-DEM/lammps/src/KOKKOS/fix_wall_region_kokkos.cpp.o
[ 95%] Building CXX object CMakeFiles/lammps.dir/home/guest/palash/Granular-Chains-DEM/lammps/src/KOKKOS/fix_colvars_kokkos.cpp.o
[ 95%] Building CXX object CMakeFiles/lammps.dir/home/guest/palash/Granular-Chains-DEM/lammps/src/KOKKOS/fix_dpd_energy_kokkos.cpp.o
[ 95%] Building CXX object CMakeFiles/lammps.dir/home/guest/palash/Granular-Chains-DEM/lammps/src/KOKKOS/fix_eos_table_rx_kokkos.cpp.o
nvcc warning : incompatible redefinition for option 'compiler-bindir', the last value of this option was used
nvcc warning : incompatible redefinition for option 'compiler-bindir', the last value of this option was used
nvcc warning : incompatible redefinition for option 'compiler-bindir', the last value of this option was used
nvcc warning : incompatible redefinition for option 'compiler-bindir', the last value of this option was used
nvcc warning : incompatible redefinition for option 'compiler-bindir', the last value of this option was used
[ 95%] Building CXX object CMakeFiles/lammps.dir/home/guest/palash/Granular-Chains-DEM/lammps/src/KOKKOS/fix_rx_kokkos.cpp.o
[ 95%] Building CXX object CMakeFiles/lammps.dir/home/guest/palash/Granular-Chains-DEM/lammps/src/KOKKOS/fix_shardlow_kokkos.cpp.o
nvcc warning : incompatible redefinition for option 'compiler-bindir', the last value of this option was used
nvcc warning : incompatible redefinition for option 'compiler-bindir', the last value of this option was used
[ 95%] Building CXX object CMakeFiles/lammps.dir/home/guest/palash/Granular-Chains-DEM/lammps/src/KOKKOS/fix_electron_stopping_kokkos.cpp.o
[ 95%] Building CXX object CMakeFiles/lammps.dir/home/guest/palash/Granular-Chains-DEM/lammps/src/KOKKOS/fix_wall_flow_kokkos.cpp.o
nvcc warning : incompatible redefinition for option 'compiler-bindir', the last value of this option was used
nvcc warning : incompatible redefinition for option 'compiler-bindir', the last value of this option was used
nvcc warning : incompatible redefinition for option 'compiler-bindir', the last value of this option was used
nvcc warning : incompatible redefinition for option 'compiler-bindir', the last value of this option was used
[ 95%] Building CXX object CMakeFiles/lammps.dir/home/guest/palash/Granular-Chains-DEM/lammps/src/KOKKOS/fix_freeze_kokkos.cpp.o
nvcc warning : incompatible redefinition for option 'compiler-bindir', the last value of this option was used
[ 95%] Building CXX object CMakeFiles/lammps.dir/home/guest/palash/Granular-Chains-DEM/lammps/src/KOKKOS/fix_wall_gran_kokkos.cpp.o
nvcc warning : incompatible redefinition for option 'compiler-bindir', the last value of this option was used
nvcc warning : incompatible redefinition for option 'compiler-bindir', the last value of this option was used
[ 95%] Building CXX object CMakeFiles/lammps.dir/home/guest/palash/Granular-Chains-DEM/lammps/src/KOKKOS/fix_cmap_kokkos.cpp.o
nvcc warning : incompatible redefinition for option 'compiler-bindir', the last value of this option was used
[ 96%] Building CXX object CMakeFiles/lammps.dir/home/guest/palash/Granular-Chains-DEM/lammps/src/KOKKOS/fix_acks2_reaxff_kokkos.cpp.o
nvcc warning : incompatible redefinition for option 'compiler-bindir', the last value of this option was used
[ 96%] Building CXX object CMakeFiles/lammps.dir/home/guest/palash/Granular-Chains-DEM/lammps/src/KOKKOS/fix_qeq_reaxff_kokkos.cpp.o
nvcc warning : incompatible redefinition for option 'compiler-bindir', the last value of this option was used
nvcc warning : incompatible redefinition for option 'compiler-bindir', the last value of this option was used
nvcc warning : incompatible redefinition for option 'compiler-bindir', the last value of this option was used
nvcc warning : incompatible redefinition for option 'compiler-bindir', the last value of this option was used
nvcc warning : incompatible redefinition for option 'compiler-bindir', the last value of this option was used
nvcc warning : incompatible redefinition for option 'compiler-bindir', the last value of this option was used
[ 96%] Building CXX object CMakeFiles/lammps.dir/home/guest/palash/Granular-Chains-DEM/lammps/src/KOKKOS/fix_reaxff_bonds_kokkos.cpp.o
nvcc warning : incompatible redefinition for option 'compiler-bindir', the last value of this option was used
[ 96%] Building CXX object CMakeFiles/lammps.dir/home/guest/palash/Granular-Chains-DEM/lammps/src/KOKKOS/fix_reaxff_species_kokkos.cpp.o
nvcc warning : incompatible redefinition for option 'compiler-bindir', the last value of this option was used
[ 96%] Building CXX object CMakeFiles/lammps.dir/home/guest/palash/Granular-Chains-DEM/lammps/src/KOKKOS/fix_shake_kokkos.cpp.o
nvcc warning : incompatible redefinition for option 'compiler-bindir', the last value of this option was used
nvcc warning : incompatible redefinition for option 'compiler-bindir', the last value of this option was used
nvcc warning : incompatible redefinition for option 'compiler-bindir', the last value of this option was used
[ 96%] Building CXX object CMakeFiles/lammps.dir/home/guest/palash/Granular-Chains-DEM/lammps/src/KOKKOS/improper_hybrid_kokkos.cpp.o
nvcc warning : incompatible redefinition for option 'compiler-bindir', the last value of this option was used
nvcc warning : incompatible redefinition for option 'compiler-bindir', the last value of this option was used
nvcc warning : incompatible redefinition for option 'compiler-bindir', the last value of this option was used
[ 96%] Building CXX object CMakeFiles/lammps.dir/home/guest/palash/Granular-Chains-DEM/lammps/src/KOKKOS/improper_class2_kokkos.cpp.o
nvcc warning : incompatible redefinition for option 'compiler-bindir', the last value of this option was used
nvcc warning : incompatible redefinition for option 'compiler-bindir', the last value of this option was used
[ 96%] Building CXX object CMakeFiles/lammps.dir/home/guest/palash/Granular-Chains-DEM/lammps/src/KOKKOS/improper_harmonic_kokkos.cpp.o
nvcc warning : incompatible redefinition for option 'compiler-bindir', the last value of this option was used
nvcc warning : incompatible redefinition for option 'compiler-bindir', the last value of this option was used
nvcc warning : incompatible redefinition for option 'compiler-bindir', the last value of this option was used
nvcc warning : incompatible redefinition for option 'compiler-bindir', the last value of this option was used
nvcc warning : incompatible redefinition for option 'compiler-bindir', the last value of this option was used
nvcc warning : incompatible redefinition for option 'compiler-bindir', the last value of this option was used
[ 96%] Building CXX object CMakeFiles/lammps.dir/home/guest/palash/Granular-Chains-DEM/lammps/src/KOKKOS/verlet_kokkos.cpp.o
nvcc warning : incompatible redefinition for option 'compiler-bindir', the last value of this option was used
[ 96%] Building CXX object CMakeFiles/lammps.dir/home/guest/palash/Granular-Chains-DEM/lammps/src/KOKKOS/pppm_kokkos.cpp.o
nvcc warning : incompatible redefinition for option 'compiler-bindir', the last value of this option was used
nvcc warning : incompatible redefinition for option 'compiler-bindir', the last value of this option was used
[ 96%] Building CXX object CMakeFiles/lammps.dir/home/guest/palash/Granular-Chains-DEM/lammps/src/KOKKOS/min_cg_kokkos.cpp.o
[ 96%] Building CXX object CMakeFiles/lammps.dir/home/guest/palash/Granular-Chains-DEM/lammps/src/KOKKOS/nbin_ssa_kokkos.cpp.o
nvcc warning : incompatible redefinition for option 'compiler-bindir', the last value of this option was used
nvcc warning : incompatible redefinition for option 'compiler-bindir', the last value of this option was used
[ 96%] Building CXX object CMakeFiles/lammps.dir/home/guest/palash/Granular-Chains-DEM/lammps/src/KOKKOS/npair_copy_kokkos.cpp.o
[ 96%] Building CXX object CMakeFiles/lammps.dir/home/guest/palash/Granular-Chains-DEM/lammps/src/KOKKOS/npair_skip_kokkos.cpp.o
nvcc warning : incompatible redefinition for option 'compiler-bindir', the last value of this option was used
[ 96%] Building CXX object CMakeFiles/lammps.dir/home/guest/palash/Granular-Chains-DEM/lammps/src/KOKKOS/npair_trim_kokkos.cpp.o
nvcc warning : incompatible redefinition for option 'compiler-bindir', the last value of this option was used
nvcc warning : incompatible redefinition for option 'compiler-bindir', the last value of this option was used
nvcc warning : incompatible redefinition for option 'compiler-bindir', the last value of this option was used
nvcc warning : incompatible redefinition for option 'compiler-bindir', the last value of this option was used
[ 96%] Building CXX object CMakeFiles/lammps.dir/home/guest/palash/Granular-Chains-DEM/lammps/src/KOKKOS/pair_buck_kokkos.cpp.o
nvcc warning : incompatible redefinition for option 'compiler-bindir', the last value of this option was used
[ 96%] Building CXX object CMakeFiles/lammps.dir/home/guest/palash/Granular-Chains-DEM/lammps/src/KOKKOS/pair_buck_coul_cut_kokkos.cpp.o
[ 96%] Building CXX object CMakeFiles/lammps.dir/home/guest/palash/Granular-Chains-DEM/lammps/src/KOKKOS/pair_coul_cut_kokkos.cpp.o
nvcc warning : incompatible redefinition for option 'compiler-bindir', the last value of this option was used
nvcc warning : incompatible redefinition for option 'compiler-bindir', the last value of this option was used
nvcc warning : incompatible redefinition for option 'compiler-bindir', the last value of this option was used
nvcc warning : incompatible redefinition for option 'compiler-bindir', the last value of this option was used
nvcc warning : incompatible redefinition for option 'compiler-bindir', the last value of this option was used
[ 96%] Building CXX object CMakeFiles/lammps.dir/home/guest/palash/Granular-Chains-DEM/lammps/src/KOKKOS/pair_coul_debye_kokkos.cpp.o
nvcc warning : incompatible redefinition for option 'compiler-bindir', the last value of this option was used
[ 97%] Building CXX object CMakeFiles/lammps.dir/home/guest/palash/Granular-Chains-DEM/lammps/src/KOKKOS/pair_coul_dsf_kokkos.cpp.o
nvcc warning : incompatible redefinition for option 'compiler-bindir', the last value of this option was used
nvcc warning : incompatible redefinition for option 'compiler-bindir', the last value of this option was used
[ 97%] Building CXX object CMakeFiles/lammps.dir/home/guest/palash/Granular-Chains-DEM/lammps/src/KOKKOS/pair_coul_wolf_kokkos.cpp.o
nvcc warning : incompatible redefinition for option 'compiler-bindir', the last value of this option was used
[ 97%] Building CXX object CMakeFiles/lammps.dir/home/guest/palash/Granular-Chains-DEM/lammps/src/KOKKOS/pair_hybrid_kokkos.cpp.o
nvcc warning : incompatible redefinition for option 'compiler-bindir', the last value of this option was used
nvcc warning : incompatible redefinition for option 'compiler-bindir', the last value of this option was used
[ 97%] Building CXX object CMakeFiles/lammps.dir/home/guest/palash/Granular-Chains-DEM/lammps/src/KOKKOS/pair_hybrid_overlay_kokkos.cpp.o
[ 97%] Building CXX object CMakeFiles/lammps.dir/home/guest/palash/Granular-Chains-DEM/lammps/src/KOKKOS/pair_lj_cut_kokkos.cpp.o
nvcc warning : incompatible redefinition for option 'compiler-bindir', the last value of this option was used
nvcc warning : incompatible redefinition for option 'compiler-bindir', the last value of this option was used
nvcc warning : incompatible redefinition for option 'compiler-bindir', the last value of this option was used
nvcc warning : incompatible redefinition for option 'compiler-bindir', the last value of this option was used
[ 97%] Building CXX object CMakeFiles/lammps.dir/home/guest/palash/Granular-Chains-DEM/lammps/src/KOKKOS/pair_lj_cut_coul_cut_kokkos.cpp.o
nvcc warning : incompatible redefinition for option 'compiler-bindir', the last value of this option was used
nvcc warning : incompatible redefinition for option 'compiler-bindir', the last value of this option was used
/home/guest/palash/Granular-Chains-DEM/lammps/src/KOKKOS/fix_electron_stopping_kokkos.cpp(182): warning #20011-D: calling a __host__ function("LAMMPS_NS::FixElectronStopping::~FixElectronStopping() [subobject]") from a __host__ __device__ function("LAMMPS_NS::FixElectronStoppingKokkos< ::Kokkos::OpenMP> ::~FixElectronStoppingKokkos") is not allowed

Remark: The warnings can be suppressed with "-diag-suppress <warning-number>"

nvcc warning : incompatible redefinition for option 'compiler-bindir', the last value of this option was used
nvcc warning : incompatible redefinition for option 'compiler-bindir', the last value of this option was used
nvcc warning : incompatible redefinition for option 'compiler-bindir', the last value of this option was used
[ 97%] Building CXX object CMakeFiles/lammps.dir/home/guest/palash/Granular-Chains-DEM/lammps/src/KOKKOS/pair_lj_expand_kokkos.cpp.o
nvcc warning : incompatible redefinition for option 'compiler-bindir', the last value of this option was used
nvcc warning : incompatible redefinition for option 'compiler-bindir', the last value of this option was used
nvcc warning : incompatible redefinition for option 'compiler-bindir', the last value of this option was used
[ 97%] Building CXX object CMakeFiles/lammps.dir/home/guest/palash/Granular-Chains-DEM/lammps/src/KOKKOS/pair_morse_kokkos.cpp.o
nvcc warning : incompatible redefinition for option 'compiler-bindir', the last value of this option was used
nvcc warning : incompatible redefinition for option 'compiler-bindir', the last value of this option was used
nvcc warning : incompatible redefinition for option 'compiler-bindir', the last value of this option was used
[ 97%] Building CXX object CMakeFiles/lammps.dir/home/guest/palash/Granular-Chains-DEM/lammps/src/KOKKOS/pair_soft_kokkos.cpp.o
nvcc warning : incompatible redefinition for option 'compiler-bindir', the last value of this option was used
[ 97%] Building CXX object CMakeFiles/lammps.dir/home/guest/palash/Granular-Chains-DEM/lammps/src/KOKKOS/pair_table_kokkos.cpp.o
nvcc warning : incompatible redefinition for option 'compiler-bindir', the last value of this option was used
[ 97%] Building CXX object CMakeFiles/lammps.dir/home/guest/palash/Granular-Chains-DEM/lammps/src/KOKKOS/pair_yukawa_kokkos.cpp.o
nvcc warning : incompatible redefinition for option 'compiler-bindir', the last value of this option was used
[ 97%] Building CXX object CMakeFiles/lammps.dir/home/guest/palash/Granular-Chains-DEM/lammps/src/KOKKOS/pair_zbl_kokkos.cpp.o
nvcc warning : incompatible redefinition for option 'compiler-bindir', the last value of this option was used
nvcc warning : incompatible redefinition for option 'compiler-bindir', the last value of this option was used
[ 97%] Building CXX object CMakeFiles/lammps.dir/home/guest/palash/Granular-Chains-DEM/lammps/src/KOKKOS/pair_lj_spica_kokkos.cpp.o
nvcc warning : incompatible redefinition for option 'compiler-bindir', the last value of this option was used
nvcc warning : incompatible redefinition for option 'compiler-bindir', the last value of this option was used
[ 97%] Building CXX object CMakeFiles/lammps.dir/home/guest/palash/Granular-Chains-DEM/lammps/src/KOKKOS/pair_lj_spica_coul_long_kokkos.cpp.o
nvcc warning : incompatible redefinition for option 'compiler-bindir', the last value of this option was used
nvcc warning : incompatible redefinition for option 'compiler-bindir', the last value of this option was used
nvcc warning : incompatible redefinition for option 'compiler-bindir', the last value of this option was used
[ 97%] Building CXX object CMakeFiles/lammps.dir/home/guest/palash/Granular-Chains-DEM/lammps/src/KOKKOS/pair_lj_class2_kokkos.cpp.o
nvcc warning : incompatible redefinition for option 'compiler-bindir', the last value of this option was used
nvcc warning : incompatible redefinition for option 'compiler-bindir', the last value of this option was used
nvcc warning : incompatible redefinition for option 'compiler-bindir', the last value of this option was used
[ 97%] Building CXX object CMakeFiles/lammps.dir/home/guest/palash/Granular-Chains-DEM/lammps/src/KOKKOS/pair_lj_class2_coul_cut_kokkos.cpp.o
nvcc warning : incompatible redefinition for option 'compiler-bindir', the last value of this option was used
nvcc warning : incompatible redefinition for option 'compiler-bindir', the last value of this option was used
[ 97%] Building CXX object CMakeFiles/lammps.dir/home/guest/palash/Granular-Chains-DEM/lammps/src/KOKKOS/pair_lj_class2_coul_long_kokkos.cpp.o
nvcc warning : incompatible redefinition for option 'compiler-bindir', the last value of this option was used
nvcc warning : incompatible redefinition for option 'compiler-bindir', the last value of this option was used
nvcc warning : incompatible redefinition for option 'compiler-bindir', the last value of this option was used
nvcc warning : incompatible redefinition for option 'compiler-bindir', the last value of this option was used
nvcc warning : incompatible redefinition for option 'compiler-bindir', the last value of this option was used
[ 97%] Building CXX object CMakeFiles/lammps.dir/home/guest/palash/Granular-Chains-DEM/lammps/src/KOKKOS/pair_brownian_kokkos.cpp.o
nvcc warning : incompatible redefinition for option 'compiler-bindir', the last value of this option was used
[ 97%] Building CXX object CMakeFiles/lammps.dir/home/guest/palash/Granular-Chains-DEM/lammps/src/KOKKOS/pair_yukawa_colloid_kokkos.cpp.o
nvcc warning : incompatible redefinition for option 'compiler-bindir', the last value of this option was used
nvcc warning : incompatible redefinition for option 'compiler-bindir', the last value of this option was used
[ 98%] Building CXX object CMakeFiles/lammps.dir/home/guest/palash/Granular-Chains-DEM/lammps/src/KOKKOS/pair_lj_cut_dipole_cut_kokkos.cpp.o
nvcc warning : incompatible redefinition for option 'compiler-bindir', the last value of this option was used
[ 98%] Building CXX object CMakeFiles/lammps.dir/home/guest/palash/Granular-Chains-DEM/lammps/src/KOKKOS/pair_dpd_kokkos.cpp.o
[ 98%] Building CXX object CMakeFiles/lammps.dir/home/guest/palash/Granular-Chains-DEM/lammps/src/KOKKOS/pair_dpd_ext_kokkos.cpp.o
[ 98%] Building CXX object CMakeFiles/lammps.dir/home/guest/palash/Granular-Chains-DEM/lammps/src/KOKKOS/pair_dpd_ext_tstat_kokkos.cpp.o
nvcc warning : incompatible redefinition for option 'compiler-bindir', the last value of this option was used
nvcc warning : incompatible redefinition for option 'compiler-bindir', the last value of this option was used
nvcc warning : incompatible redefinition for option 'compiler-bindir', the last value of this option was used
nvcc warning : incompatible redefinition for option 'compiler-bindir', the last value of this option was used
[ 98%] Building CXX object CMakeFiles/lammps.dir/home/guest/palash/Granular-Chains-DEM/lammps/src/KOKKOS/pair_dpd_tstat_kokkos.cpp.o
nvcc warning : incompatible redefinition for option 'compiler-bindir', the last value of this option was used
nvcc warning : incompatible redefinition for option 'compiler-bindir', the last value of this option was used
[ 98%] Building CXX object CMakeFiles/lammps.dir/home/guest/palash/Granular-Chains-DEM/lammps/src/KOKKOS/pair_dpd_fdt_energy_kokkos.cpp.o
[ 98%] Building CXX object CMakeFiles/lammps.dir/home/guest/palash/Granular-Chains-DEM/lammps/src/KOKKOS/pair_exp6_rx_kokkos.cpp.o
[ 98%] Building CXX object CMakeFiles/lammps.dir/home/guest/palash/Granular-Chains-DEM/lammps/src/KOKKOS/pair_multi_lucy_rx_kokkos.cpp.o
nvcc warning : incompatible redefinition for option 'compiler-bindir', the last value of this option was used
nvcc warning : incompatible redefinition for option 'compiler-bindir', the last value of this option was used
nvcc warning : incompatible redefinition for option 'compiler-bindir', the last value of this option was used
[ 98%] Building CXX object CMakeFiles/lammps.dir/home/guest/palash/Granular-Chains-DEM/lammps/src/KOKKOS/pair_table_rx_kokkos.cpp.o
nvcc warning : incompatible redefinition for option 'compiler-bindir', the last value of this option was used
[ 98%] Building CXX object CMakeFiles/lammps.dir/home/guest/palash/Granular-Chains-DEM/lammps/src/KOKKOS/pair_lj_cut_coul_debye_kokkos.cpp.o
nvcc warning : incompatible redefinition for option 'compiler-bindir', the last value of this option was used
nvcc warning : incompatible redefinition for option 'compiler-bindir', the last value of this option was used
nvcc warning : incompatible redefinition for option 'compiler-bindir', the last value of this option was used
nvcc warning : incompatible redefinition for option 'compiler-bindir', the last value of this option was used
nvcc warning : incompatible redefinition for option 'compiler-bindir', the last value of this option was used
nvcc warning : incompatible redefinition for option 'compiler-bindir', the last value of this option was used
[ 98%] Building CXX object CMakeFiles/lammps.dir/home/guest/palash/Granular-Chains-DEM/lammps/src/KOKKOS/pair_lj_cut_coul_dsf_kokkos.cpp.o
[ 98%] Building CXX object CMakeFiles/lammps.dir/home/guest/palash/Granular-Chains-DEM/lammps/src/KOKKOS/pair_lj_expand_coul_long_kokkos.cpp.o
nvcc warning : incompatible redefinition for option 'compiler-bindir', the last value of this option was used
nvcc warning : incompatible redefinition for option 'compiler-bindir', the last value of this option was used
[ 98%] Building CXX object CMakeFiles/lammps.dir/home/guest/palash/Granular-Chains-DEM/lammps/src/KOKKOS/pair_lj_gromacs_kokkos.cpp.o
nvcc warning : incompatible redefinition for option 'compiler-bindir', the last value of this option was used
nvcc warning : incompatible redefinition for option 'compiler-bindir', the last value of this option was used
nvcc warning : incompatible redefinition for option 'compiler-bindir', the last value of this option was used
[ 98%] Building CXX object CMakeFiles/lammps.dir/home/guest/palash/Granular-Chains-DEM/lammps/src/KOKKOS/pair_lj_gromacs_coul_gromacs_kokkos.cpp.o
nvcc warning : incompatible redefinition for option 'compiler-bindir', the last value of this option was used
[ 98%] Building CXX object CMakeFiles/lammps.dir/home/guest/palash/Granular-Chains-DEM/lammps/src/KOKKOS/pair_gran_hooke_history_kokkos.cpp.o
nvcc warning : incompatible redefinition for option 'compiler-bindir', the last value of this option was used
[ 98%] Building CXX object CMakeFiles/lammps.dir/home/guest/palash/Granular-Chains-DEM/lammps/src/KOKKOS/pair_buck_coul_long_kokkos.cpp.o
[ 98%] Building CXX object CMakeFiles/lammps.dir/home/guest/palash/Granular-Chains-DEM/lammps/src/KOKKOS/pair_coul_long_kokkos.cpp.o
nvcc warning : incompatible redefinition for option 'compiler-bindir', the last value of this option was used
nvcc warning : incompatible redefinition for option 'compiler-bindir', the last value of this option was used
[ 98%] Building CXX object CMakeFiles/lammps.dir/home/guest/palash/Granular-Chains-DEM/lammps/src/KOKKOS/pair_lj_charmm_coul_long_kokkos.cpp.o
nvcc warning : incompatible redefinition for option 'compiler-bindir', the last value of this option was used
nvcc warning : incompatible redefinition for option 'compiler-bindir', the last value of this option was used
[ 98%] Building CXX object CMakeFiles/lammps.dir/home/guest/palash/Granular-Chains-DEM/lammps/src/KOKKOS/pair_lj_charmmfsw_coul_long_kokkos.cpp.o
nvcc warning : incompatible redefinition for option 'compiler-bindir', the last value of this option was used
[ 99%] Building CXX object CMakeFiles/lammps.dir/home/guest/palash/Granular-Chains-DEM/lammps/src/KOKKOS/pair_lj_cut_coul_long_kokkos.cpp.o
nvcc warning : incompatible redefinition for option 'compiler-bindir', the last value of this option was used
nvcc warning : incompatible redefinition for option 'compiler-bindir', the last value of this option was used
nvcc warning : incompatible redefinition for option 'compiler-bindir', the last value of this option was used
nvcc warning : incompatible redefinition for option 'compiler-bindir', the last value of this option was used
nvcc warning : incompatible redefinition for option 'compiler-bindir', the last value of this option was used
nvcc warning : incompatible redefinition for option 'compiler-bindir', the last value of this option was used
nvcc warning : incompatible redefinition for option 'compiler-bindir', the last value of this option was used
nvcc warning : incompatible redefinition for option 'compiler-bindir', the last value of this option was used
nvcc warning : incompatible redefinition for option 'compiler-bindir', the last value of this option was used
nvcc warning : incompatible redefinition for option 'compiler-bindir', the last value of this option was used
nvcc warning : incompatible redefinition for option 'compiler-bindir', the last value of this option was used
[ 99%] Building CXX object CMakeFiles/lammps.dir/home/guest/palash/Granular-Chains-DEM/lammps/src/KOKKOS/pair_adp_kokkos.cpp.o
nvcc warning : incompatible redefinition for option 'compiler-bindir', the last value of this option was used
[ 99%] Building CXX object CMakeFiles/lammps.dir/home/guest/palash/Granular-Chains-DEM/lammps/src/KOKKOS/pair_eam_kokkos.cpp.o
nvcc warning : incompatible redefinition for option 'compiler-bindir', the last value of this option was used
nvcc warning : incompatible redefinition for option 'compiler-bindir', the last value of this option was used
[ 99%] Building CXX object CMakeFiles/lammps.dir/home/guest/palash/Granular-Chains-DEM/lammps/src/KOKKOS/pair_eam_alloy_kokkos.cpp.o
nvcc warning : incompatible redefinition for option 'compiler-bindir', the last value of this option was used
nvcc warning : incompatible redefinition for option 'compiler-bindir', the last value of this option was used
[ 99%] Building CXX object CMakeFiles/lammps.dir/home/guest/palash/Granular-Chains-DEM/lammps/src/KOKKOS/pair_eam_fs_kokkos.cpp.o
nvcc warning : incompatible redefinition for option 'compiler-bindir', the last value of this option was used
[ 99%] Building CXX object CMakeFiles/lammps.dir/home/guest/palash/Granular-Chains-DEM/lammps/src/KOKKOS/pair_sw_kokkos.cpp.o
[ 99%] Building CXX object CMakeFiles/lammps.dir/home/guest/palash/Granular-Chains-DEM/lammps/src/KOKKOS/pair_tersoff_kokkos.cpp.o
[ 99%] Building CXX object CMakeFiles/lammps.dir/home/guest/palash/Granular-Chains-DEM/lammps/src/KOKKOS/pair_tersoff_mod_kokkos.cpp.o
nvcc warning : incompatible redefinition for option 'compiler-bindir', the last value of this option was used
nvcc warning : incompatible redefinition for option 'compiler-bindir', the last value of this option was used
nvcc warning : incompatible redefinition for option 'compiler-bindir', the last value of this option was used
[ 99%] Building CXX object CMakeFiles/lammps.dir/home/guest/palash/Granular-Chains-DEM/lammps/src/KOKKOS/pair_tersoff_zbl_kokkos.cpp.o
[ 99%] Building CXX object CMakeFiles/lammps.dir/home/guest/palash/Granular-Chains-DEM/lammps/src/KOKKOS/pair_vashishta_kokkos.cpp.o
nvcc warning : incompatible redefinition for option 'compiler-bindir', the last value of this option was used
nvcc warning : incompatible redefinition for option 'compiler-bindir', the last value of this option was used
[ 99%] Building CXX object CMakeFiles/lammps.dir/home/guest/palash/Granular-Chains-DEM/lammps/src/KOKKOS/pair_meam_kokkos.cpp.o
nvcc warning : incompatible redefinition for option 'compiler-bindir', the last value of this option was used
nvcc warning : incompatible redefinition for option 'compiler-bindir', the last value of this option was used
nvcc warning : incompatible redefinition for option 'compiler-bindir', the last value of this option was used
[ 99%] Building CXX object CMakeFiles/lammps.dir/home/guest/palash/Granular-Chains-DEM/lammps/src/KOKKOS/pair_meam_ms_kokkos.cpp.o
nvcc warning : incompatible redefinition for option 'compiler-bindir', the last value of this option was used
[ 99%] Building CXX object CMakeFiles/lammps.dir/home/guest/palash/Granular-Chains-DEM/lammps/src/KOKKOS/pair_mliap_kokkos.cpp.o
nvcc warning : incompatible redefinition for option 'compiler-bindir', the last value of this option was used
[ 99%] Building CXX object CMakeFiles/lammps.dir/home/guest/palash/Granular-Chains-DEM/lammps/src/KOKKOS/pair_pod_kokkos.cpp.o
nvcc warning : incompatible redefinition for option 'compiler-bindir', the last value of this option was used
[ 99%] Building CXX object CMakeFiles/lammps.dir/home/guest/palash/Granular-Chains-DEM/lammps/src/KOKKOS/pair_snap_kokkos.cpp.o
nvcc warning : incompatible redefinition for option 'compiler-bindir', the last value of this option was used
nvcc warning : incompatible redefinition for option 'compiler-bindir', the last value of this option was used
nvcc warning : incompatible redefinition for option 'compiler-bindir', the last value of this option was used
nvcc warning : incompatible redefinition for option 'compiler-bindir', the last value of this option was used
[ 99%] Building CXX object CMakeFiles/lammps.dir/home/guest/palash/Granular-Chains-DEM/lammps/src/KOKKOS/pair_uf3_kokkos.cpp.o
nvcc warning : incompatible redefinition for option 'compiler-bindir', the last value of this option was used
[ 99%] Building CXX object CMakeFiles/lammps.dir/home/guest/palash/Granular-Chains-DEM/lammps/src/KOKKOS/pair_lj_charmm_coul_charmm_kokkos.cpp.o
nvcc warning : incompatible redefinition for option 'compiler-bindir', the last value of this option was used
nvcc warning : incompatible redefinition for option 'compiler-bindir', the last value of this option was used
[ 99%] Building CXX object CMakeFiles/lammps.dir/home/guest/palash/Granular-Chains-DEM/lammps/src/KOKKOS/pair_lj_charmm_coul_charmm_implicit_kokkos.cpp.o
nvcc warning : incompatible redefinition for option 'compiler-bindir', the last value of this option was used
nvcc warning : incompatible redefinition for option 'compiler-bindir', the last value of this option was used
[ 99%] Building CXX object CMakeFiles/lammps.dir/home/guest/palash/Granular-Chains-DEM/lammps/src/KOKKOS/pair_reaxff_kokkos.cpp.o
nvcc warning : incompatible redefinition for option 'compiler-bindir', the last value of this option was used
[100%] Building CXX object CMakeFiles/lammps.dir/home/guest/palash/Granular-Chains-DEM/lammps/src/KOKKOS/region_block_kokkos.cpp.o
nvcc warning : incompatible redefinition for option 'compiler-bindir', the last value of this option was used
nvcc warning : incompatible redefinition for option 'compiler-bindir', the last value of this option was used
nvcc warning : incompatible redefinition for option 'compiler-bindir', the last value of this option was used
nvcc warning : incompatible redefinition for option 'compiler-bindir', the last value of this option was used
[100%] Building CXX object CMakeFiles/lammps.dir/home/guest/palash/Granular-Chains-DEM/lammps/src/KOKKOS/region_sphere_kokkos.cpp.o
nvcc warning : incompatible redefinition for option 'compiler-bindir', the last value of this option was used
[100%] Building CXX object CMakeFiles/lammps.dir/home/guest/palash/Granular-Chains-DEM/lammps/src/KOKKOS/npair_ssa_kokkos.cpp.o
nvcc warning : incompatible redefinition for option 'compiler-bindir', the last value of this option was used
nvcc warning : incompatible redefinition for option 'compiler-bindir', the last value of this option was used
[100%] Building CXX object CMakeFiles/lammps.dir/home/guest/palash/Granular-Chains-DEM/lammps/src/OPT/pair_lj_cut_opt.cpp.o
nvcc warning : incompatible redefinition for option 'compiler-bindir', the last value of this option was used
nvcc warning : incompatible redefinition for option 'compiler-bindir', the last value of this option was used
nvcc warning : incompatible redefinition for option 'compiler-bindir', the last value of this option was used
[100%] Building CXX object CMakeFiles/lammps.dir/home/guest/palash/Granular-Chains-DEM/lammps/src/OPT/pair_morse_opt.cpp.o
nvcc warning : incompatible redefinition for option 'compiler-bindir', the last value of this option was used
nvcc warning : incompatible redefinition for option 'compiler-bindir', the last value of this option was used
nvcc warning : incompatible redefinition for option 'compiler-bindir', the last value of this option was used
nvcc warning : incompatible redefinition for option 'compiler-bindir', the last value of this option was used
nvcc warning : incompatible redefinition for option 'compiler-bindir', the last value of this option was used
nvcc warning : incompatible redefinition for option 'compiler-bindir', the last value of this option was used
[100%] Building CXX object CMakeFiles/lammps.dir/home/guest/palash/Granular-Chains-DEM/lammps/src/OPT/pair_ufm_opt.cpp.o
[100%] Building CXX object CMakeFiles/lammps.dir/home/guest/palash/Granular-Chains-DEM/lammps/src/OPT/pair_aip_water_2dm_opt.cpp.o
nvcc warning : incompatible redefinition for option 'compiler-bindir', the last value of this option was used
nvcc warning : incompatible redefinition for option 'compiler-bindir', the last value of this option was used
[100%] Building CXX object CMakeFiles/lammps.dir/home/guest/palash/Granular-Chains-DEM/lammps/src/OPT/pair_ilp_graphene_hbn_opt.cpp.o
nvcc warning : incompatible redefinition for option 'compiler-bindir', the last value of this option was used
[100%] Building CXX object CMakeFiles/lammps.dir/home/guest/palash/Granular-Chains-DEM/lammps/src/OPT/pair_ilp_tmd_opt.cpp.o
nvcc warning : incompatible redefinition for option 'compiler-bindir', the last value of this option was used
nvcc warning : incompatible redefinition for option 'compiler-bindir', the last value of this option was used
[100%] Building CXX object CMakeFiles/lammps.dir/home/guest/palash/Granular-Chains-DEM/lammps/src/OPT/pair_saip_metal_opt.cpp.o
nvcc warning : incompatible redefinition for option 'compiler-bindir', the last value of this option was used
[100%] Building CXX object CMakeFiles/lammps.dir/home/guest/palash/Granular-Chains-DEM/lammps/src/OPT/pair_lj_charmm_coul_long_opt.cpp.o
nvcc warning : incompatible redefinition for option 'compiler-bindir', the last value of this option was used
[100%] Building CXX object CMakeFiles/lammps.dir/home/guest/palash/Granular-Chains-DEM/lammps/src/OPT/pair_lj_cut_coul_long_opt.cpp.o
[100%] Building CXX object CMakeFiles/lammps.dir/home/guest/palash/Granular-Chains-DEM/lammps/src/OPT/pair_lj_cut_tip4p_long_opt.cpp.o
nvcc warning : incompatible redefinition for option 'compiler-bindir', the last value of this option was used
nvcc warning : incompatible redefinition for option 'compiler-bindir', the last value of this option was used
nvcc warning : incompatible redefinition for option 'compiler-bindir', the last value of this option was used
nvcc warning : incompatible redefinition for option 'compiler-bindir', the last value of this option was used
nvcc warning : incompatible redefinition for option 'compiler-bindir', the last value of this option was used
[100%] Building CXX object CMakeFiles/lammps.dir/home/guest/palash/Granular-Chains-DEM/lammps/src/OPT/pair_lj_long_coul_long_opt.cpp.o
nvcc warning : incompatible redefinition for option 'compiler-bindir', the last value of this option was used
[100%] Building CXX object CMakeFiles/lammps.dir/home/guest/palash/Granular-Chains-DEM/lammps/src/OPT/pair_eam_opt.cpp.o
nvcc warning : incompatible redefinition for option 'compiler-bindir', the last value of this option was used
nvcc warning : incompatible redefinition for option 'compiler-bindir', the last value of this option was used
[100%] Building CXX object CMakeFiles/lammps.dir/home/guest/palash/Granular-Chains-DEM/lammps/src/OPT/pair_eam_alloy_opt.cpp.o
nvcc warning : incompatible redefinition for option 'compiler-bindir', the last value of this option was used
nvcc warning : incompatible redefinition for option 'compiler-bindir', the last value of this option was used
[100%] Building CXX object CMakeFiles/lammps.dir/home/guest/palash/Granular-Chains-DEM/lammps/src/OPT/pair_eam_fs_opt.cpp.o
nvcc warning : incompatible redefinition for option 'compiler-bindir', the last value of this option was used
nvcc warning : incompatible redefinition for option 'compiler-bindir', the last value of this option was used
nvcc warning : incompatible redefinition for option 'compiler-bindir', the last value of this option was used
nvcc warning : incompatible redefinition for option 'compiler-bindir', the last value of this option was used
nvcc warning : incompatible redefinition for option 'compiler-bindir', the last value of this option was used
nvcc warning : incompatible redefinition for option 'compiler-bindir', the last value of this option was used
nvcc warning : incompatible redefinition for option 'compiler-bindir', the last value of this option was used
nvcc warning : incompatible redefinition for option 'compiler-bindir', the last value of this option was used
nvcc warning : incompatible redefinition for option 'compiler-bindir', the last value of this option was used
nvcc warning : incompatible redefinition for option 'compiler-bindir', the last value of this option was used
nvcc warning : incompatible redefinition for option 'compiler-bindir', the last value of this option was used
nvcc warning : incompatible redefinition for option 'compiler-bindir', the last value of this option was used
nvcc warning : incompatible redefinition for option 'compiler-bindir', the last value of this option was used
/home/guest/palash/Granular-Chains-DEM/lammps/src/KOKKOS/npair_ssa_kokkos.cpp(461): warning #20011-D: calling a __host__ function("LAMMPS_NS::NPairSSAKokkosExecute< ::Kokkos::Cuda> ::~NPairSSAKokkosExecute()") from a __host__ __device__ function("LAMMPS_NS::NPairSSAKokkos< ::Kokkos::Cuda> ::build( ::LAMMPS_NS::NeighList *)::[lambda(int) (instance 1)]::~[lambda(int) (instance 1)]") is not allowed

Remark: The warnings can be suppressed with "-diag-suppress <warning-number>"

/home/guest/palash/Granular-Chains-DEM/lammps/src/KOKKOS/npair_ssa_kokkos.cpp(475): warning #20011-D: calling a __host__ function("LAMMPS_NS::NPairSSAKokkosExecute< ::Kokkos::Cuda> ::~NPairSSAKokkosExecute()") from a __host__ __device__ function("LAMMPS_NS::NPairSSAKokkos< ::Kokkos::Cuda> ::build( ::LAMMPS_NS::NeighList *)::[lambda(int) (instance 2)]::~[lambda(int) (instance 2)]") is not allowed

/home/guest/palash/Granular-Chains-DEM/lammps/src/KOKKOS/npair_ssa_kokkos.cpp(461): warning #20011-D: calling a __host__ function("LAMMPS_NS::NPairSSAKokkosExecute< ::Kokkos::OpenMP> ::~NPairSSAKokkosExecute()") from a __host__ __device__ function("LAMMPS_NS::NPairSSAKokkos< ::Kokkos::OpenMP> ::build( ::LAMMPS_NS::NeighList *)::[lambda(int) (instance 1)]::~[lambda(int) (instance 1)]") is not allowed

/home/guest/palash/Granular-Chains-DEM/lammps/src/KOKKOS/npair_ssa_kokkos.cpp(475): warning #20011-D: calling a __host__ function("LAMMPS_NS::NPairSSAKokkosExecute< ::Kokkos::OpenMP> ::~NPairSSAKokkosExecute()") from a __host__ __device__ function("LAMMPS_NS::NPairSSAKokkos< ::Kokkos::OpenMP> ::build( ::LAMMPS_NS::NeighList *)::[lambda(int) (instance 2)]::~[lambda(int) (instance 2)]") is not allowed

nvcc warning : incompatible redefinition for option 'compiler-bindir', the last value of this option was used
nvcc warning : incompatible redefinition for option 'compiler-bindir', the last value of this option was used
nvcc warning : incompatible redefinition for option 'compiler-bindir', the last value of this option was used
nvcc warning : incompatible redefinition for option 'compiler-bindir', the last value of this option was used
nvcc warning : incompatible redefinition for option 'compiler-bindir', the last value of this option was used
nvcc warning : incompatible redefinition for option 'compiler-bindir', the last value of this option was used
nvcc warning : incompatible redefinition for option 'compiler-bindir', the last value of this option was used
nvcc warning : incompatible redefinition for option 'compiler-bindir', the last value of this option was used
nvcc warning : incompatible redefinition for option 'compiler-bindir', the last value of this option was used
nvcc warning : incompatible redefinition for option 'compiler-bindir', the last value of this option was used
nvcc warning : incompatible redefinition for option 'compiler-bindir', the last value of this option was used
nvcc warning : incompatible redefinition for option 'compiler-bindir', the last value of this option was used
nvcc warning : incompatible redefinition for option 'compiler-bindir', the last value of this option was used
nvcc warning : incompatible redefinition for option 'compiler-bindir', the last value of this option was used
nvcc warning : incompatible redefinition for option 'compiler-bindir', the last value of this option was used
nvcc warning : incompatible redefinition for option 'compiler-bindir', the last value of this option was used
nvcc warning : incompatible redefinition for option 'compiler-bindir', the last value of this option was used
nvcc warning : incompatible redefinition for option 'compiler-bindir', the last value of this option was used
nvcc warning : incompatible redefinition for option 'compiler-bindir', the last value of this option was used
nvcc warning : incompatible redefinition for option 'compiler-bindir', the last value of this option was used
nvcc warning : incompatible redefinition for option 'compiler-bindir', the last value of this option was used
nvcc warning : incompatible redefinition for option 'compiler-bindir', the last value of this option was used
nvcc warning : incompatible redefinition for option 'compiler-bindir', the last value of this option was used
nvcc warning : incompatible redefinition for option 'compiler-bindir', the last value of this option was used
nvcc warning : incompatible redefinition for option 'compiler-bindir', the last value of this option was used
nvcc warning : incompatible redefinition for option 'compiler-bindir', the last value of this option was used
nvcc warning : incompatible redefinition for option 'compiler-bindir', the last value of this option was used
nvcc warning : incompatible redefinition for option 'compiler-bindir', the last value of this option was used
nvcc warning : incompatible redefinition for option 'compiler-bindir', the last value of this option was used
nvcc warning : incompatible redefinition for option 'compiler-bindir', the last value of this option was used
nvcc warning : incompatible redefinition for option 'compiler-bindir', the last value of this option was used
nvcc warning : incompatible redefinition for option 'compiler-bindir', the last value of this option was used
nvcc warning : incompatible redefinition for option 'compiler-bindir', the last value of this option was used
nvcc warning : incompatible redefinition for option 'compiler-bindir', the last value of this option was used
nvcc warning : incompatible redefinition for option 'compiler-bindir', the last value of this option was used
nvcc warning : incompatible redefinition for option 'compiler-bindir', the last value of this option was used
nvcc warning : incompatible redefinition for option 'compiler-bindir', the last value of this option was used
nvcc warning : incompatible redefinition for option 'compiler-bindir', the last value of this option was used
nvcc warning : incompatible redefinition for option 'compiler-bindir', the last value of this option was used
nvcc warning : incompatible redefinition for option 'compiler-bindir', the last value of this option was used
nvcc warning : incompatible redefinition for option 'compiler-bindir', the last value of this option was used
nvcc warning : incompatible redefinition for option 'compiler-bindir', the last value of this option was used
nvcc warning : incompatible redefinition for option 'compiler-bindir', the last value of this option was used
nvcc warning : incompatible redefinition for option 'compiler-bindir', the last value of this option was used
nvcc warning : incompatible redefinition for option 'compiler-bindir', the last value of this option was used
nvcc warning : incompatible redefinition for option 'compiler-bindir', the last value of this option was used
nvcc warning : incompatible redefinition for option 'compiler-bindir', the last value of this option was used
nvcc warning : incompatible redefinition for option 'compiler-bindir', the last value of this option was used
nvcc warning : incompatible redefinition for option 'compiler-bindir', the last value of this option was used
nvcc warning : incompatible redefinition for option 'compiler-bindir', the last value of this option was used
nvcc warning : incompatible redefinition for option 'compiler-bindir', the last value of this option was used
[100%] Linking CXX static library liblammps.a
[100%] Built target lammps
[100%] Building CXX object CMakeFiles/lmp.dir/home/guest/palash/Granular-Chains-DEM/lammps/src/main.cpp.o
[100%] Linking CXX executable lmp
[100%] Built target lmp
Step 3/3: Deploying binary to /home/guest/miniconda3/envs/gchain/bin/lmp...
==============================================================================
✅ LAMMPS Build and Deployment Successful!
Verification:
-kokkos on/off ...          : turn KOKKOS mode on or off (-k)
KOKKOS package API: CUDA OpenMP
KOKKOS package precision: double
KOKKOS FFT engine  = mpiFFT
KOKKOS FFT library = KISS
EXTRA-FIX EXTRA-MOLECULE EXTRA-PAIR FEP GRANULAR INTERLAYER KOKKOS KSPACE 
LEPTON MACHDYN MANYBODY MC MEAM MESONT MISC ML-IAP ML-POD ML-SNAP ML-UF3 MOFFF 
MOLECULE OPENMP OPT ORIENT PERI PHONON PLUGIN POEMS PYTHON QEQ REACTION REAXFF 
REPLICA RHEO RIGID SHOCK SPH SPIN SRD TALLY UEF VORONOI YAFF 
==============================================================================
